0 0 x x x
1 0 0 0 0
2 0 0 0 0
3 0 0 0 0
4 0 0 0 0
5 0 0 0 0
6 0 0 0 0
7 0 0 0 0
8 0 0 0 0
9 0 0 0 0
10 0 0 0 0
11 0 0 0 0
12 0 0 0 0
13 0 0 0 0
14 0 0 0 0
15 0 0 0 0
16 0 0 0 0
17 0 0 0 0
18 0 0 0 0
19 0 0 0 0
20 0 0 0 0
21 0 0 0 0
22 0 0 0 0
23 0 0 0 0
24 0 0 0 0
25 0 0 0 0
26 0 0 0 0
27 0 0 0 0
28 0 0 0 0
29 0 0 0 0
30 0 0 0 0
31 0 0 0 0
32 0 0 0 0
33 0 0 0 0
34 0 0 0 0
35 0 0 0 0
36 0 0 0 0
37 0 0 0 0
38 0 0 0 0
39 0 0 0 0
40 0 0 0 0
41 0 0 0 0
42 0 0 0 0
43 0 0 0 0
44 0 0 0 0
45 0 0 0 0
46 0 0 0 0
47 0 0 0 0
48 0 0 0 0
49 0 0 0 0
50 0 0 0 0
51 0 0 0 0
52 0 0 0 0
53 0 0 0 0
54 0 0 0 0
55 0 0 0 0
56 0 0 0 0
57 0 0 0 0
58 0 0 0 0
59 0 0 0 0
60 0 0 0 0
61 0 0 0 0
62 0 0 0 0
63 0 0 0 0
64 0 0 0 0
65 0 0 0 0
66 0 0 0 0
67 0 0 0 0
68 0 0 0 0
69 0 0 0 0
70 0 0 0 0
71 0 0 0 0
72 0 0 0 0
73 0 0 0 0
74 0 0 0 0
75 0 0 0 0
76 0 0 0 0
77 0 0 0 0
78 0 0 0 0
79 0 0 0 0
80 0 0 0 0
81 0 0 0 0
82 0 0 0 0
83 0 0 0 0
84 0 0 0 0
85 0 0 0 0
86 0 0 0 0
87 0 0 0 0
88 0 0 0 0
89 0 0 0 0
90 0 0 0 0
91 0 0 0 0
92 0 0 0 0
93 0 0 0 0
94 0 0 0 0
95 0 0 0 0
96 0 0 0 0
97 0 0 0 0
98 0 0 0 0
99 0 0 0 0
100 0 0 0 0
101 0 0 0 0
102 0 0 0 0
103 0 0 0 0
104 0 0 0 0
105 0 0 0 0
106 0 0 0 0
107 0 0 0 0
108 0 0 0 0
109 0 0 0 0
110 0 0 0 0
111 0 0 0 0
112 0 0 0 0
113 0 0 0 0
114 0 0 0 0
115 0 0 0 0
116 0 0 0 0
117 0 0 0 0
118 0 0 0 0
119 0 0 0 0
120 0 0 0 0
121 0 0 0 0
122 0 0 0 0
123 0 0 0 0
124 0 0 0 0
125 0 0 0 0
126 0 0 0 0
127 0 0 0 0
128 0 0 0 0
129 0 0 0 0
130 0 0 0 0
131 0 0 0 0
132 0 0 0 0
133 0 0 0 0
134 0 0 0 0
135 0 0 0 0
136 0 0 0 0
137 0 0 0 0
138 0 0 0 0
139 0 0 0 0
140 0 0 0 0
141 0 0 0 0
142 0 0 0 0
143 0 0 0 0
144 0 0 0 0
145 0 0 0 0
146 0 0 0 0
147 0 0 0 0
148 0 0 0 0
149 0 0 0 0
150 0 0 0 0
151 0 0 0 0
152 0 0 0 0
153 0 0 0 0
154 0 0 0 0
155 0 0 0 0
156 0 0 0 0
157 0 0 0 0
158 0 0 0 0
159 0 0 0 0
160 0 0 0 0
161 0 0 0 0
162 0 0 0 0
163 0 0 0 0
164 0 0 0 0
165 0 0 0 0
166 0 0 0 0
167 0 0 0 0
168 0 0 0 0
169 0 0 0 0
170 0 0 0 0
171 0 0 0 0
172 0 0 0 0
173 0 0 0 0
174 0 0 0 0
175 0 0 0 0
176 0 0 0 0
177 0 0 0 0
178 0 0 0 0
179 0 0 0 0
180 0 0 0 0
181 0 0 0 0
182 0 0 0 0
183 0 0 0 0
184 0 0 0 0
185 0 0 0 0
186 0 0 0 0
187 0 0 0 0
188 0 0 0 0
189 0 0 0 0
190 0 0 0 0
191 0 0 0 0
192 0 0 0 0
193 0 0 0 0
194 0 0 0 0
195 0 0 0 0
196 0 0 0 0
197 0 0 0 0
198 0 0 0 0
199 0 0 0 0
200 0 0 0 0
201 0 0 0 0
202 0 0 0 0
203 0 0 0 0
204 0 0 0 0
205 0 0 0 0
206 0 0 0 0
207 0 0 0 0
208 0 0 0 0
209 0 0 0 0
210 0 0 0 0
211 0 0 0 0
212 0 0 0 0
213 0 0 0 0
214 0 0 0 0
215 0 0 0 0
216 0 0 0 0
217 0 0 0 0
218 0 0 0 0
219 0 0 0 0
220 0 0 0 0
221 0 0 0 0
222 0 0 0 0
223 0 0 0 0
224 0 0 0 0
225 0 0 0 0
226 0 0 0 0
227 0 0 0 0
228 0 0 0 0
229 0 0 0 0
230 0 0 0 0
231 0 0 0 0
232 0 0 0 0
233 0 0 0 0
234 0 0 0 0
235 0 0 0 0
236 0 0 0 0
237 0 0 0 0
238 0 0 0 0
239 0 0 0 0
240 0 0 0 0
241 0 0 0 0
242 0 0 0 0
243 0 0 0 0
244 0 0 0 0
245 0 0 0 0
246 0 0 0 0
247 0 0 0 0
248 0 0 0 0
249 0 0 0 0
250 0 0 0 0
251 0 0 0 0
252 0 0 0 0
253 0 0 0 0
254 0 0 0 0
255 0 0 0 0
256 0 0 0 0
257 0 0 0 0
258 0 0 0 0
259 0 0 0 0
260 0 0 0 0
261 0 0 0 0
262 0 0 0 0
263 0 0 0 0
264 0 0 0 0
265 0 0 0 0
266 0 0 0 0
267 0 0 0 0
268 0 0 0 0
269 0 0 0 0
270 0 0 0 0
271 0 0 0 0
272 0 0 0 0
273 0 0 0 0
274 0 0 0 0
275 0 0 0 0
276 0 0 0 0
277 0 0 0 0
278 0 0 0 0
279 0 0 0 0
280 0 0 0 0
281 0 0 0 0
282 0 0 0 0
283 0 0 0 0
284 0 0 0 0
285 0 0 0 0
286 0 0 0 0
287 0 0 0 0
288 0 0 0 0
289 0 0 0 0
290 0 0 0 0
291 0 0 0 0
292 0 0 0 0
293 0 0 0 0
294 0 0 0 0
295 0 0 0 0
296 0 0 0 0
297 0 0 0 0
298 0 0 0 0
299 0 0 0 0
300 0 0 0 0
301 0 0 0 0
302 0 0 0 0
303 0 0 0 0
304 0 0 0 0
305 0 0 0 0
306 0 0 0 0
307 0 0 0 0
308 0 0 0 0
309 0 0 0 0
310 0 0 0 0
311 0 0 0 0
312 0 0 0 0
313 0 0 0 0
314 0 0 0 0
315 0 0 0 0
316 0 0 0 0
317 0 0 0 0
318 0 0 0 0
319 0 0 0 0
320 0 0 0 0
321 0 0 0 0
322 0 0 0 0
323 0 0 0 0
324 0 0 0 0
325 0 0 0 0
326 0 0 0 0
327 0 0 0 0
328 0 0 0 0
329 0 0 0 0
330 0 0 0 0
331 0 0 0 0
332 0 0 0 0
333 0 0 0 0
334 0 0 0 0
335 0 0 0 0
336 0 0 0 0
337 0 0 0 0
338 0 0 0 0
339 0 0 0 0
340 0 0 0 0
341 0 0 0 0
342 0 0 0 0
343 0 0 0 0
344 0 0 0 0
345 0 0 0 0
346 0 0 0 0
347 0 0 0 0
348 0 0 0 0
349 0 0 0 0
350 0 0 0 0
351 0 0 0 0
352 0 0 0 0
353 0 0 0 0
354 0 0 0 0
355 0 0 0 0
356 0 0 0 0
357 0 0 0 0
358 0 0 0 0
359 0 0 0 0
360 0 0 0 0
361 0 0 0 0
362 0 0 0 0
363 0 0 0 0
364 0 0 0 0
365 0 0 0 0
366 0 0 0 0
367 0 0 0 0
368 0 0 0 0
369 0 0 0 0
370 0 0 0 0
371 0 0 0 0
372 0 0 0 0
373 0 0 0 0
374 0 0 0 0
375 0 0 0 0
376 0 0 0 0
377 0 0 0 0
378 0 0 0 0
379 0 0 0 0
380 0 0 0 0
381 0 0 0 0
382 0 0 0 0
383 0 0 0 0
384 0 0 0 0
385 0 0 0 0
386 0 0 0 0
387 0 0 0 0
388 0 0 0 0
389 0 0 0 0
390 0 0 0 0
391 0 0 0 0
392 0 0 0 0
393 0 0 0 0
394 0 0 0 0
395 0 0 0 0
396 0 0 0 0
397 0 0 0 0
398 0 0 0 0
399 0 0 0 0
400 0 0 0 0
401 0 0 0 0
402 0 0 0 0
403 0 0 0 0
404 0 0 0 0
405 0 0 0 0
406 0 0 0 0
407 0 0 0 0
408 0 0 0 0
409 0 0 0 0
410 0 0 0 0
411 0 0 0 0
412 0 0 0 0
413 0 0 0 0
414 0 0 0 0
415 0 0 0 0
416 0 0 0 0
417 0 0 0 0
418 0 0 0 0
419 0 0 0 0
420 0 0 0 0
421 0 0 0 0
422 0 0 0 0
423 0 0 0 0
424 0 0 0 0
425 0 0 0 0
426 0 0 0 0
427 0 0 0 0
428 0 0 0 0
429 0 0 0 0
430 0 0 0 0
431 0 0 0 0
432 0 0 0 0
433 0 0 0 0
434 0 0 0 0
435 0 0 0 0
436 0 0 0 0
437 0 0 0 0
438 0 0 0 0
439 0 0 0 0
440 0 0 0 0
441 0 0 0 0
442 0 0 0 0
443 0 0 0 0
444 0 0 0 0
445 0 0 0 0
446 0 0 0 0
447 0 0 0 0
448 0 0 0 0
449 0 0 0 0
450 0 0 0 0
451 0 0 0 0
452 0 0 0 0
453 0 0 0 0
454 0 0 0 0
455 0 0 0 0
456 0 0 0 0
457 0 0 0 0
458 0 0 0 0
459 0 0 0 0
460 0 0 0 0
461 0 0 0 0
462 0 0 0 0
463 0 0 0 0
464 0 0 0 0
465 0 0 0 0
466 0 0 0 0
467 0 0 0 0
468 0 0 0 0
469 0 0 0 0
470 0 0 0 0
471 0 0 0 0
472 0 0 0 0
473 0 0 0 0
474 0 0 0 0
475 0 0 0 0
476 0 0 0 0
477 0 0 0 0
478 0 0 0 0
479 0 0 0 0
480 0 0 0 0
481 0 0 0 0
482 0 0 0 0
483 0 0 0 0
484 0 0 0 0
485 0 0 0 0
486 0 0 0 0
487 0 0 0 0
488 0 0 0 0
489 0 0 0 0
490 0 0 0 0
491 0 0 0 0
492 0 0 0 0
493 0 0 0 0
494 0 0 0 0
495 0 0 0 0
496 0 0 0 0
497 0 0 0 0
498 0 0 0 0
499 0 0 0 0
500 0 0 0 0
501 0 0 0 0
502 0 0 0 0
503 0 0 0 0
504 0 0 0 0
505 0 0 0 0
506 0 0 0 0
507 0 0 0 0
508 0 0 0 0
509 0 0 0 0
510 0 0 0 0
511 0 0 0 0
512 0 0 0 0
513 0 0 0 0
514 0 0 0 0
515 0 0 0 0
516 0 0 0 0
517 0 0 0 0
518 0 0 0 0
519 0 0 0 0
520 0 0 0 0
521 0 0 0 0
522 0 0 0 0
523 0 0 0 0
524 0 0 0 0
525 0 0 0 0
526 0 0 0 0
527 0 0 0 0
528 0 0 0 0
529 0 0 0 0
530 0 0 0 0
531 0 0 0 0
532 0 0 0 0
533 0 0 0 0
534 0 0 0 0
535 0 0 0 0
536 0 0 0 0
537 0 0 0 0
538 0 0 0 0
539 0 0 0 0
540 0 0 0 0
541 0 0 0 0
542 0 0 0 0
543 0 0 0 0
544 0 0 0 0
545 0 0 0 0
546 0 0 0 0
547 0 0 0 0
548 0 0 0 0
549 0 0 0 0
550 0 0 0 0
551 0 0 0 0
552 0 0 0 0
553 0 0 0 0
554 0 0 0 0
555 0 0 0 0
556 0 0 0 0
557 0 0 0 0
558 0 0 0 0
559 0 0 0 0
560 0 0 0 0
561 0 0 0 0
562 0 0 0 0
563 0 0 0 0
564 0 0 0 0
565 0 0 0 0
566 0 0 0 0
567 0 0 0 0
568 0 0 0 0
569 0 0 0 0
570 0 0 0 0
571 0 0 0 0
572 0 0 0 0
573 0 0 0 0
574 0 0 0 0
575 0 0 0 0
576 0 0 0 0
577 0 0 0 0
578 0 0 0 0
579 0 0 0 0
580 0 0 0 0
581 0 0 0 0
582 0 0 0 0
583 0 0 0 0
584 0 0 0 0
585 0 0 0 0
586 0 0 0 0
587 0 0 0 0
588 0 0 0 0
589 0 0 0 0
590 0 0 0 0
591 0 0 0 0
592 0 0 0 0
593 0 0 0 0
594 0 0 0 0
595 0 0 0 0
596 0 0 0 0
597 0 0 0 0
598 0 0 0 0
599 0 0 0 0
600 0 0 0 0
601 0 0 0 0
602 0 0 0 0
603 0 0 0 0
604 0 0 0 0
605 0 0 0 0
606 0 0 0 0
607 0 0 0 0
608 0 0 0 0
609 0 0 0 0
610 0 0 0 0
611 0 0 0 0
612 0 0 0 0
613 0 0 0 0
614 0 0 0 0
615 0 0 0 0
616 0 0 0 0
617 0 0 0 0
618 0 0 0 0
619 0 0 0 0
620 0 0 0 0
621 0 0 0 0
622 0 0 0 0
623 0 0 0 0
624 0 0 0 0
625 0 0 0 0
626 0 0 0 0
627 0 0 0 0
628 0 0 0 0
629 0 0 0 0
630 0 0 0 0
631 0 0 0 0
632 0 0 0 0
633 0 0 0 0
634 0 0 0 0
635 0 0 0 0
636 0 0 0 0
637 0 0 0 0
638 0 0 0 0
639 0 0 0 0
0 1 0 0 0
1 1 0 0 0
2 1 0 0 0
3 1 0 0 0
4 1 0 0 0
5 1 0 0 0
6 1 0 0 0
7 1 0 0 0
8 1 0 0 0
9 1 0 0 0
10 1 0 0 0
11 1 0 0 0
12 1 0 0 0
13 1 0 0 0
14 1 0 0 0
15 1 0 0 0
16 1 0 0 0
17 1 0 0 0
18 1 0 0 0
19 1 0 0 0
20 1 0 0 0
21 1 0 0 0
22 1 0 0 0
23 1 0 0 0
24 1 0 0 0
25 1 0 0 0
26 1 0 0 0
27 1 0 0 0
28 1 0 0 0
29 1 0 0 0
30 1 0 0 0
31 1 0 0 0
32 1 0 0 0
33 1 0 0 0
34 1 0 0 0
35 1 0 0 0
36 1 0 0 0
37 1 0 0 0
38 1 0 0 0
39 1 0 0 0
40 1 0 0 0
41 1 0 0 0
42 1 0 0 0
43 1 0 0 0
44 1 0 0 0
45 1 0 0 0
46 1 0 0 0
47 1 0 0 0
48 1 0 0 0
49 1 0 0 0
50 1 0 0 0
51 1 0 0 0
52 1 0 0 0
53 1 0 0 0
54 1 0 0 0
55 1 0 0 0
56 1 0 0 0
57 1 0 0 0
58 1 0 0 0
59 1 0 0 0
60 1 0 0 0
61 1 0 0 0
62 1 0 0 0
63 1 0 0 0
64 1 0 0 0
65 1 0 0 0
66 1 0 0 0
67 1 0 0 0
68 1 0 0 0
69 1 0 0 0
70 1 0 0 0
71 1 0 0 0
72 1 0 0 0
73 1 0 0 0
74 1 0 0 0
75 1 0 0 0
76 1 0 0 0
77 1 0 0 0
78 1 0 0 0
79 1 0 0 0
80 1 0 0 0
81 1 0 0 0
82 1 0 0 0
83 1 0 0 0
84 1 0 0 0
85 1 0 0 0
86 1 0 0 0
87 1 0 0 0
88 1 0 0 0
89 1 0 0 0
90 1 0 0 0
91 1 0 0 0
92 1 0 0 0
93 1 0 0 0
94 1 0 0 0
95 1 0 0 0
96 1 0 0 0
97 1 0 0 0
98 1 0 0 0
99 1 0 0 0
100 1 0 0 0
101 1 0 0 0
102 1 0 0 0
103 1 0 0 0
104 1 0 0 0
105 1 0 0 0
106 1 0 0 0
107 1 0 0 0
108 1 0 0 0
109 1 0 0 0
110 1 0 0 0
111 1 0 0 0
112 1 0 0 0
113 1 0 0 0
114 1 0 0 0
115 1 0 0 0
116 1 0 0 0
117 1 0 0 0
118 1 0 0 0
119 1 0 0 0
120 1 0 0 0
121 1 0 0 0
122 1 0 0 0
123 1 0 0 0
124 1 0 0 0
125 1 0 0 0
126 1 0 0 0
127 1 0 0 0
128 1 0 0 0
129 1 0 0 0
130 1 0 0 0
131 1 0 0 0
132 1 0 0 0
133 1 0 0 0
134 1 0 0 0
135 1 0 0 0
136 1 0 0 0
137 1 0 0 0
138 1 0 0 0
139 1 0 0 0
140 1 0 0 0
141 1 0 0 0
142 1 0 0 0
143 1 0 0 0
144 1 0 0 0
145 1 0 0 0
146 1 0 0 0
147 1 0 0 0
148 1 0 0 0
149 1 0 0 0
150 1 0 0 0
151 1 0 0 0
152 1 0 0 0
153 1 0 0 0
154 1 0 0 0
155 1 0 0 0
156 1 0 0 0
157 1 0 0 0
158 1 0 0 0
159 1 0 0 0
160 1 0 0 0
161 1 0 0 0
162 1 0 0 0
163 1 0 0 0
164 1 0 0 0
165 1 0 0 0
166 1 0 0 0
167 1 0 0 0
168 1 0 0 0
169 1 0 0 0
170 1 0 0 0
171 1 0 0 0
172 1 0 0 0
173 1 0 0 0
174 1 0 0 0
175 1 0 0 0
176 1 0 0 0
177 1 0 0 0
178 1 0 0 0
179 1 0 0 0
180 1 0 0 0
181 1 0 0 0
182 1 0 0 0
183 1 0 0 0
184 1 0 0 0
185 1 0 0 0
186 1 0 0 0
187 1 0 0 0
188 1 0 0 0
189 1 0 0 0
190 1 0 0 0
191 1 0 0 0
192 1 0 0 0
193 1 0 0 0
194 1 0 0 0
195 1 0 0 0
196 1 0 0 0
197 1 0 0 0
198 1 0 0 0
199 1 0 0 0
200 1 0 0 0
201 1 0 0 0
202 1 0 0 0
203 1 0 0 0
204 1 0 0 0
205 1 0 0 0
206 1 0 0 0
207 1 0 0 0
208 1 0 0 0
209 1 0 0 0
210 1 0 0 0
211 1 0 0 0
212 1 0 0 0
213 1 0 0 0
214 1 0 0 0
215 1 0 0 0
216 1 0 0 0
217 1 0 0 0
218 1 0 0 0
219 1 0 0 0
220 1 0 0 0
221 1 0 0 0
222 1 0 0 0
223 1 0 0 0
224 1 0 0 0
225 1 0 0 0
226 1 0 0 0
227 1 0 0 0
228 1 0 0 0
229 1 0 0 0
230 1 0 0 0
231 1 0 0 0
232 1 0 0 0
233 1 0 0 0
234 1 0 0 0
235 1 0 0 0
236 1 0 0 0
237 1 0 0 0
238 1 0 0 0
239 1 0 0 0
240 1 0 0 0
241 1 0 0 0
242 1 0 0 0
243 1 0 0 0
244 1 0 0 0
245 1 0 0 0
246 1 0 0 0
247 1 0 0 0
248 1 0 0 0
249 1 0 0 0
250 1 0 0 0
251 1 0 0 0
252 1 0 0 0
253 1 0 0 0
254 1 0 0 0
255 1 0 0 0
256 1 0 0 0
257 1 0 0 0
258 1 0 0 0
259 1 0 0 0
260 1 0 0 0
261 1 0 0 0
262 1 0 0 0
263 1 0 0 0
264 1 0 0 0
265 1 0 0 0
266 1 0 0 0
267 1 0 0 0
268 1 0 0 0
269 1 0 0 0
270 1 0 0 0
271 1 0 0 0
272 1 0 0 0
273 1 0 0 0
274 1 0 0 0
275 1 0 0 0
276 1 0 0 0
277 1 0 0 0
278 1 0 0 0
279 1 0 0 0
280 1 0 0 0
281 1 0 0 0
282 1 0 0 0
283 1 0 0 0
284 1 0 0 0
285 1 0 0 0
286 1 0 0 0
287 1 0 0 0
288 1 0 0 0
289 1 0 0 0
290 1 0 0 0
291 1 0 0 0
292 1 0 0 0
293 1 0 0 0
294 1 0 0 0
295 1 0 0 0
296 1 0 0 0
297 1 0 0 0
298 1 0 0 0
299 1 0 0 0
300 1 0 0 0
301 1 0 0 0
302 1 0 0 0
303 1 0 0 0
304 1 0 0 0
305 1 0 0 0
306 1 0 0 0
307 1 0 0 0
308 1 0 0 0
309 1 0 0 0
310 1 0 0 0
311 1 0 0 0
312 1 0 0 0
313 1 0 0 0
314 1 0 0 0
315 1 0 0 0
316 1 0 0 0
317 1 0 0 0
318 1 0 0 0
319 1 0 0 0
320 1 0 0 0
321 1 0 0 0
322 1 0 0 0
323 1 0 0 0
324 1 0 0 0
325 1 0 0 0
326 1 0 0 0
327 1 0 0 0
328 1 0 0 0
329 1 0 0 0
330 1 0 0 0
331 1 0 0 0
332 1 0 0 0
333 1 0 0 0
334 1 0 0 0
335 1 0 0 0
336 1 0 0 0
337 1 0 0 0
338 1 0 0 0
339 1 0 0 0
340 1 0 0 0
341 1 0 0 0
342 1 0 0 0
343 1 0 0 0
344 1 0 0 0
345 1 0 0 0
346 1 0 0 0
347 1 0 0 0
348 1 0 0 0
349 1 0 0 0
350 1 0 0 0
351 1 0 0 0
352 1 0 0 0
353 1 0 0 0
354 1 0 0 0
355 1 0 0 0
356 1 0 0 0
357 1 0 0 0
358 1 0 0 0
359 1 0 0 0
360 1 0 0 0
361 1 0 0 0
362 1 0 0 0
363 1 0 0 0
364 1 0 0 0
365 1 0 0 0
366 1 0 0 0
367 1 0 0 0
368 1 0 0 0
369 1 0 0 0
370 1 0 0 0
371 1 0 0 0
372 1 0 0 0
373 1 0 0 0
374 1 0 0 0
375 1 0 0 0
376 1 0 0 0
377 1 0 0 0
378 1 0 0 0
379 1 0 0 0
380 1 0 0 0
381 1 0 0 0
382 1 0 0 0
383 1 0 0 0
384 1 0 0 0
385 1 0 0 0
386 1 0 0 0
387 1 0 0 0
388 1 0 0 0
389 1 0 0 0
390 1 0 0 0
391 1 0 0 0
392 1 0 0 0
393 1 0 0 0
394 1 0 0 0
395 1 0 0 0
396 1 0 0 0
397 1 0 0 0
398 1 0 0 0
399 1 0 0 0
400 1 0 0 0
401 1 0 0 0
402 1 0 0 0
403 1 0 0 0
404 1 0 0 0
405 1 0 0 0
406 1 0 0 0
407 1 0 0 0
408 1 0 0 0
409 1 0 0 0
410 1 0 0 0
411 1 0 0 0
412 1 0 0 0
413 1 0 0 0
414 1 0 0 0
415 1 0 0 0
416 1 0 0 0
417 1 0 0 0
418 1 0 0 0
419 1 0 0 0
420 1 0 0 0
421 1 0 0 0
422 1 0 0 0
423 1 0 0 0
424 1 0 0 0
425 1 0 0 0
426 1 0 0 0
427 1 0 0 0
428 1 0 0 0
429 1 0 0 0
430 1 0 0 0
431 1 0 0 0
432 1 0 0 0
433 1 0 0 0
434 1 0 0 0
435 1 0 0 0
436 1 0 0 0
437 1 0 0 0
438 1 0 0 0
439 1 0 0 0
440 1 0 0 0
441 1 0 0 0
442 1 0 0 0
443 1 0 0 0
444 1 0 0 0
445 1 0 0 0
446 1 0 0 0
447 1 0 0 0
448 1 0 0 0
449 1 0 0 0
450 1 0 0 0
451 1 0 0 0
452 1 0 0 0
453 1 0 0 0
454 1 0 0 0
455 1 0 0 0
456 1 0 0 0
457 1 0 0 0
458 1 0 0 0
459 1 0 0 0
460 1 0 0 0
461 1 0 0 0
462 1 0 0 0
463 1 0 0 0
464 1 0 0 0
465 1 0 0 0
466 1 0 0 0
467 1 0 0 0
468 1 0 0 0
469 1 0 0 0
470 1 0 0 0
471 1 0 0 0
472 1 0 0 0
473 1 0 0 0
474 1 0 0 0
475 1 0 0 0
476 1 0 0 0
477 1 0 0 0
478 1 0 0 0
479 1 0 0 0
480 1 0 0 0
481 1 0 0 0
482 1 0 0 0
483 1 0 0 0
484 1 0 0 0
485 1 0 0 0
486 1 0 0 0
487 1 0 0 0
488 1 0 0 0
489 1 0 0 0
490 1 0 0 0
491 1 0 0 0
492 1 0 0 0
493 1 0 0 0
494 1 0 0 0
495 1 0 0 0
496 1 0 0 0
497 1 0 0 0
498 1 0 0 0
499 1 0 0 0
500 1 0 0 0
501 1 0 0 0
502 1 0 0 0
503 1 0 0 0
504 1 0 0 0
505 1 0 0 0
506 1 0 0 0
507 1 0 0 0
508 1 0 0 0
509 1 0 0 0
510 1 0 0 0
511 1 0 0 0
512 1 0 0 0
513 1 0 0 0
514 1 0 0 0
515 1 0 0 0
516 1 0 0 0
517 1 0 0 0
518 1 0 0 0
519 1 0 0 0
520 1 0 0 0
521 1 0 0 0
522 1 0 0 0
523 1 0 0 0
524 1 0 0 0
525 1 0 0 0
526 1 0 0 0
527 1 0 0 0
528 1 0 0 0
529 1 0 0 0
530 1 0 0 0
531 1 0 0 0
532 1 0 0 0
533 1 0 0 0
534 1 0 0 0
535 1 0 0 0
536 1 0 0 0
537 1 0 0 0
538 1 0 0 0
539 1 0 0 0
540 1 0 0 0
541 1 0 0 0
542 1 0 0 0
543 1 0 0 0
544 1 0 0 0
545 1 0 0 0
546 1 0 0 0
547 1 0 0 0
548 1 0 0 0
549 1 0 0 0
550 1 0 0 0
551 1 0 0 0
552 1 0 0 0
553 1 0 0 0
554 1 0 0 0
555 1 0 0 0
556 1 0 0 0
557 1 0 0 0
558 1 0 0 0
559 1 0 0 0
560 1 0 0 0
561 1 0 0 0
562 1 0 0 0
563 1 0 0 0
564 1 0 0 0
565 1 0 0 0
566 1 0 0 0
567 1 0 0 0
568 1 0 0 0
569 1 0 0 0
570 1 0 0 0
571 1 0 0 0
572 1 0 0 0
573 1 0 0 0
574 1 0 0 0
575 1 0 0 0
576 1 0 0 0
577 1 0 0 0
578 1 0 0 0
579 1 0 0 0
580 1 0 0 0
581 1 0 0 0
582 1 0 0 0
583 1 0 0 0
584 1 0 0 0
585 1 0 0 0
586 1 0 0 0
587 1 0 0 0
588 1 0 0 0
589 1 0 0 0
590 1 0 0 0
591 1 0 0 0
592 1 0 0 0
593 1 0 0 0
594 1 0 0 0
595 1 0 0 0
596 1 0 0 0
597 1 0 0 0
598 1 0 0 0
599 1 0 0 0
600 1 0 0 0
601 1 0 0 0
602 1 0 0 0
603 1 0 0 0
604 1 0 0 0
605 1 0 0 0
606 1 0 0 0
607 1 0 0 0
608 1 0 0 0
609 1 0 0 0
610 1 0 0 0
611 1 0 0 0
612 1 0 0 0
613 1 0 0 0
614 1 0 0 0
615 1 0 0 0
616 1 0 0 0
617 1 0 0 0
618 1 0 0 0
619 1 0 0 0
620 1 0 0 0
621 1 0 0 0
622 1 0 0 0
623 1 0 0 0
624 1 0 0 0
625 1 0 0 0
626 1 0 0 0
627 1 0 0 0
628 1 0 0 0
629 1 0 0 0
630 1 0 0 0
631 1 0 0 0
632 1 0 0 0
633 1 0 0 0
634 1 0 0 0
635 1 0 0 0
636 1 0 0 0
637 1 0 0 0
638 1 0 0 0
639 1 0 0 0
0 2 0 0 0
1 2 0 0 0
2 2 0 0 0
3 2 0 0 0
4 2 0 0 0
5 2 0 0 0
6 2 0 0 0
7 2 0 0 0
8 2 0 0 0
9 2 0 0 0
10 2 0 0 0
11 2 0 0 0
12 2 0 0 0
13 2 0 0 0
14 2 0 0 0
15 2 0 0 0
16 2 0 0 0
17 2 0 0 0
18 2 0 0 0
19 2 0 0 0
20 2 0 0 0
21 2 0 0 0
22 2 0 0 0
23 2 0 0 0
24 2 0 0 0
25 2 0 0 0
26 2 0 0 0
27 2 0 0 0
28 2 0 0 0
29 2 0 0 0
30 2 0 0 0
31 2 0 0 0
32 2 0 0 0
33 2 0 0 0
34 2 0 0 0
35 2 0 0 0
36 2 0 0 0
37 2 0 0 0
38 2 0 0 0
39 2 0 0 0
40 2 0 0 0
41 2 0 0 0
42 2 0 0 0
43 2 0 0 0
44 2 0 0 0
45 2 0 0 0
46 2 0 0 0
47 2 0 0 0
48 2 0 0 0
49 2 0 0 0
50 2 0 0 0
51 2 0 0 0
52 2 0 0 0
53 2 0 0 0
54 2 0 0 0
55 2 0 0 0
56 2 0 0 0
57 2 0 0 0
58 2 0 0 0
59 2 0 0 0
60 2 0 0 0
61 2 0 0 0
62 2 0 0 0
63 2 0 0 0
64 2 0 0 0
65 2 0 0 0
66 2 0 0 0
67 2 0 0 0
68 2 0 0 0
69 2 0 0 0
70 2 0 0 0
71 2 0 0 0
72 2 0 0 0
73 2 0 0 0
74 2 0 0 0
75 2 0 0 0
76 2 0 0 0
77 2 0 0 0
78 2 0 0 0
79 2 0 0 0
80 2 0 0 0
81 2 0 0 0
82 2 0 0 0
83 2 0 0 0
84 2 0 0 0
85 2 0 0 0
86 2 0 0 0
87 2 0 0 0
88 2 0 0 0
89 2 0 0 0
90 2 0 0 0
91 2 0 0 0
92 2 0 0 0
93 2 0 0 0
94 2 0 0 0
95 2 0 0 0
96 2 0 0 0
97 2 0 0 0
98 2 0 0 0
99 2 0 0 0
100 2 0 0 0
101 2 0 0 0
102 2 0 0 0
103 2 0 0 0
104 2 0 0 0
105 2 0 0 0
106 2 0 0 0
107 2 0 0 0
108 2 0 0 0
109 2 0 0 0
110 2 0 0 0
111 2 0 0 0
112 2 0 0 0
113 2 0 0 0
114 2 0 0 0
115 2 0 0 0
116 2 0 0 0
117 2 0 0 0
118 2 0 0 0
119 2 0 0 0
120 2 0 0 0
121 2 0 0 0
122 2 0 0 0
123 2 0 0 0
124 2 0 0 0
125 2 0 0 0
126 2 0 0 0
127 2 0 0 0
128 2 0 0 0
129 2 0 0 0
130 2 0 0 0
131 2 0 0 0
132 2 0 0 0
133 2 0 0 0
134 2 0 0 0
135 2 0 0 0
136 2 0 0 0
137 2 0 0 0
138 2 0 0 0
139 2 0 0 0
140 2 0 0 0
141 2 0 0 0
142 2 0 0 0
143 2 0 0 0
144 2 0 0 0
145 2 0 0 0
146 2 0 0 0
147 2 0 0 0
148 2 0 0 0
149 2 0 0 0
150 2 0 0 0
151 2 0 0 0
152 2 0 0 0
153 2 0 0 0
154 2 0 0 0
155 2 0 0 0
156 2 0 0 0
157 2 0 0 0
158 2 0 0 0
159 2 0 0 0
160 2 0 0 0
161 2 0 0 0
162 2 0 0 0
163 2 0 0 0
164 2 0 0 0
165 2 0 0 0
166 2 0 0 0
167 2 0 0 0
168 2 0 0 0
169 2 0 0 0
170 2 0 0 0
171 2 0 0 0
172 2 0 0 0
173 2 0 0 0
174 2 0 0 0
175 2 0 0 0
176 2 0 0 0
177 2 0 0 0
178 2 0 0 0
179 2 0 0 0
180 2 0 0 0
181 2 0 0 0
182 2 0 0 0
183 2 0 0 0
184 2 0 0 0
185 2 0 0 0
186 2 0 0 0
187 2 0 0 0
188 2 0 0 0
189 2 0 0 0
190 2 0 0 0
191 2 0 0 0
192 2 0 0 0
193 2 0 0 0
194 2 0 0 0
195 2 0 0 0
196 2 0 0 0
197 2 0 0 0
198 2 0 0 0
199 2 0 0 0
200 2 0 0 0
201 2 0 0 0
202 2 0 0 0
203 2 0 0 0
204 2 0 0 0
205 2 0 0 0
206 2 0 0 0
207 2 0 0 0
208 2 0 0 0
209 2 0 0 0
210 2 0 0 0
211 2 0 0 0
212 2 0 0 0
213 2 0 0 0
214 2 0 0 0
215 2 0 0 0
216 2 0 0 0
217 2 0 0 0
218 2 0 0 0
219 2 0 0 0
220 2 0 0 0
221 2 0 0 0
222 2 0 0 0
223 2 0 0 0
224 2 0 0 0
225 2 0 0 0
226 2 0 0 0
227 2 0 0 0
228 2 0 0 0
229 2 0 0 0
230 2 0 0 0
231 2 0 0 0
232 2 0 0 0
233 2 0 0 0
234 2 0 0 0
235 2 0 0 0
236 2 0 0 0
237 2 0 0 0
238 2 0 0 0
239 2 0 0 0
240 2 0 0 0
241 2 0 0 0
242 2 0 0 0
243 2 0 0 0
244 2 0 0 0
245 2 0 0 0
246 2 0 0 0
247 2 0 0 0
248 2 0 0 0
249 2 0 0 0
250 2 0 0 0
251 2 0 0 0
252 2 0 0 0
253 2 0 0 0
254 2 0 0 0
255 2 0 0 0
256 2 0 0 0
257 2 0 0 0
258 2 0 0 0
259 2 0 0 0
260 2 0 0 0
261 2 0 0 0
262 2 0 0 0
263 2 0 0 0
264 2 0 0 0
265 2 0 0 0
266 2 0 0 0
267 2 0 0 0
268 2 0 0 0
269 2 0 0 0
270 2 0 0 0
271 2 0 0 0
272 2 0 0 0
273 2 0 0 0
274 2 0 0 0
275 2 0 0 0
276 2 0 0 0
277 2 0 0 0
278 2 0 0 0
279 2 0 0 0
280 2 0 0 0
281 2 0 0 0
282 2 0 0 0
283 2 0 0 0
284 2 0 0 0
285 2 0 0 0
286 2 0 0 0
287 2 0 0 0
288 2 0 0 0
289 2 0 0 0
290 2 0 0 0
291 2 0 0 0
292 2 0 0 0
293 2 0 0 0
294 2 0 0 0
295 2 0 0 0
296 2 0 0 0
297 2 0 0 0
298 2 0 0 0
299 2 0 0 0
300 2 0 0 0
301 2 0 0 0
302 2 0 0 0
303 2 0 0 0
304 2 0 0 0
305 2 0 0 0
306 2 0 0 0
307 2 0 0 0
308 2 0 0 0
309 2 0 0 0
310 2 0 0 0
311 2 0 0 0
312 2 0 0 0
313 2 0 0 0
314 2 0 0 0
315 2 0 0 0
316 2 0 0 0
317 2 0 0 0
318 2 0 0 0
319 2 0 0 0
320 2 0 0 0
321 2 0 0 0
322 2 0 0 0
323 2 0 0 0
324 2 0 0 0
325 2 0 0 0
326 2 0 0 0
327 2 0 0 0
328 2 0 0 0
329 2 0 0 0
330 2 0 0 0
331 2 0 0 0
332 2 0 0 0
333 2 0 0 0
334 2 0 0 0
335 2 0 0 0
336 2 0 0 0
337 2 0 0 0
338 2 0 0 0
339 2 0 0 0
340 2 0 0 0
341 2 0 0 0
342 2 0 0 0
343 2 0 0 0
344 2 0 0 0
345 2 0 0 0
346 2 0 0 0
347 2 0 0 0
348 2 0 0 0
349 2 0 0 0
350 2 0 0 0
351 2 0 0 0
352 2 0 0 0
353 2 0 0 0
354 2 0 0 0
355 2 0 0 0
356 2 0 0 0
357 2 0 0 0
358 2 0 0 0
359 2 0 0 0
360 2 0 0 0
361 2 0 0 0
362 2 0 0 0
363 2 0 0 0
364 2 0 0 0
365 2 0 0 0
366 2 0 0 0
367 2 0 0 0
368 2 0 0 0
369 2 0 0 0
370 2 0 0 0
371 2 0 0 0
372 2 0 0 0
373 2 0 0 0
374 2 0 0 0
375 2 0 0 0
376 2 0 0 0
377 2 0 0 0
378 2 0 0 0
379 2 0 0 0
380 2 0 0 0
381 2 0 0 0
382 2 0 0 0
383 2 0 0 0
384 2 0 0 0
385 2 0 0 0
386 2 0 0 0
387 2 0 0 0
388 2 0 0 0
389 2 0 0 0
390 2 0 0 0
391 2 0 0 0
392 2 0 0 0
393 2 0 0 0
394 2 0 0 0
395 2 0 0 0
396 2 0 0 0
397 2 0 0 0
398 2 0 0 0
399 2 0 0 0
400 2 0 0 0
401 2 0 0 0
402 2 0 0 0
403 2 0 0 0
404 2 0 0 0
405 2 0 0 0
406 2 0 0 0
407 2 0 0 0
408 2 0 0 0
409 2 0 0 0
410 2 0 0 0
411 2 0 0 0
412 2 0 0 0
413 2 0 0 0
414 2 0 0 0
415 2 0 0 0
416 2 0 0 0
417 2 0 0 0
418 2 0 0 0
419 2 0 0 0
420 2 0 0 0
421 2 0 0 0
422 2 0 0 0
423 2 0 0 0
424 2 0 0 0
425 2 0 0 0
426 2 0 0 0
427 2 0 0 0
428 2 0 0 0
429 2 0 0 0
430 2 0 0 0
431 2 0 0 0
432 2 0 0 0
433 2 0 0 0
434 2 0 0 0
435 2 0 0 0
436 2 0 0 0
437 2 0 0 0
438 2 0 0 0
439 2 0 0 0
440 2 0 0 0
441 2 0 0 0
442 2 0 0 0
443 2 0 0 0
444 2 0 0 0
445 2 0 0 0
446 2 0 0 0
447 2 0 0 0
448 2 0 0 0
449 2 0 0 0
450 2 0 0 0
451 2 0 0 0
452 2 0 0 0
453 2 0 0 0
454 2 0 0 0
455 2 0 0 0
456 2 0 0 0
457 2 0 0 0
458 2 0 0 0
459 2 0 0 0
460 2 0 0 0
461 2 0 0 0
462 2 0 0 0
463 2 0 0 0
464 2 0 0 0
465 2 0 0 0
466 2 0 0 0
467 2 0 0 0
468 2 0 0 0
469 2 0 0 0
470 2 0 0 0
471 2 0 0 0
472 2 0 0 0
473 2 0 0 0
474 2 0 0 0
475 2 0 0 0
476 2 0 0 0
477 2 0 0 0
478 2 0 0 0
479 2 0 0 0
480 2 0 0 0
481 2 0 0 0
482 2 0 0 0
483 2 0 0 0
484 2 0 0 0
485 2 0 0 0
486 2 0 0 0
487 2 0 0 0
488 2 0 0 0
489 2 0 0 0
490 2 0 0 0
491 2 0 0 0
492 2 0 0 0
493 2 0 0 0
494 2 0 0 0
495 2 0 0 0
496 2 0 0 0
497 2 0 0 0
498 2 0 0 0
499 2 0 0 0
500 2 0 0 0
501 2 0 0 0
502 2 0 0 0
503 2 0 0 0
504 2 0 0 0
505 2 0 0 0
506 2 0 0 0
507 2 0 0 0
508 2 0 0 0
509 2 0 0 0
510 2 0 0 0
511 2 0 0 0
512 2 0 0 0
513 2 0 0 0
514 2 0 0 0
515 2 0 0 0
516 2 0 0 0
517 2 0 0 0
518 2 0 0 0
519 2 0 0 0
520 2 0 0 0
521 2 0 0 0
522 2 0 0 0
523 2 0 0 0
524 2 0 0 0
525 2 0 0 0
526 2 0 0 0
527 2 0 0 0
528 2 0 0 0
529 2 0 0 0
530 2 0 0 0
531 2 0 0 0
532 2 0 0 0
533 2 0 0 0
534 2 0 0 0
535 2 0 0 0
536 2 0 0 0
537 2 0 0 0
538 2 0 0 0
539 2 0 0 0
540 2 0 0 0
541 2 0 0 0
542 2 0 0 0
543 2 0 0 0
544 2 0 0 0
545 2 0 0 0
546 2 0 0 0
547 2 0 0 0
548 2 0 0 0
549 2 0 0 0
550 2 0 0 0
551 2 0 0 0
552 2 0 0 0
553 2 0 0 0
554 2 0 0 0
555 2 0 0 0
556 2 0 0 0
557 2 0 0 0
558 2 0 0 0
559 2 0 0 0
560 2 0 0 0
561 2 0 0 0
562 2 0 0 0
563 2 0 0 0
564 2 0 0 0
565 2 0 0 0
566 2 0 0 0
567 2 0 0 0
568 2 0 0 0
569 2 0 0 0
570 2 0 0 0
571 2 0 0 0
572 2 0 0 0
573 2 0 0 0
574 2 0 0 0
575 2 0 0 0
576 2 0 0 0
577 2 0 0 0
578 2 0 0 0
579 2 0 0 0
580 2 0 0 0
581 2 0 0 0
582 2 0 0 0
583 2 0 0 0
584 2 0 0 0
585 2 0 0 0
586 2 0 0 0
587 2 0 0 0
588 2 0 0 0
589 2 0 0 0
590 2 0 0 0
591 2 0 0 0
592 2 0 0 0
593 2 0 0 0
594 2 0 0 0
595 2 0 0 0
596 2 0 0 0
597 2 0 0 0
598 2 0 0 0
599 2 0 0 0
600 2 0 0 0
601 2 0 0 0
602 2 0 0 0
603 2 0 0 0
604 2 0 0 0
605 2 0 0 0
606 2 0 0 0
607 2 0 0 0
608 2 0 0 0
609 2 0 0 0
610 2 0 0 0
611 2 0 0 0
612 2 0 0 0
613 2 0 0 0
614 2 0 0 0
615 2 0 0 0
616 2 0 0 0
617 2 0 0 0
618 2 0 0 0
619 2 0 0 0
620 2 0 0 0
621 2 0 0 0
622 2 0 0 0
623 2 0 0 0
624 2 0 0 0
625 2 0 0 0
626 2 0 0 0
627 2 0 0 0
628 2 0 0 0
629 2 0 0 0
630 2 0 0 0
631 2 0 0 0
632 2 0 0 0
633 2 0 0 0
634 2 0 0 0
635 2 0 0 0
636 2 0 0 0
637 2 0 0 0
638 2 0 0 0
639 2 0 0 0
0 3 0 0 0
1 3 0 0 0
2 3 0 0 0
3 3 0 0 0
4 3 0 0 0
5 3 0 0 0
6 3 0 0 0
7 3 0 0 0
8 3 0 0 0
9 3 0 0 0
10 3 0 0 0
11 3 0 0 0
12 3 0 0 0
13 3 0 0 0
14 3 0 0 0
15 3 0 0 0
16 3 0 0 0
17 3 0 0 0
18 3 0 0 0
19 3 0 0 0
20 3 0 0 0
21 3 0 0 0
22 3 0 0 0
23 3 0 0 0
24 3 0 0 0
25 3 0 0 0
26 3 0 0 0
27 3 0 0 0
28 3 0 0 0
29 3 0 0 0
30 3 0 0 0
31 3 0 0 0
32 3 0 0 0
33 3 0 0 0
34 3 0 0 0
35 3 0 0 0
36 3 0 0 0
37 3 0 0 0
38 3 0 0 0
39 3 0 0 0
40 3 0 0 0
41 3 0 0 0
42 3 0 0 0
43 3 0 0 0
44 3 0 0 0
45 3 0 0 0
46 3 0 0 0
47 3 0 0 0
48 3 0 0 0
49 3 0 0 0
50 3 0 0 0
51 3 0 0 0
52 3 0 0 0
53 3 0 0 0
54 3 0 0 0
55 3 0 0 0
56 3 0 0 0
57 3 0 0 0
58 3 0 0 0
59 3 0 0 0
60 3 0 0 0
61 3 0 0 0
62 3 0 0 0
63 3 0 0 0
64 3 0 0 0
65 3 0 0 0
66 3 0 0 0
67 3 0 0 0
68 3 0 0 0
69 3 0 0 0
70 3 0 0 0
71 3 0 0 0
72 3 0 0 0
73 3 0 0 0
74 3 0 0 0
75 3 0 0 0
76 3 0 0 0
77 3 0 0 0
78 3 0 0 0
79 3 0 0 0
80 3 0 0 0
81 3 0 0 0
82 3 0 0 0
83 3 0 0 0
84 3 0 0 0
85 3 0 0 0
86 3 0 0 0
87 3 0 0 0
88 3 0 0 0
89 3 0 0 0
90 3 0 0 0
91 3 0 0 0
92 3 0 0 0
93 3 0 0 0
94 3 0 0 0
95 3 0 0 0
96 3 0 0 0
97 3 0 0 0
98 3 0 0 0
99 3 0 0 0
100 3 0 0 0
101 3 0 0 0
102 3 0 0 0
103 3 0 0 0
104 3 0 0 0
105 3 0 0 0
106 3 0 0 0
107 3 0 0 0
108 3 0 0 0
109 3 0 0 0
110 3 0 0 0
111 3 0 0 0
112 3 0 0 0
113 3 0 0 0
114 3 0 0 0
115 3 0 0 0
116 3 0 0 0
117 3 0 0 0
118 3 0 0 0
119 3 0 0 0
120 3 0 0 0
121 3 0 0 0
122 3 0 0 0
123 3 0 0 0
124 3 0 0 0
125 3 0 0 0
126 3 0 0 0
127 3 0 0 0
128 3 0 0 0
129 3 0 0 0
130 3 0 0 0
131 3 0 0 0
132 3 0 0 0
133 3 0 0 0
134 3 0 0 0
135 3 0 0 0
136 3 0 0 0
137 3 0 0 0
138 3 0 0 0
139 3 0 0 0
140 3 0 0 0
141 3 0 0 0
142 3 0 0 0
143 3 0 0 0
144 3 0 0 0
145 3 0 0 0
146 3 0 0 0
147 3 0 0 0
148 3 0 0 0
149 3 0 0 0
150 3 0 0 0
151 3 0 0 0
152 3 0 0 0
153 3 0 0 0
154 3 0 0 0
155 3 0 0 0
156 3 0 0 0
157 3 0 0 0
158 3 0 0 0
159 3 0 0 0
160 3 0 0 0
161 3 0 0 0
162 3 0 0 0
163 3 0 0 0
164 3 0 0 0
165 3 0 0 0
166 3 0 0 0
167 3 0 0 0
168 3 0 0 0
169 3 0 0 0
170 3 0 0 0
171 3 0 0 0
172 3 0 0 0
173 3 0 0 0
174 3 0 0 0
175 3 0 0 0
176 3 0 0 0
177 3 0 0 0
178 3 0 0 0
179 3 0 0 0
180 3 0 0 0
181 3 0 0 0
182 3 0 0 0
183 3 0 0 0
184 3 0 0 0
185 3 0 0 0
186 3 0 0 0
187 3 0 0 0
188 3 0 0 0
189 3 0 0 0
190 3 0 0 0
191 3 0 0 0
192 3 0 0 0
193 3 0 0 0
194 3 0 0 0
195 3 0 0 0
196 3 0 0 0
197 3 0 0 0
198 3 0 0 0
199 3 0 0 0
200 3 0 0 0
201 3 0 0 0
202 3 0 0 0
203 3 0 0 0
204 3 0 0 0
205 3 0 0 0
206 3 0 0 0
207 3 0 0 0
208 3 0 0 0
209 3 0 0 0
210 3 0 0 0
211 3 0 0 0
212 3 0 0 0
213 3 0 0 0
214 3 0 0 0
215 3 0 0 0
216 3 0 0 0
217 3 0 0 0
218 3 0 0 0
219 3 0 0 0
220 3 0 0 0
221 3 0 0 0
222 3 0 0 0
223 3 0 0 0
224 3 0 0 0
225 3 0 0 0
226 3 0 0 0
227 3 0 0 0
228 3 0 0 0
229 3 0 0 0
230 3 0 0 0
231 3 0 0 0
232 3 0 0 0
233 3 0 0 0
234 3 0 0 0
235 3 0 0 0
236 3 0 0 0
237 3 0 0 0
238 3 0 0 0
239 3 0 0 0
240 3 0 0 0
241 3 0 0 0
242 3 0 0 0
243 3 0 0 0
244 3 0 0 0
245 3 0 0 0
246 3 0 0 0
247 3 0 0 0
248 3 0 0 0
249 3 0 0 0
250 3 0 0 0
251 3 0 0 0
252 3 0 0 0
253 3 0 0 0
254 3 0 0 0
255 3 0 0 0
256 3 0 0 0
257 3 0 0 0
258 3 0 0 0
259 3 0 0 0
260 3 0 0 0
261 3 0 0 0
262 3 0 0 0
263 3 0 0 0
264 3 0 0 0
265 3 0 0 0
266 3 0 0 0
267 3 0 0 0
268 3 0 0 0
269 3 0 0 0
270 3 0 0 0
271 3 0 0 0
272 3 0 0 0
273 3 0 0 0
274 3 0 0 0
275 3 0 0 0
276 3 0 0 0
277 3 0 0 0
278 3 0 0 0
279 3 0 0 0
280 3 0 0 0
281 3 0 0 0
282 3 0 0 0
283 3 0 0 0
284 3 0 0 0
285 3 0 0 0
286 3 0 0 0
287 3 0 0 0
288 3 0 0 0
289 3 0 0 0
290 3 0 0 0
291 3 0 0 0
292 3 0 0 0
293 3 0 0 0
294 3 0 0 0
295 3 0 0 0
296 3 0 0 0
297 3 0 0 0
298 3 0 0 0
299 3 0 0 0
300 3 0 0 0
301 3 0 0 0
302 3 0 0 0
303 3 0 0 0
304 3 0 0 0
305 3 0 0 0
306 3 0 0 0
307 3 0 0 0
308 3 0 0 0
309 3 0 0 0
310 3 0 0 0
311 3 0 0 0
312 3 0 0 0
313 3 0 0 0
314 3 0 0 0
315 3 0 0 0
316 3 0 0 0
317 3 0 0 0
318 3 0 0 0
319 3 0 0 0
320 3 0 0 0
321 3 0 0 0
322 3 0 0 0
323 3 0 0 0
324 3 0 0 0
325 3 0 0 0
326 3 0 0 0
327 3 0 0 0
328 3 0 0 0
329 3 0 0 0
330 3 0 0 0
331 3 0 0 0
332 3 0 0 0
333 3 0 0 0
334 3 0 0 0
335 3 0 0 0
336 3 0 0 0
337 3 0 0 0
338 3 0 0 0
339 3 0 0 0
340 3 0 0 0
341 3 0 0 0
342 3 0 0 0
343 3 0 0 0
344 3 0 0 0
345 3 0 0 0
346 3 0 0 0
347 3 0 0 0
348 3 0 0 0
349 3 0 0 0
350 3 0 0 0
351 3 0 0 0
352 3 0 0 0
353 3 0 0 0
354 3 0 0 0
355 3 0 0 0
356 3 0 0 0
357 3 0 0 0
358 3 0 0 0
359 3 0 0 0
360 3 0 0 0
361 3 0 0 0
362 3 0 0 0
363 3 0 0 0
364 3 0 0 0
365 3 0 0 0
366 3 0 0 0
367 3 0 0 0
368 3 0 0 0
369 3 0 0 0
370 3 0 0 0
371 3 0 0 0
372 3 0 0 0
373 3 0 0 0
374 3 0 0 0
375 3 0 0 0
376 3 0 0 0
377 3 0 0 0
378 3 0 0 0
379 3 0 0 0
380 3 0 0 0
381 3 0 0 0
382 3 0 0 0
383 3 0 0 0
384 3 0 0 0
385 3 0 0 0
386 3 0 0 0
387 3 0 0 0
388 3 0 0 0
389 3 0 0 0
390 3 0 0 0
391 3 0 0 0
392 3 0 0 0
393 3 0 0 0
394 3 0 0 0
395 3 0 0 0
396 3 0 0 0
397 3 0 0 0
398 3 0 0 0
399 3 0 0 0
400 3 0 0 0
401 3 0 0 0
402 3 0 0 0
403 3 0 0 0
404 3 0 0 0
405 3 0 0 0
406 3 0 0 0
407 3 0 0 0
408 3 0 0 0
409 3 0 0 0
410 3 0 0 0
411 3 0 0 0
412 3 0 0 0
413 3 0 0 0
414 3 0 0 0
415 3 0 0 0
416 3 0 0 0
417 3 0 0 0
418 3 0 0 0
419 3 0 0 0
420 3 0 0 0
421 3 0 0 0
422 3 0 0 0
423 3 0 0 0
424 3 0 0 0
425 3 0 0 0
426 3 0 0 0
427 3 0 0 0
428 3 0 0 0
429 3 0 0 0
430 3 0 0 0
431 3 0 0 0
432 3 0 0 0
433 3 0 0 0
434 3 0 0 0
435 3 0 0 0
436 3 0 0 0
437 3 0 0 0
438 3 0 0 0
439 3 0 0 0
440 3 0 0 0
441 3 0 0 0
442 3 0 0 0
443 3 0 0 0
444 3 0 0 0
445 3 0 0 0
446 3 0 0 0
447 3 0 0 0
448 3 0 0 0
449 3 0 0 0
450 3 0 0 0
451 3 0 0 0
452 3 0 0 0
453 3 0 0 0
454 3 0 0 0
455 3 0 0 0
456 3 0 0 0
457 3 0 0 0
458 3 0 0 0
459 3 0 0 0
460 3 0 0 0
461 3 0 0 0
462 3 0 0 0
463 3 0 0 0
464 3 0 0 0
465 3 0 0 0
466 3 0 0 0
467 3 0 0 0
468 3 0 0 0
469 3 0 0 0
470 3 0 0 0
471 3 0 0 0
472 3 0 0 0
473 3 0 0 0
474 3 0 0 0
475 3 0 0 0
476 3 0 0 0
477 3 0 0 0
478 3 0 0 0
479 3 0 0 0
480 3 0 0 0
481 3 0 0 0
482 3 0 0 0
483 3 0 0 0
484 3 0 0 0
485 3 0 0 0
486 3 0 0 0
487 3 0 0 0
488 3 0 0 0
489 3 0 0 0
490 3 0 0 0
491 3 0 0 0
492 3 0 0 0
493 3 0 0 0
494 3 0 0 0
495 3 0 0 0
496 3 0 0 0
497 3 0 0 0
498 3 0 0 0
499 3 0 0 0
500 3 0 0 0
501 3 0 0 0
502 3 0 0 0
503 3 0 0 0
504 3 0 0 0
505 3 0 0 0
506 3 0 0 0
507 3 0 0 0
508 3 0 0 0
509 3 0 0 0
510 3 0 0 0
511 3 0 0 0
512 3 0 0 0
513 3 0 0 0
514 3 0 0 0
515 3 0 0 0
516 3 0 0 0
517 3 0 0 0
518 3 0 0 0
519 3 0 0 0
520 3 0 0 0
521 3 0 0 0
522 3 0 0 0
523 3 0 0 0
524 3 0 0 0
525 3 0 0 0
526 3 0 0 0
527 3 0 0 0
528 3 0 0 0
529 3 0 0 0
530 3 0 0 0
531 3 0 0 0
532 3 0 0 0
533 3 0 0 0
534 3 0 0 0
535 3 0 0 0
536 3 0 0 0
537 3 0 0 0
538 3 0 0 0
539 3 0 0 0
540 3 0 0 0
541 3 0 0 0
542 3 0 0 0
543 3 0 0 0
544 3 0 0 0
545 3 0 0 0
546 3 0 0 0
547 3 0 0 0
548 3 0 0 0
549 3 0 0 0
550 3 0 0 0
551 3 0 0 0
552 3 0 0 0
553 3 0 0 0
554 3 0 0 0
555 3 0 0 0
556 3 0 0 0
557 3 0 0 0
558 3 0 0 0
559 3 0 0 0
560 3 0 0 0
561 3 0 0 0
562 3 0 0 0
563 3 0 0 0
564 3 0 0 0
565 3 0 0 0
566 3 0 0 0
567 3 0 0 0
568 3 0 0 0
569 3 0 0 0
570 3 0 0 0
571 3 0 0 0
572 3 0 0 0
573 3 0 0 0
574 3 0 0 0
575 3 0 0 0
576 3 0 0 0
577 3 0 0 0
578 3 0 0 0
579 3 0 0 0
580 3 0 0 0
581 3 0 0 0
582 3 0 0 0
583 3 0 0 0
584 3 0 0 0
585 3 0 0 0
586 3 0 0 0
587 3 0 0 0
588 3 0 0 0
589 3 0 0 0
590 3 0 0 0
591 3 0 0 0
592 3 0 0 0
593 3 0 0 0
594 3 0 0 0
595 3 0 0 0
596 3 0 0 0
597 3 0 0 0
598 3 0 0 0
599 3 0 0 0
600 3 0 0 0
601 3 0 0 0
602 3 0 0 0
603 3 0 0 0
604 3 0 0 0
605 3 0 0 0
606 3 0 0 0
607 3 0 0 0
608 3 0 0 0
609 3 0 0 0
610 3 0 0 0
611 3 0 0 0
612 3 0 0 0
613 3 0 0 0
614 3 0 0 0
615 3 0 0 0
616 3 0 0 0
617 3 0 0 0
618 3 0 0 0
619 3 0 0 0
620 3 0 0 0
621 3 0 0 0
622 3 0 0 0
623 3 0 0 0
624 3 0 0 0
625 3 0 0 0
626 3 0 0 0
627 3 0 0 0
628 3 0 0 0
629 3 0 0 0
630 3 0 0 0
631 3 0 0 0
632 3 0 0 0
633 3 0 0 0
634 3 0 0 0
635 3 0 0 0
636 3 0 0 0
637 3 0 0 0
638 3 0 0 0
639 3 0 0 0
0 4 0 0 0
1 4 0 0 0
2 4 0 0 0
3 4 0 0 0
4 4 0 0 0
5 4 0 0 0
6 4 0 0 0
7 4 0 0 0
8 4 0 0 0
9 4 0 0 0
10 4 0 0 0
11 4 0 0 0
12 4 0 0 0
13 4 0 0 0
14 4 0 0 0
15 4 0 0 0
16 4 0 0 0
17 4 0 0 0
18 4 0 0 0
19 4 0 0 0
20 4 0 0 0
21 4 0 0 0
22 4 0 0 0
23 4 0 0 0
24 4 0 0 0
25 4 0 0 0
26 4 0 0 0
27 4 0 0 0
28 4 0 0 0
29 4 0 0 0
30 4 0 0 0
31 4 0 0 0
32 4 0 0 0
33 4 0 0 0
34 4 0 0 0
35 4 0 0 0
36 4 0 0 0
37 4 0 0 0
38 4 0 0 0
39 4 0 0 0
40 4 0 0 0
41 4 0 0 0
42 4 0 0 0
43 4 0 0 0
44 4 0 0 0
45 4 0 0 0
46 4 0 0 0
47 4 0 0 0
48 4 0 0 0
49 4 0 0 0
50 4 0 0 0
51 4 0 0 0
52 4 0 0 0
53 4 0 0 0
54 4 0 0 0
55 4 0 0 0
56 4 0 0 0
57 4 0 0 0
58 4 0 0 0
59 4 0 0 0
60 4 0 0 0
61 4 0 0 0
62 4 0 0 0
63 4 0 0 0
64 4 0 0 0
65 4 0 0 0
66 4 0 0 0
67 4 0 0 0
68 4 0 0 0
69 4 0 0 0
70 4 0 0 0
71 4 0 0 0
72 4 0 0 0
73 4 0 0 0
74 4 0 0 0
75 4 0 0 0
76 4 0 0 0
77 4 0 0 0
78 4 0 0 0
79 4 0 0 0
80 4 0 0 0
81 4 0 0 0
82 4 0 0 0
83 4 0 0 0
84 4 0 0 0
85 4 0 0 0
86 4 0 0 0
87 4 0 0 0
88 4 0 0 0
89 4 0 0 0
90 4 0 0 0
91 4 0 0 0
92 4 0 0 0
93 4 0 0 0
94 4 0 0 0
95 4 0 0 0
96 4 0 0 0
97 4 0 0 0
98 4 0 0 0
99 4 0 0 0
100 4 0 0 0
101 4 0 0 0
102 4 0 0 0
103 4 0 0 0
104 4 0 0 0
105 4 0 0 0
106 4 0 0 0
107 4 0 0 0
108 4 0 0 0
109 4 0 0 0
110 4 0 0 0
111 4 0 0 0
112 4 0 0 0
113 4 0 0 0
114 4 0 0 0
115 4 0 0 0
116 4 0 0 0
117 4 0 0 0
118 4 0 0 0
119 4 0 0 0
120 4 0 0 0
121 4 0 0 0
122 4 0 0 0
123 4 0 0 0
124 4 0 0 0
125 4 0 0 0
126 4 0 0 0
127 4 0 0 0
128 4 0 0 0
129 4 0 0 0
130 4 0 0 0
131 4 0 0 0
132 4 0 0 0
133 4 0 0 0
134 4 0 0 0
135 4 0 0 0
136 4 0 0 0
137 4 0 0 0
138 4 0 0 0
139 4 0 0 0
140 4 0 0 0
141 4 0 0 0
142 4 0 0 0
143 4 0 0 0
144 4 0 0 0
145 4 0 0 0
146 4 0 0 0
147 4 0 0 0
148 4 0 0 0
149 4 0 0 0
150 4 0 0 0
151 4 0 0 0
152 4 0 0 0
153 4 0 0 0
154 4 0 0 0
155 4 0 0 0
156 4 0 0 0
157 4 0 0 0
158 4 0 0 0
159 4 0 0 0
160 4 0 0 0
161 4 0 0 0
162 4 0 0 0
163 4 0 0 0
164 4 0 0 0
165 4 0 0 0
166 4 0 0 0
167 4 0 0 0
168 4 0 0 0
169 4 0 0 0
170 4 0 0 0
171 4 0 0 0
172 4 0 0 0
173 4 0 0 0
174 4 0 0 0
175 4 0 0 0
176 4 0 0 0
177 4 0 0 0
178 4 0 0 0
179 4 0 0 0
180 4 0 0 0
181 4 0 0 0
182 4 0 0 0
183 4 0 0 0
184 4 0 0 0
185 4 0 0 0
186 4 0 0 0
187 4 0 0 0
188 4 0 0 0
189 4 0 0 0
190 4 0 0 0
191 4 0 0 0
192 4 0 0 0
193 4 0 0 0
194 4 0 0 0
195 4 0 0 0
196 4 0 0 0
197 4 0 0 0
198 4 0 0 0
199 4 0 0 0
200 4 0 0 0
201 4 0 0 0
202 4 0 0 0
203 4 0 0 0
204 4 0 0 0
205 4 0 0 0
206 4 0 0 0
207 4 0 0 0
208 4 0 0 0
209 4 0 0 0
210 4 0 0 0
211 4 0 0 0
212 4 0 0 0
213 4 0 0 0
214 4 0 0 0
215 4 0 0 0
216 4 0 0 0
217 4 0 0 0
218 4 0 0 0
219 4 0 0 0
220 4 0 0 0
221 4 0 0 0
222 4 0 0 0
223 4 0 0 0
224 4 0 0 0
225 4 0 0 0
226 4 0 0 0
227 4 0 0 0
228 4 0 0 0
229 4 0 0 0
230 4 0 0 0
231 4 0 0 0
232 4 0 0 0
233 4 0 0 0
234 4 0 0 0
235 4 0 0 0
236 4 0 0 0
237 4 0 0 0
238 4 0 0 0
239 4 0 0 0
240 4 0 0 0
241 4 0 0 0
242 4 0 0 0
243 4 0 0 0
244 4 0 0 0
245 4 0 0 0
246 4 0 0 0
247 4 0 0 0
248 4 0 0 0
249 4 0 0 0
250 4 0 0 0
251 4 0 0 0
252 4 0 0 0
253 4 0 0 0
254 4 0 0 0
255 4 0 0 0
256 4 0 0 0
257 4 0 0 0
258 4 0 0 0
259 4 0 0 0
260 4 0 0 0
261 4 0 0 0
262 4 0 0 0
263 4 0 0 0
264 4 0 0 0
265 4 0 0 0
266 4 0 0 0
267 4 0 0 0
268 4 0 0 0
269 4 0 0 0
270 4 0 0 0
271 4 0 0 0
272 4 0 0 0
273 4 0 0 0
274 4 0 0 0
275 4 0 0 0
276 4 0 0 0
277 4 0 0 0
278 4 0 0 0
279 4 0 0 0
280 4 0 0 0
281 4 0 0 0
282 4 0 0 0
283 4 0 0 0
284 4 0 0 0
285 4 0 0 0
286 4 0 0 0
287 4 0 0 0
288 4 0 0 0
289 4 0 0 0
290 4 0 0 0
291 4 0 0 0
292 4 0 0 0
293 4 0 0 0
294 4 0 0 0
295 4 0 0 0
296 4 0 0 0
297 4 0 0 0
298 4 0 0 0
299 4 0 0 0
300 4 0 0 0
301 4 0 0 0
302 4 0 0 0
303 4 0 0 0
304 4 0 0 0
305 4 0 0 0
306 4 0 0 0
307 4 0 0 0
308 4 0 0 0
309 4 0 0 0
310 4 0 0 0
311 4 0 0 0
312 4 0 0 0
313 4 0 0 0
314 4 0 0 0
315 4 0 0 0
316 4 0 0 0
317 4 0 0 0
318 4 0 0 0
319 4 0 0 0
320 4 0 0 0
321 4 0 0 0
322 4 0 0 0
323 4 0 0 0
324 4 0 0 0
325 4 0 0 0
326 4 0 0 0
327 4 0 0 0
328 4 0 0 0
329 4 0 0 0
330 4 0 0 0
331 4 0 0 0
332 4 0 0 0
333 4 0 0 0
334 4 0 0 0
335 4 0 0 0
336 4 0 0 0
337 4 0 0 0
338 4 0 0 0
339 4 0 0 0
340 4 0 0 0
341 4 0 0 0
342 4 0 0 0
343 4 0 0 0
344 4 0 0 0
345 4 0 0 0
346 4 0 0 0
347 4 0 0 0
348 4 0 0 0
349 4 0 0 0
350 4 0 0 0
351 4 0 0 0
352 4 0 0 0
353 4 0 0 0
354 4 0 0 0
355 4 0 0 0
356 4 0 0 0
357 4 0 0 0
358 4 0 0 0
359 4 0 0 0
360 4 0 0 0
361 4 0 0 0
362 4 0 0 0
363 4 0 0 0
364 4 0 0 0
365 4 0 0 0
366 4 0 0 0
367 4 0 0 0
368 4 0 0 0
369 4 0 0 0
370 4 0 0 0
371 4 0 0 0
372 4 0 0 0
373 4 0 0 0
374 4 0 0 0
375 4 0 0 0
376 4 0 0 0
377 4 0 0 0
378 4 0 0 0
379 4 0 0 0
380 4 0 0 0
381 4 0 0 0
382 4 0 0 0
383 4 0 0 0
384 4 0 0 0
385 4 0 0 0
386 4 0 0 0
387 4 0 0 0
388 4 0 0 0
389 4 0 0 0
390 4 0 0 0
391 4 0 0 0
392 4 0 0 0
393 4 0 0 0
394 4 0 0 0
395 4 0 0 0
396 4 0 0 0
397 4 0 0 0
398 4 0 0 0
399 4 0 0 0
400 4 0 0 0
401 4 0 0 0
402 4 0 0 0
403 4 0 0 0
404 4 0 0 0
405 4 0 0 0
406 4 0 0 0
407 4 0 0 0
408 4 0 0 0
409 4 0 0 0
410 4 0 0 0
411 4 0 0 0
412 4 0 0 0
413 4 0 0 0
414 4 0 0 0
415 4 0 0 0
416 4 0 0 0
417 4 0 0 0
418 4 0 0 0
419 4 0 0 0
420 4 0 0 0
421 4 0 0 0
422 4 0 0 0
423 4 0 0 0
424 4 0 0 0
425 4 0 0 0
426 4 0 0 0
427 4 0 0 0
428 4 0 0 0
429 4 0 0 0
430 4 0 0 0
431 4 0 0 0
432 4 0 0 0
433 4 0 0 0
434 4 0 0 0
435 4 0 0 0
436 4 0 0 0
437 4 0 0 0
438 4 0 0 0
439 4 0 0 0
440 4 0 0 0
441 4 0 0 0
442 4 0 0 0
443 4 0 0 0
444 4 0 0 0
445 4 0 0 0
446 4 0 0 0
447 4 0 0 0
448 4 0 0 0
449 4 0 0 0
450 4 0 0 0
451 4 0 0 0
452 4 0 0 0
453 4 0 0 0
454 4 0 0 0
455 4 0 0 0
456 4 0 0 0
457 4 0 0 0
458 4 0 0 0
459 4 0 0 0
460 4 0 0 0
461 4 0 0 0
462 4 0 0 0
463 4 0 0 0
464 4 0 0 0
465 4 0 0 0
466 4 0 0 0
467 4 0 0 0
468 4 0 0 0
469 4 0 0 0
470 4 0 0 0
471 4 0 0 0
472 4 0 0 0
473 4 0 0 0
474 4 0 0 0
475 4 0 0 0
476 4 0 0 0
477 4 0 0 0
478 4 0 0 0
479 4 0 0 0
480 4 0 0 0
481 4 0 0 0
482 4 0 0 0
483 4 0 0 0
484 4 0 0 0
485 4 0 0 0
486 4 0 0 0
487 4 0 0 0
488 4 0 0 0
489 4 0 0 0
490 4 0 0 0
491 4 0 0 0
492 4 0 0 0
493 4 0 0 0
494 4 0 0 0
495 4 0 0 0
496 4 0 0 0
497 4 0 0 0
498 4 0 0 0
499 4 0 0 0
500 4 0 0 0
501 4 0 0 0
502 4 0 0 0
503 4 0 0 0
504 4 0 0 0
505 4 0 0 0
506 4 0 0 0
507 4 0 0 0
508 4 0 0 0
509 4 0 0 0
510 4 0 0 0
511 4 0 0 0
512 4 0 0 0
513 4 0 0 0
514 4 0 0 0
515 4 0 0 0
516 4 0 0 0
517 4 0 0 0
518 4 0 0 0
519 4 0 0 0
520 4 0 0 0
521 4 0 0 0
522 4 0 0 0
523 4 0 0 0
524 4 0 0 0
525 4 0 0 0
526 4 0 0 0
527 4 0 0 0
528 4 0 0 0
529 4 0 0 0
530 4 0 0 0
531 4 0 0 0
532 4 0 0 0
533 4 0 0 0
534 4 0 0 0
535 4 0 0 0
536 4 0 0 0
537 4 0 0 0
538 4 0 0 0
539 4 0 0 0
540 4 0 0 0
541 4 0 0 0
542 4 0 0 0
543 4 0 0 0
544 4 0 0 0
545 4 0 0 0
546 4 0 0 0
547 4 0 0 0
548 4 0 0 0
549 4 0 0 0
550 4 0 0 0
551 4 0 0 0
552 4 0 0 0
553 4 0 0 0
554 4 0 0 0
555 4 0 0 0
556 4 0 0 0
557 4 0 0 0
558 4 0 0 0
559 4 0 0 0
560 4 0 0 0
561 4 0 0 0
562 4 0 0 0
563 4 0 0 0
564 4 0 0 0
565 4 0 0 0
566 4 0 0 0
567 4 0 0 0
568 4 0 0 0
569 4 0 0 0
570 4 0 0 0
571 4 0 0 0
572 4 0 0 0
573 4 0 0 0
574 4 0 0 0
575 4 0 0 0
576 4 0 0 0
577 4 0 0 0
578 4 0 0 0
579 4 0 0 0
580 4 0 0 0
581 4 0 0 0
582 4 0 0 0
583 4 0 0 0
584 4 0 0 0
585 4 0 0 0
586 4 0 0 0
587 4 0 0 0
588 4 0 0 0
589 4 0 0 0
590 4 0 0 0
591 4 0 0 0
592 4 0 0 0
593 4 0 0 0
594 4 0 0 0
595 4 0 0 0
596 4 0 0 0
597 4 0 0 0
598 4 0 0 0
599 4 0 0 0
600 4 0 0 0
601 4 0 0 0
602 4 0 0 0
603 4 0 0 0
604 4 0 0 0
605 4 0 0 0
606 4 0 0 0
607 4 0 0 0
608 4 0 0 0
609 4 0 0 0
610 4 0 0 0
611 4 0 0 0
612 4 0 0 0
613 4 0 0 0
614 4 0 0 0
615 4 0 0 0
616 4 0 0 0
617 4 0 0 0
618 4 0 0 0
619 4 0 0 0
620 4 0 0 0
621 4 0 0 0
622 4 0 0 0
623 4 0 0 0
624 4 0 0 0
625 4 0 0 0
626 4 0 0 0
627 4 0 0 0
628 4 0 0 0
629 4 0 0 0
630 4 0 0 0
631 4 0 0 0
632 4 0 0 0
633 4 0 0 0
634 4 0 0 0
635 4 0 0 0
636 4 0 0 0
637 4 0 0 0
638 4 0 0 0
639 4 0 0 0
0 5 0 0 0
1 5 0 0 0
2 5 0 0 0
3 5 0 0 0
4 5 0 0 0
5 5 0 0 0
6 5 0 0 0
7 5 0 0 0
8 5 0 0 0
9 5 0 0 0
10 5 0 0 0
11 5 0 0 0
12 5 0 0 0
13 5 0 0 0
14 5 0 0 0
15 5 0 0 0
16 5 0 0 0
17 5 0 0 0
18 5 0 0 0
19 5 0 0 0
20 5 0 0 0
21 5 0 0 0
22 5 0 0 0
23 5 0 0 0
24 5 0 0 0
25 5 0 0 0
26 5 0 0 0
27 5 0 0 0
28 5 0 0 0
29 5 0 0 0
30 5 0 0 0
31 5 0 0 0
32 5 0 0 0
33 5 0 0 0
34 5 0 0 0
35 5 0 0 0
36 5 0 0 0
37 5 0 0 0
38 5 0 0 0
39 5 0 0 0
40 5 0 0 0
41 5 0 0 0
42 5 0 0 0
43 5 0 0 0
44 5 0 0 0
45 5 0 0 0
46 5 0 0 0
47 5 0 0 0
48 5 0 0 0
49 5 0 0 0
50 5 0 0 0
51 5 0 0 0
52 5 0 0 0
53 5 0 0 0
54 5 0 0 0
55 5 0 0 0
56 5 0 0 0
57 5 0 0 0
58 5 0 0 0
59 5 0 0 0
60 5 0 0 0
61 5 0 0 0
62 5 0 0 0
63 5 0 0 0
64 5 0 0 0
65 5 0 0 0
66 5 0 0 0
67 5 0 0 0
68 5 0 0 0
69 5 0 0 0
70 5 0 0 0
71 5 0 0 0
72 5 0 0 0
73 5 0 0 0
74 5 0 0 0
75 5 0 0 0
76 5 0 0 0
77 5 0 0 0
78 5 0 0 0
79 5 0 0 0
80 5 0 0 0
81 5 0 0 0
82 5 0 0 0
83 5 0 0 0
84 5 0 0 0
85 5 0 0 0
86 5 0 0 0
87 5 0 0 0
88 5 0 0 0
89 5 0 0 0
90 5 0 0 0
91 5 0 0 0
92 5 0 0 0
93 5 0 0 0
94 5 0 0 0
95 5 0 0 0
96 5 0 0 0
97 5 0 0 0
98 5 0 0 0
99 5 0 0 0
100 5 0 0 0
101 5 0 0 0
102 5 0 0 0
103 5 0 0 0
104 5 0 0 0
105 5 0 0 0
106 5 0 0 0
107 5 0 0 0
108 5 0 0 0
109 5 0 0 0
110 5 0 0 0
111 5 0 0 0
112 5 0 0 0
113 5 0 0 0
114 5 0 0 0
115 5 0 0 0
116 5 0 0 0
117 5 0 0 0
118 5 0 0 0
119 5 0 0 0
120 5 0 0 0
121 5 0 0 0
122 5 0 0 0
123 5 0 0 0
124 5 0 0 0
125 5 0 0 0
126 5 0 0 0
127 5 0 0 0
128 5 0 0 0
129 5 0 0 0
130 5 0 0 0
131 5 0 0 0
132 5 0 0 0
133 5 0 0 0
134 5 0 0 0
135 5 0 0 0
136 5 0 0 0
137 5 0 0 0
138 5 0 0 0
139 5 0 0 0
140 5 0 0 0
141 5 0 0 0
142 5 0 0 0
143 5 0 0 0
144 5 0 0 0
145 5 0 0 0
146 5 0 0 0
147 5 0 0 0
148 5 0 0 0
149 5 0 0 0
150 5 0 0 0
151 5 0 0 0
152 5 0 0 0
153 5 0 0 0
154 5 0 0 0
155 5 0 0 0
156 5 0 0 0
157 5 0 0 0
158 5 0 0 0
159 5 0 0 0
160 5 0 0 0
161 5 0 0 0
162 5 0 0 0
163 5 0 0 0
164 5 0 0 0
165 5 0 0 0
166 5 0 0 0
167 5 0 0 0
168 5 0 0 0
169 5 0 0 0
170 5 0 0 0
171 5 0 0 0
172 5 0 0 0
173 5 0 0 0
174 5 0 0 0
175 5 0 0 0
176 5 0 0 0
177 5 0 0 0
178 5 0 0 0
179 5 0 0 0
180 5 0 0 0
181 5 0 0 0
182 5 0 0 0
183 5 0 0 0
184 5 0 0 0
185 5 0 0 0
186 5 0 0 0
187 5 0 0 0
188 5 0 0 0
189 5 0 0 0
190 5 0 0 0
191 5 0 0 0
192 5 0 0 0
193 5 0 0 0
194 5 0 0 0
195 5 0 0 0
196 5 0 0 0
197 5 0 0 0
198 5 0 0 0
199 5 0 0 0
200 5 0 0 0
201 5 0 0 0
202 5 0 0 0
203 5 0 0 0
204 5 0 0 0
205 5 0 0 0
206 5 0 0 0
207 5 0 0 0
208 5 0 0 0
209 5 0 0 0
210 5 0 0 0
211 5 0 0 0
212 5 0 0 0
213 5 0 0 0
214 5 0 0 0
215 5 0 0 0
216 5 0 0 0
217 5 0 0 0
218 5 0 0 0
219 5 0 0 0
220 5 0 0 0
221 5 0 0 0
222 5 0 0 0
223 5 0 0 0
224 5 0 0 0
225 5 0 0 0
226 5 0 0 0
227 5 0 0 0
228 5 0 0 0
229 5 0 0 0
230 5 0 0 0
231 5 0 0 0
232 5 0 0 0
233 5 0 0 0
234 5 0 0 0
235 5 0 0 0
236 5 0 0 0
237 5 0 0 0
238 5 0 0 0
239 5 0 0 0
240 5 0 0 0
241 5 0 0 0
242 5 0 0 0
243 5 0 0 0
244 5 0 0 0
245 5 0 0 0
246 5 0 0 0
247 5 0 0 0
248 5 0 0 0
249 5 0 0 0
250 5 0 0 0
251 5 0 0 0
252 5 0 0 0
253 5 0 0 0
254 5 0 0 0
255 5 0 0 0
256 5 0 0 0
257 5 0 0 0
258 5 0 0 0
259 5 0 0 0
260 5 0 0 0
261 5 0 0 0
262 5 0 0 0
263 5 0 0 0
264 5 0 0 0
265 5 0 0 0
266 5 0 0 0
267 5 0 0 0
268 5 0 0 0
269 5 0 0 0
270 5 0 0 0
271 5 0 0 0
272 5 0 0 0
273 5 0 0 0
274 5 0 0 0
275 5 0 0 0
276 5 0 0 0
277 5 0 0 0
278 5 0 0 0
279 5 0 0 0
280 5 0 0 0
281 5 0 0 0
282 5 0 0 0
283 5 0 0 0
284 5 0 0 0
285 5 0 0 0
286 5 0 0 0
287 5 0 0 0
288 5 0 0 0
289 5 0 0 0
290 5 0 0 0
291 5 0 0 0
292 5 0 0 0
293 5 0 0 0
294 5 0 0 0
295 5 0 0 0
296 5 0 0 0
297 5 0 0 0
298 5 0 0 0
299 5 0 0 0
300 5 0 0 0
301 5 0 0 0
302 5 0 0 0
303 5 0 0 0
304 5 0 0 0
305 5 0 0 0
306 5 0 0 0
307 5 0 0 0
308 5 0 0 0
309 5 0 0 0
310 5 0 0 0
311 5 0 0 0
312 5 0 0 0
313 5 0 0 0
314 5 0 0 0
315 5 0 0 0
316 5 0 0 0
317 5 0 0 0
318 5 0 0 0
319 5 0 0 0
320 5 0 0 0
321 5 0 0 0
322 5 0 0 0
323 5 0 0 0
324 5 0 0 0
325 5 0 0 0
326 5 0 0 0
327 5 0 0 0
328 5 0 0 0
329 5 0 0 0
330 5 0 0 0
331 5 0 0 0
332 5 0 0 0
333 5 0 0 0
334 5 0 0 0
335 5 0 0 0
336 5 0 0 0
337 5 0 0 0
338 5 0 0 0
339 5 0 0 0
340 5 0 0 0
341 5 0 0 0
342 5 0 0 0
343 5 0 0 0
344 5 0 0 0
345 5 0 0 0
346 5 0 0 0
347 5 0 0 0
348 5 0 0 0
349 5 0 0 0
350 5 0 0 0
351 5 0 0 0
352 5 0 0 0
353 5 0 0 0
354 5 0 0 0
355 5 0 0 0
356 5 0 0 0
357 5 0 0 0
358 5 0 0 0
359 5 0 0 0
360 5 0 0 0
361 5 0 0 0
362 5 0 0 0
363 5 0 0 0
364 5 0 0 0
365 5 0 0 0
366 5 0 0 0
367 5 0 0 0
368 5 0 0 0
369 5 0 0 0
370 5 0 0 0
371 5 0 0 0
372 5 0 0 0
373 5 0 0 0
374 5 0 0 0
375 5 0 0 0
376 5 0 0 0
377 5 0 0 0
378 5 0 0 0
379 5 0 0 0
380 5 0 0 0
381 5 0 0 0
382 5 0 0 0
383 5 0 0 0
384 5 0 0 0
385 5 0 0 0
386 5 0 0 0
387 5 0 0 0
388 5 0 0 0
389 5 0 0 0
390 5 0 0 0
391 5 0 0 0
392 5 0 0 0
393 5 0 0 0
394 5 0 0 0
395 5 0 0 0
396 5 0 0 0
397 5 0 0 0
398 5 0 0 0
399 5 0 0 0
400 5 0 0 0
401 5 0 0 0
402 5 0 0 0
403 5 0 0 0
404 5 0 0 0
405 5 0 0 0
406 5 0 0 0
407 5 0 0 0
408 5 0 0 0
409 5 0 0 0
410 5 0 0 0
411 5 0 0 0
412 5 0 0 0
413 5 0 0 0
414 5 0 0 0
415 5 0 0 0
416 5 0 0 0
417 5 0 0 0
418 5 0 0 0
419 5 0 0 0
420 5 0 0 0
421 5 0 0 0
422 5 0 0 0
423 5 0 0 0
424 5 0 0 0
425 5 0 0 0
426 5 0 0 0
427 5 0 0 0
428 5 0 0 0
429 5 0 0 0
430 5 0 0 0
431 5 0 0 0
432 5 0 0 0
433 5 0 0 0
434 5 0 0 0
435 5 0 0 0
436 5 0 0 0
437 5 0 0 0
438 5 0 0 0
439 5 0 0 0
440 5 0 0 0
441 5 0 0 0
442 5 0 0 0
443 5 0 0 0
444 5 0 0 0
445 5 0 0 0
446 5 0 0 0
447 5 0 0 0
448 5 0 0 0
449 5 0 0 0
450 5 0 0 0
451 5 0 0 0
452 5 0 0 0
453 5 0 0 0
454 5 0 0 0
455 5 0 0 0
456 5 0 0 0
457 5 0 0 0
458 5 0 0 0
459 5 0 0 0
460 5 0 0 0
461 5 0 0 0
462 5 0 0 0
463 5 0 0 0
464 5 0 0 0
465 5 0 0 0
466 5 0 0 0
467 5 0 0 0
468 5 0 0 0
469 5 0 0 0
470 5 0 0 0
471 5 0 0 0
472 5 0 0 0
473 5 0 0 0
474 5 0 0 0
475 5 0 0 0
476 5 0 0 0
477 5 0 0 0
478 5 0 0 0
479 5 0 0 0
480 5 0 0 0
481 5 0 0 0
482 5 0 0 0
483 5 0 0 0
484 5 0 0 0
485 5 0 0 0
486 5 0 0 0
487 5 0 0 0
488 5 0 0 0
489 5 0 0 0
490 5 0 0 0
491 5 0 0 0
492 5 0 0 0
493 5 0 0 0
494 5 0 0 0
495 5 0 0 0
496 5 0 0 0
497 5 0 0 0
498 5 0 0 0
499 5 0 0 0
500 5 0 0 0
501 5 0 0 0
502 5 0 0 0
503 5 0 0 0
504 5 0 0 0
505 5 0 0 0
506 5 0 0 0
507 5 0 0 0
508 5 0 0 0
509 5 0 0 0
510 5 0 0 0
511 5 0 0 0
512 5 0 0 0
513 5 0 0 0
514 5 0 0 0
515 5 0 0 0
516 5 0 0 0
517 5 0 0 0
518 5 0 0 0
519 5 0 0 0
520 5 0 0 0
521 5 0 0 0
522 5 0 0 0
523 5 0 0 0
524 5 0 0 0
525 5 0 0 0
526 5 0 0 0
527 5 0 0 0
528 5 0 0 0
529 5 0 0 0
530 5 0 0 0
531 5 0 0 0
532 5 0 0 0
533 5 0 0 0
534 5 0 0 0
535 5 0 0 0
536 5 0 0 0
537 5 0 0 0
538 5 0 0 0
539 5 0 0 0
540 5 0 0 0
541 5 0 0 0
542 5 0 0 0
543 5 0 0 0
544 5 0 0 0
545 5 0 0 0
546 5 0 0 0
547 5 0 0 0
548 5 0 0 0
549 5 0 0 0
550 5 0 0 0
551 5 0 0 0
552 5 0 0 0
553 5 0 0 0
554 5 0 0 0
555 5 0 0 0
556 5 0 0 0
557 5 0 0 0
558 5 0 0 0
559 5 0 0 0
560 5 0 0 0
561 5 0 0 0
562 5 0 0 0
563 5 0 0 0
564 5 0 0 0
565 5 0 0 0
566 5 0 0 0
567 5 0 0 0
568 5 0 0 0
569 5 0 0 0
570 5 0 0 0
571 5 0 0 0
572 5 0 0 0
573 5 0 0 0
574 5 0 0 0
575 5 0 0 0
576 5 0 0 0
577 5 0 0 0
578 5 0 0 0
579 5 0 0 0
580 5 0 0 0
581 5 0 0 0
582 5 0 0 0
583 5 0 0 0
584 5 0 0 0
585 5 0 0 0
586 5 0 0 0
587 5 0 0 0
588 5 0 0 0
589 5 0 0 0
590 5 0 0 0
591 5 0 0 0
592 5 0 0 0
593 5 0 0 0
594 5 0 0 0
595 5 0 0 0
596 5 0 0 0
597 5 0 0 0
598 5 0 0 0
599 5 0 0 0
600 5 0 0 0
601 5 0 0 0
602 5 0 0 0
603 5 0 0 0
604 5 0 0 0
605 5 0 0 0
606 5 0 0 0
607 5 0 0 0
608 5 0 0 0
609 5 0 0 0
610 5 0 0 0
611 5 0 0 0
612 5 0 0 0
613 5 0 0 0
614 5 0 0 0
615 5 0 0 0
616 5 0 0 0
617 5 0 0 0
618 5 0 0 0
619 5 0 0 0
620 5 0 0 0
621 5 0 0 0
622 5 0 0 0
623 5 0 0 0
624 5 0 0 0
625 5 0 0 0
626 5 0 0 0
627 5 0 0 0
628 5 0 0 0
629 5 0 0 0
630 5 0 0 0
631 5 0 0 0
632 5 0 0 0
633 5 0 0 0
634 5 0 0 0
635 5 0 0 0
636 5 0 0 0
637 5 0 0 0
638 5 0 0 0
639 5 0 0 0
0 6 0 0 0
1 6 0 0 0
2 6 0 0 0
3 6 0 0 0
4 6 0 0 0
5 6 0 0 0
6 6 0 0 0
7 6 0 0 0
8 6 0 0 0
9 6 0 0 0
10 6 0 0 0
11 6 0 0 0
12 6 0 0 0
13 6 0 0 0
14 6 0 0 0
15 6 0 0 0
16 6 0 0 0
17 6 0 0 0
18 6 0 0 0
19 6 0 0 0
20 6 0 0 0
21 6 0 0 0
22 6 0 0 0
23 6 0 0 0
24 6 0 0 0
25 6 0 0 0
26 6 0 0 0
27 6 0 0 0
28 6 0 0 0
29 6 0 0 0
30 6 0 0 0
31 6 0 0 0
32 6 0 0 0
33 6 0 0 0
34 6 0 0 0
35 6 0 0 0
36 6 0 0 0
37 6 0 0 0
38 6 0 0 0
39 6 0 0 0
40 6 0 0 0
41 6 0 0 0
42 6 0 0 0
43 6 0 0 0
44 6 0 0 0
45 6 0 0 0
46 6 0 0 0
47 6 0 0 0
48 6 0 0 0
49 6 0 0 0
50 6 0 0 0
51 6 0 0 0
52 6 0 0 0
53 6 0 0 0
54 6 0 0 0
55 6 0 0 0
56 6 0 0 0
57 6 0 0 0
58 6 0 0 0
59 6 0 0 0
60 6 0 0 0
61 6 0 0 0
62 6 0 0 0
63 6 0 0 0
64 6 0 0 0
65 6 0 0 0
66 6 0 0 0
67 6 0 0 0
68 6 0 0 0
69 6 0 0 0
70 6 0 0 0
71 6 0 0 0
72 6 0 0 0
73 6 0 0 0
74 6 0 0 0
75 6 0 0 0
76 6 0 0 0
77 6 0 0 0
78 6 0 0 0
79 6 0 0 0
80 6 0 0 0
81 6 0 0 0
82 6 0 0 0
83 6 0 0 0
84 6 0 0 0
85 6 0 0 0
86 6 0 0 0
87 6 0 0 0
88 6 0 0 0
89 6 0 0 0
90 6 0 0 0
91 6 0 0 0
92 6 0 0 0
93 6 0 0 0
94 6 0 0 0
95 6 0 0 0
96 6 0 0 0
97 6 0 0 0
98 6 0 0 0
99 6 0 0 0
100 6 0 0 0
101 6 0 0 0
102 6 0 0 0
103 6 0 0 0
104 6 0 0 0
105 6 0 0 0
106 6 0 0 0
107 6 0 0 0
108 6 0 0 0
109 6 0 0 0
110 6 0 0 0
111 6 0 0 0
112 6 0 0 0
113 6 0 0 0
114 6 0 0 0
115 6 0 0 0
116 6 0 0 0
117 6 0 0 0
118 6 0 0 0
119 6 0 0 0
120 6 0 0 0
121 6 0 0 0
122 6 0 0 0
123 6 0 0 0
124 6 0 0 0
125 6 0 0 0
126 6 0 0 0
127 6 0 0 0
128 6 0 0 0
129 6 0 0 0
130 6 0 0 0
131 6 0 0 0
132 6 0 0 0
133 6 0 0 0
134 6 0 0 0
135 6 0 0 0
136 6 0 0 0
137 6 0 0 0
138 6 0 0 0
139 6 0 0 0
140 6 0 0 0
141 6 0 0 0
142 6 0 0 0
143 6 0 0 0
144 6 0 0 0
145 6 0 0 0
146 6 0 0 0
147 6 0 0 0
148 6 0 0 0
149 6 0 0 0
150 6 0 0 0
151 6 0 0 0
152 6 0 0 0
153 6 0 0 0
154 6 0 0 0
155 6 0 0 0
156 6 0 0 0
157 6 0 0 0
158 6 0 0 0
159 6 0 0 0
160 6 0 0 0
161 6 0 0 0
162 6 0 0 0
163 6 0 0 0
164 6 0 0 0
165 6 0 0 0
166 6 0 0 0
167 6 0 0 0
168 6 0 0 0
169 6 0 0 0
170 6 0 0 0
171 6 0 0 0
172 6 0 0 0
173 6 0 0 0
174 6 0 0 0
175 6 0 0 0
176 6 0 0 0
177 6 0 0 0
178 6 0 0 0
179 6 0 0 0
180 6 0 0 0
181 6 0 0 0
182 6 0 0 0
183 6 0 0 0
184 6 0 0 0
185 6 0 0 0
186 6 0 0 0
187 6 0 0 0
188 6 0 0 0
189 6 0 0 0
190 6 0 0 0
191 6 0 0 0
192 6 0 0 0
193 6 0 0 0
194 6 0 0 0
195 6 0 0 0
196 6 0 0 0
197 6 0 0 0
198 6 0 0 0
199 6 0 0 0
200 6 0 0 0
201 6 0 0 0
202 6 0 0 0
203 6 0 0 0
204 6 0 0 0
205 6 0 0 0
206 6 0 0 0
207 6 0 0 0
208 6 0 0 0
209 6 0 0 0
210 6 0 0 0
211 6 0 0 0
212 6 0 0 0
213 6 0 0 0
214 6 0 0 0
215 6 0 0 0
216 6 0 0 0
217 6 0 0 0
218 6 0 0 0
219 6 0 0 0
220 6 0 0 0
221 6 0 0 0
222 6 0 0 0
223 6 0 0 0
224 6 0 0 0
225 6 0 0 0
226 6 0 0 0
227 6 0 0 0
228 6 0 0 0
229 6 0 0 0
230 6 0 0 0
231 6 0 0 0
232 6 0 0 0
233 6 0 0 0
234 6 0 0 0
235 6 0 0 0
236 6 0 0 0
237 6 0 0 0
238 6 0 0 0
239 6 0 0 0
240 6 0 0 0
241 6 0 0 0
242 6 0 0 0
243 6 0 0 0
244 6 0 0 0
245 6 0 0 0
246 6 0 0 0
247 6 0 0 0
248 6 0 0 0
249 6 0 0 0
250 6 0 0 0
251 6 0 0 0
252 6 0 0 0
253 6 0 0 0
254 6 0 0 0
255 6 0 0 0
256 6 0 0 0
257 6 0 0 0
258 6 0 0 0
259 6 0 0 0
260 6 0 0 0
261 6 0 0 0
262 6 0 0 0
263 6 0 0 0
264 6 0 0 0
265 6 0 0 0
266 6 0 0 0
267 6 0 0 0
268 6 0 0 0
269 6 0 0 0
270 6 0 0 0
271 6 0 0 0
272 6 0 0 0
273 6 0 0 0
274 6 0 0 0
275 6 0 0 0
276 6 0 0 0
277 6 0 0 0
278 6 0 0 0
279 6 0 0 0
280 6 0 0 0
281 6 0 0 0
282 6 0 0 0
283 6 0 0 0
284 6 0 0 0
285 6 0 0 0
286 6 0 0 0
287 6 0 0 0
288 6 0 0 0
289 6 0 0 0
290 6 0 0 0
291 6 0 0 0
292 6 0 0 0
293 6 0 0 0
294 6 0 0 0
295 6 0 0 0
296 6 0 0 0
297 6 0 0 0
298 6 0 0 0
299 6 0 0 0
300 6 0 0 0
301 6 0 0 0
302 6 0 0 0
303 6 0 0 0
304 6 0 0 0
305 6 0 0 0
306 6 0 0 0
307 6 0 0 0
308 6 0 0 0
309 6 0 0 0
310 6 0 0 0
311 6 0 0 0
312 6 0 0 0
313 6 0 0 0
314 6 0 0 0
315 6 0 0 0
316 6 0 0 0
317 6 0 0 0
318 6 0 0 0
319 6 0 0 0
320 6 0 0 0
321 6 0 0 0
322 6 0 0 0
323 6 0 0 0
324 6 0 0 0
325 6 0 0 0
326 6 0 0 0
327 6 0 0 0
328 6 0 0 0
329 6 0 0 0
330 6 0 0 0
331 6 0 0 0
332 6 0 0 0
333 6 0 0 0
334 6 0 0 0
335 6 0 0 0
336 6 0 0 0
337 6 0 0 0
338 6 0 0 0
339 6 0 0 0
340 6 0 0 0
341 6 0 0 0
342 6 0 0 0
343 6 0 0 0
344 6 0 0 0
345 6 0 0 0
346 6 0 0 0
347 6 0 0 0
348 6 0 0 0
349 6 0 0 0
350 6 0 0 0
351 6 0 0 0
352 6 0 0 0
353 6 0 0 0
354 6 0 0 0
355 6 0 0 0
356 6 0 0 0
357 6 0 0 0
358 6 0 0 0
359 6 0 0 0
360 6 0 0 0
361 6 0 0 0
362 6 0 0 0
363 6 0 0 0
364 6 0 0 0
365 6 0 0 0
366 6 0 0 0
367 6 0 0 0
368 6 0 0 0
369 6 0 0 0
370 6 0 0 0
371 6 0 0 0
372 6 0 0 0
373 6 0 0 0
374 6 0 0 0
375 6 0 0 0
376 6 0 0 0
377 6 0 0 0
378 6 0 0 0
379 6 0 0 0
380 6 0 0 0
381 6 0 0 0
382 6 0 0 0
383 6 0 0 0
384 6 0 0 0
385 6 0 0 0
386 6 0 0 0
387 6 0 0 0
388 6 0 0 0
389 6 0 0 0
390 6 0 0 0
391 6 0 0 0
392 6 0 0 0
393 6 0 0 0
394 6 0 0 0
395 6 0 0 0
396 6 0 0 0
397 6 0 0 0
398 6 0 0 0
399 6 0 0 0
400 6 0 0 0
401 6 0 0 0
402 6 0 0 0
403 6 0 0 0
404 6 0 0 0
405 6 0 0 0
406 6 0 0 0
407 6 0 0 0
408 6 0 0 0
409 6 0 0 0
410 6 0 0 0
411 6 0 0 0
412 6 0 0 0
413 6 0 0 0
414 6 0 0 0
415 6 0 0 0
416 6 0 0 0
417 6 0 0 0
418 6 0 0 0
419 6 0 0 0
420 6 0 0 0
421 6 0 0 0
422 6 0 0 0
423 6 0 0 0
424 6 0 0 0
425 6 0 0 0
426 6 0 0 0
427 6 0 0 0
428 6 0 0 0
429 6 0 0 0
430 6 0 0 0
431 6 0 0 0
432 6 0 0 0
433 6 0 0 0
434 6 0 0 0
435 6 0 0 0
436 6 0 0 0
437 6 0 0 0
438 6 0 0 0
439 6 0 0 0
440 6 0 0 0
441 6 0 0 0
442 6 0 0 0
443 6 0 0 0
444 6 0 0 0
445 6 0 0 0
446 6 0 0 0
447 6 0 0 0
448 6 0 0 0
449 6 0 0 0
450 6 0 0 0
451 6 0 0 0
452 6 0 0 0
453 6 0 0 0
454 6 0 0 0
455 6 0 0 0
456 6 0 0 0
457 6 0 0 0
458 6 0 0 0
459 6 0 0 0
460 6 0 0 0
461 6 0 0 0
462 6 0 0 0
463 6 0 0 0
464 6 0 0 0
465 6 0 0 0
466 6 0 0 0
467 6 0 0 0
468 6 0 0 0
469 6 0 0 0
470 6 0 0 0
471 6 0 0 0
472 6 0 0 0
473 6 0 0 0
474 6 0 0 0
475 6 0 0 0
476 6 0 0 0
477 6 0 0 0
478 6 0 0 0
479 6 0 0 0
480 6 0 0 0
481 6 0 0 0
482 6 0 0 0
483 6 0 0 0
484 6 0 0 0
485 6 0 0 0
486 6 0 0 0
487 6 0 0 0
488 6 0 0 0
489 6 0 0 0
490 6 0 0 0
491 6 0 0 0
492 6 0 0 0
493 6 0 0 0
494 6 0 0 0
495 6 0 0 0
496 6 0 0 0
497 6 0 0 0
498 6 0 0 0
499 6 0 0 0
500 6 0 0 0
501 6 0 0 0
502 6 0 0 0
503 6 0 0 0
504 6 0 0 0
505 6 0 0 0
506 6 0 0 0
507 6 0 0 0
508 6 0 0 0
509 6 0 0 0
510 6 0 0 0
511 6 0 0 0
512 6 0 0 0
513 6 0 0 0
514 6 0 0 0
515 6 0 0 0
516 6 0 0 0
517 6 0 0 0
518 6 0 0 0
519 6 0 0 0
520 6 0 0 0
521 6 0 0 0
522 6 0 0 0
523 6 0 0 0
524 6 0 0 0
525 6 0 0 0
526 6 0 0 0
527 6 0 0 0
528 6 0 0 0
529 6 0 0 0
530 6 0 0 0
531 6 0 0 0
532 6 0 0 0
533 6 0 0 0
534 6 0 0 0
535 6 0 0 0
536 6 0 0 0
537 6 0 0 0
538 6 0 0 0
539 6 0 0 0
540 6 0 0 0
541 6 0 0 0
542 6 0 0 0
543 6 0 0 0
544 6 0 0 0
545 6 0 0 0
546 6 0 0 0
547 6 0 0 0
548 6 0 0 0
549 6 0 0 0
550 6 0 0 0
551 6 0 0 0
552 6 0 0 0
553 6 0 0 0
554 6 0 0 0
555 6 0 0 0
556 6 0 0 0
557 6 0 0 0
558 6 0 0 0
559 6 0 0 0
560 6 0 0 0
561 6 0 0 0
562 6 0 0 0
563 6 0 0 0
564 6 0 0 0
565 6 0 0 0
566 6 0 0 0
567 6 0 0 0
568 6 0 0 0
569 6 0 0 0
570 6 0 0 0
571 6 0 0 0
572 6 0 0 0
573 6 0 0 0
574 6 0 0 0
575 6 0 0 0
576 6 0 0 0
577 6 0 0 0
578 6 0 0 0
579 6 0 0 0
580 6 0 0 0
581 6 0 0 0
582 6 0 0 0
583 6 0 0 0
584 6 0 0 0
585 6 0 0 0
586 6 0 0 0
587 6 0 0 0
588 6 0 0 0
589 6 0 0 0
590 6 0 0 0
591 6 0 0 0
592 6 0 0 0
593 6 0 0 0
594 6 0 0 0
595 6 0 0 0
596 6 0 0 0
597 6 0 0 0
598 6 0 0 0
599 6 0 0 0
600 6 0 0 0
601 6 0 0 0
602 6 0 0 0
603 6 0 0 0
604 6 0 0 0
605 6 0 0 0
606 6 0 0 0
607 6 0 0 0
608 6 0 0 0
609 6 0 0 0
610 6 0 0 0
611 6 0 0 0
612 6 0 0 0
613 6 0 0 0
614 6 0 0 0
615 6 0 0 0
616 6 0 0 0
617 6 0 0 0
618 6 0 0 0
619 6 0 0 0
620 6 0 0 0
621 6 0 0 0
622 6 0 0 0
623 6 0 0 0
624 6 0 0 0
625 6 0 0 0
626 6 0 0 0
627 6 0 0 0
628 6 0 0 0
629 6 0 0 0
630 6 0 0 0
631 6 0 0 0
632 6 0 0 0
633 6 0 0 0
634 6 0 0 0
635 6 0 0 0
636 6 0 0 0
637 6 0 0 0
638 6 0 0 0
639 6 0 0 0
0 7 0 0 0
1 7 0 0 0
2 7 0 0 0
3 7 0 0 0
4 7 0 0 0
5 7 0 0 0
6 7 0 0 0
7 7 0 0 0
8 7 0 0 0
9 7 0 0 0
10 7 0 0 0
11 7 0 0 0
12 7 0 0 0
13 7 0 0 0
14 7 0 0 0
15 7 0 0 0
16 7 0 0 0
17 7 0 0 0
18 7 0 0 0
19 7 0 0 0
20 7 0 0 0
21 7 0 0 0
22 7 0 0 0
23 7 0 0 0
24 7 0 0 0
25 7 0 0 0
26 7 0 0 0
27 7 0 0 0
28 7 0 0 0
29 7 0 0 0
30 7 0 0 0
31 7 0 0 0
32 7 0 0 0
33 7 0 0 0
34 7 0 0 0
35 7 0 0 0
36 7 0 0 0
37 7 0 0 0
38 7 0 0 0
39 7 0 0 0
40 7 0 0 0
41 7 0 0 0
42 7 0 0 0
43 7 0 0 0
44 7 0 0 0
45 7 0 0 0
46 7 0 0 0
47 7 0 0 0
48 7 0 0 0
49 7 0 0 0
50 7 0 0 0
51 7 0 0 0
52 7 0 0 0
53 7 0 0 0
54 7 0 0 0
55 7 0 0 0
56 7 0 0 0
57 7 0 0 0
58 7 0 0 0
59 7 0 0 0
60 7 0 0 0
61 7 0 0 0
62 7 0 0 0
63 7 0 0 0
64 7 0 0 0
65 7 0 0 0
66 7 0 0 0
67 7 0 0 0
68 7 0 0 0
69 7 0 0 0
70 7 0 0 0
71 7 0 0 0
72 7 0 0 0
73 7 0 0 0
74 7 0 0 0
75 7 0 0 0
76 7 0 0 0
77 7 0 0 0
78 7 0 0 0
79 7 0 0 0
80 7 0 0 0
81 7 0 0 0
82 7 0 0 0
83 7 0 0 0
84 7 0 0 0
85 7 0 0 0
86 7 0 0 0
87 7 0 0 0
88 7 0 0 0
89 7 0 0 0
90 7 0 0 0
91 7 0 0 0
92 7 0 0 0
93 7 0 0 0
94 7 0 0 0
95 7 0 0 0
96 7 0 0 0
97 7 0 0 0
98 7 0 0 0
99 7 0 0 0
100 7 0 0 0
101 7 0 0 0
102 7 0 0 0
103 7 0 0 0
104 7 0 0 0
105 7 0 0 0
106 7 0 0 0
107 7 0 0 0
108 7 0 0 0
109 7 0 0 0
110 7 0 0 0
111 7 0 0 0
112 7 0 0 0
113 7 0 0 0
114 7 0 0 0
115 7 0 0 0
116 7 0 0 0
117 7 0 0 0
118 7 0 0 0
119 7 0 0 0
120 7 0 0 0
121 7 0 0 0
122 7 0 0 0
123 7 0 0 0
124 7 0 0 0
125 7 0 0 0
126 7 0 0 0
127 7 0 0 0
128 7 0 0 0
129 7 0 0 0
130 7 0 0 0
131 7 0 0 0
132 7 0 0 0
133 7 0 0 0
134 7 0 0 0
135 7 0 0 0
136 7 0 0 0
137 7 0 0 0
138 7 0 0 0
139 7 0 0 0
140 7 0 0 0
141 7 0 0 0
142 7 0 0 0
143 7 0 0 0
144 7 0 0 0
145 7 0 0 0
146 7 0 0 0
147 7 0 0 0
148 7 0 0 0
149 7 0 0 0
150 7 0 0 0
151 7 0 0 0
152 7 0 0 0
153 7 0 0 0
154 7 0 0 0
155 7 0 0 0
156 7 0 0 0
157 7 0 0 0
158 7 0 0 0
159 7 0 0 0
160 7 0 0 0
161 7 0 0 0
162 7 0 0 0
163 7 0 0 0
164 7 0 0 0
165 7 0 0 0
166 7 0 0 0
167 7 0 0 0
168 7 0 0 0
169 7 0 0 0
170 7 0 0 0
171 7 0 0 0
172 7 0 0 0
173 7 0 0 0
174 7 0 0 0
175 7 0 0 0
176 7 0 0 0
177 7 0 0 0
178 7 0 0 0
179 7 0 0 0
180 7 0 0 0
181 7 0 0 0
182 7 0 0 0
183 7 0 0 0
184 7 0 0 0
185 7 0 0 0
186 7 0 0 0
187 7 0 0 0
188 7 0 0 0
189 7 0 0 0
190 7 0 0 0
191 7 0 0 0
192 7 0 0 0
193 7 0 0 0
194 7 0 0 0
195 7 0 0 0
196 7 0 0 0
197 7 0 0 0
198 7 0 0 0
199 7 0 0 0
200 7 0 0 0
201 7 0 0 0
202 7 0 0 0
203 7 0 0 0
204 7 0 0 0
205 7 0 0 0
206 7 0 0 0
207 7 0 0 0
208 7 0 0 0
209 7 0 0 0
210 7 0 0 0
211 7 0 0 0
212 7 0 0 0
213 7 0 0 0
214 7 0 0 0
215 7 0 0 0
216 7 0 0 0
217 7 0 0 0
218 7 0 0 0
219 7 0 0 0
220 7 0 0 0
221 7 0 0 0
222 7 0 0 0
223 7 0 0 0
224 7 0 0 0
225 7 0 0 0
226 7 0 0 0
227 7 0 0 0
228 7 0 0 0
229 7 0 0 0
230 7 0 0 0
231 7 0 0 0
232 7 0 0 0
233 7 0 0 0
234 7 0 0 0
235 7 0 0 0
236 7 0 0 0
237 7 0 0 0
238 7 0 0 0
239 7 0 0 0
240 7 0 0 0
241 7 0 0 0
242 7 0 0 0
243 7 0 0 0
244 7 0 0 0
245 7 0 0 0
246 7 0 0 0
247 7 0 0 0
248 7 0 0 0
249 7 0 0 0
250 7 0 0 0
251 7 0 0 0
252 7 0 0 0
253 7 0 0 0
254 7 0 0 0
255 7 0 0 0
256 7 0 0 0
257 7 0 0 0
258 7 0 0 0
259 7 0 0 0
260 7 0 0 0
261 7 0 0 0
262 7 0 0 0
263 7 0 0 0
264 7 0 0 0
265 7 0 0 0
266 7 0 0 0
267 7 0 0 0
268 7 0 0 0
269 7 0 0 0
270 7 0 0 0
271 7 0 0 0
272 7 0 0 0
273 7 0 0 0
274 7 0 0 0
275 7 0 0 0
276 7 0 0 0
277 7 0 0 0
278 7 0 0 0
279 7 0 0 0
280 7 0 0 0
281 7 0 0 0
282 7 0 0 0
283 7 0 0 0
284 7 0 0 0
285 7 0 0 0
286 7 0 0 0
287 7 0 0 0
288 7 0 0 0
289 7 0 0 0
290 7 0 0 0
291 7 0 0 0
292 7 0 0 0
293 7 0 0 0
294 7 0 0 0
295 7 0 0 0
296 7 0 0 0
297 7 0 0 0
298 7 0 0 0
299 7 0 0 0
300 7 0 0 0
301 7 0 0 0
302 7 0 0 0
303 7 0 0 0
304 7 0 0 0
305 7 0 0 0
306 7 0 0 0
307 7 0 0 0
308 7 0 0 0
309 7 0 0 0
310 7 0 0 0
311 7 0 0 0
312 7 0 0 0
313 7 0 0 0
314 7 0 0 0
315 7 0 0 0
316 7 0 0 0
317 7 0 0 0
318 7 0 0 0
319 7 0 0 0
320 7 0 0 0
321 7 0 0 0
322 7 0 0 0
323 7 0 0 0
324 7 0 0 0
325 7 0 0 0
326 7 0 0 0
327 7 0 0 0
328 7 0 0 0
329 7 0 0 0
330 7 0 0 0
331 7 0 0 0
332 7 0 0 0
333 7 0 0 0
334 7 0 0 0
335 7 0 0 0
336 7 0 0 0
337 7 0 0 0
338 7 0 0 0
339 7 0 0 0
340 7 0 0 0
341 7 0 0 0
342 7 0 0 0
343 7 0 0 0
344 7 0 0 0
345 7 0 0 0
346 7 0 0 0
347 7 0 0 0
348 7 0 0 0
349 7 0 0 0
350 7 0 0 0
351 7 0 0 0
352 7 0 0 0
353 7 0 0 0
354 7 0 0 0
355 7 0 0 0
356 7 0 0 0
357 7 0 0 0
358 7 0 0 0
359 7 0 0 0
360 7 0 0 0
361 7 0 0 0
362 7 0 0 0
363 7 0 0 0
364 7 0 0 0
365 7 0 0 0
366 7 0 0 0
367 7 0 0 0
368 7 0 0 0
369 7 0 0 0
370 7 0 0 0
371 7 0 0 0
372 7 0 0 0
373 7 0 0 0
374 7 0 0 0
375 7 0 0 0
376 7 0 0 0
377 7 0 0 0
378 7 0 0 0
379 7 0 0 0
380 7 0 0 0
381 7 0 0 0
382 7 0 0 0
383 7 0 0 0
384 7 0 0 0
385 7 0 0 0
386 7 0 0 0
387 7 0 0 0
388 7 0 0 0
389 7 0 0 0
390 7 0 0 0
391 7 0 0 0
392 7 0 0 0
393 7 0 0 0
394 7 0 0 0
395 7 0 0 0
396 7 0 0 0
397 7 0 0 0
398 7 0 0 0
399 7 0 0 0
400 7 0 0 0
401 7 0 0 0
402 7 0 0 0
403 7 0 0 0
404 7 0 0 0
405 7 0 0 0
406 7 0 0 0
407 7 0 0 0
408 7 0 0 0
409 7 0 0 0
410 7 0 0 0
411 7 0 0 0
412 7 0 0 0
413 7 0 0 0
414 7 0 0 0
415 7 0 0 0
416 7 0 0 0
417 7 0 0 0
418 7 0 0 0
419 7 0 0 0
420 7 0 0 0
421 7 0 0 0
422 7 0 0 0
423 7 0 0 0
424 7 0 0 0
425 7 0 0 0
426 7 0 0 0
427 7 0 0 0
428 7 0 0 0
429 7 0 0 0
430 7 0 0 0
431 7 0 0 0
432 7 0 0 0
433 7 0 0 0
434 7 0 0 0
435 7 0 0 0
436 7 0 0 0
437 7 0 0 0
438 7 0 0 0
439 7 0 0 0
440 7 0 0 0
441 7 0 0 0
442 7 0 0 0
443 7 0 0 0
444 7 0 0 0
445 7 0 0 0
446 7 0 0 0
447 7 0 0 0
448 7 0 0 0
449 7 0 0 0
450 7 0 0 0
451 7 0 0 0
452 7 0 0 0
453 7 0 0 0
454 7 0 0 0
455 7 0 0 0
456 7 0 0 0
457 7 0 0 0
458 7 0 0 0
459 7 0 0 0
460 7 0 0 0
461 7 0 0 0
462 7 0 0 0
463 7 0 0 0
464 7 0 0 0
465 7 0 0 0
466 7 0 0 0
467 7 0 0 0
468 7 0 0 0
469 7 0 0 0
470 7 0 0 0
471 7 0 0 0
472 7 0 0 0
473 7 0 0 0
474 7 0 0 0
475 7 0 0 0
476 7 0 0 0
477 7 0 0 0
478 7 0 0 0
479 7 0 0 0
480 7 0 0 0
481 7 0 0 0
482 7 0 0 0
483 7 0 0 0
484 7 0 0 0
485 7 0 0 0
486 7 0 0 0
487 7 0 0 0
488 7 0 0 0
489 7 0 0 0
490 7 0 0 0
491 7 0 0 0
492 7 0 0 0
493 7 0 0 0
494 7 0 0 0
495 7 0 0 0
496 7 0 0 0
497 7 0 0 0
498 7 0 0 0
499 7 0 0 0
500 7 0 0 0
501 7 0 0 0
502 7 0 0 0
503 7 0 0 0
504 7 0 0 0
505 7 0 0 0
506 7 0 0 0
507 7 0 0 0
508 7 0 0 0
509 7 0 0 0
510 7 0 0 0
511 7 0 0 0
512 7 0 0 0
513 7 0 0 0
514 7 0 0 0
515 7 0 0 0
516 7 0 0 0
517 7 0 0 0
518 7 0 0 0
519 7 0 0 0
520 7 0 0 0
521 7 0 0 0
522 7 0 0 0
523 7 0 0 0
524 7 0 0 0
525 7 0 0 0
526 7 0 0 0
527 7 0 0 0
528 7 0 0 0
529 7 0 0 0
530 7 0 0 0
531 7 0 0 0
532 7 0 0 0
533 7 0 0 0
534 7 0 0 0
535 7 0 0 0
536 7 0 0 0
537 7 0 0 0
538 7 0 0 0
539 7 0 0 0
540 7 0 0 0
541 7 0 0 0
542 7 0 0 0
543 7 0 0 0
544 7 0 0 0
545 7 0 0 0
546 7 0 0 0
547 7 0 0 0
548 7 0 0 0
549 7 0 0 0
550 7 0 0 0
551 7 0 0 0
552 7 0 0 0
553 7 0 0 0
554 7 0 0 0
555 7 0 0 0
556 7 0 0 0
557 7 0 0 0
558 7 0 0 0
559 7 0 0 0
560 7 0 0 0
561 7 0 0 0
562 7 0 0 0
563 7 0 0 0
564 7 0 0 0
565 7 0 0 0
566 7 0 0 0
567 7 0 0 0
568 7 0 0 0
569 7 0 0 0
570 7 0 0 0
571 7 0 0 0
572 7 0 0 0
573 7 0 0 0
574 7 0 0 0
575 7 0 0 0
576 7 0 0 0
577 7 0 0 0
578 7 0 0 0
579 7 0 0 0
580 7 0 0 0
581 7 0 0 0
582 7 0 0 0
583 7 0 0 0
584 7 0 0 0
585 7 0 0 0
586 7 0 0 0
587 7 0 0 0
588 7 0 0 0
589 7 0 0 0
590 7 0 0 0
591 7 0 0 0
592 7 0 0 0
593 7 0 0 0
594 7 0 0 0
595 7 0 0 0
596 7 0 0 0
597 7 0 0 0
598 7 0 0 0
599 7 0 0 0
600 7 0 0 0
601 7 0 0 0
602 7 0 0 0
603 7 0 0 0
604 7 0 0 0
605 7 0 0 0
606 7 0 0 0
607 7 0 0 0
608 7 0 0 0
609 7 0 0 0
610 7 0 0 0
611 7 0 0 0
612 7 0 0 0
613 7 0 0 0
614 7 0 0 0
615 7 0 0 0
616 7 0 0 0
617 7 0 0 0
618 7 0 0 0
619 7 0 0 0
620 7 0 0 0
621 7 0 0 0
622 7 0 0 0
623 7 0 0 0
624 7 0 0 0
625 7 0 0 0
626 7 0 0 0
627 7 0 0 0
628 7 0 0 0
629 7 0 0 0
630 7 0 0 0
631 7 0 0 0
632 7 0 0 0
633 7 0 0 0
634 7 0 0 0
635 7 0 0 0
636 7 0 0 0
637 7 0 0 0
638 7 0 0 0
639 7 0 0 0
0 8 0 0 0
1 8 0 0 0
2 8 0 0 0
3 8 0 0 0
4 8 0 0 0
5 8 0 0 0
6 8 0 0 0
7 8 0 0 0
8 8 0 0 0
9 8 0 0 0
10 8 0 0 0
11 8 0 0 0
12 8 0 0 0
13 8 0 0 0
14 8 0 0 0
15 8 0 0 0
16 8 0 0 0
17 8 0 0 0
18 8 0 0 0
19 8 0 0 0
20 8 0 0 0
21 8 0 0 0
22 8 0 0 0
23 8 0 0 0
24 8 0 0 0
25 8 0 0 0
26 8 0 0 0
27 8 0 0 0
28 8 0 0 0
29 8 0 0 0
30 8 0 0 0
31 8 0 0 0
32 8 0 0 0
33 8 0 0 0
34 8 0 0 0
35 8 0 0 0
36 8 0 0 0
37 8 0 0 0
38 8 0 0 0
39 8 0 0 0
40 8 0 0 0
41 8 0 0 0
42 8 0 0 0
43 8 0 0 0
44 8 0 0 0
45 8 0 0 0
46 8 0 0 0
47 8 0 0 0
48 8 0 0 0
49 8 0 0 0
50 8 0 0 0
51 8 0 0 0
52 8 0 0 0
53 8 0 0 0
54 8 0 0 0
55 8 0 0 0
56 8 0 0 0
57 8 0 0 0
58 8 0 0 0
59 8 0 0 0
60 8 0 0 0
61 8 0 0 0
62 8 0 0 0
63 8 0 0 0
64 8 0 0 0
65 8 0 0 0
66 8 0 0 0
67 8 0 0 0
68 8 0 0 0
69 8 0 0 0
70 8 0 0 0
71 8 0 0 0
72 8 0 0 0
73 8 0 0 0
74 8 0 0 0
75 8 0 0 0
76 8 0 0 0
77 8 0 0 0
78 8 0 0 0
79 8 0 0 0
80 8 0 0 0
81 8 0 0 0
82 8 0 0 0
83 8 0 0 0
84 8 0 0 0
85 8 0 0 0
86 8 0 0 0
87 8 0 0 0
88 8 0 0 0
89 8 0 0 0
90 8 0 0 0
91 8 0 0 0
92 8 0 0 0
93 8 0 0 0
94 8 0 0 0
95 8 0 0 0
96 8 0 0 0
97 8 0 0 0
98 8 0 0 0
99 8 0 0 0
100 8 0 0 0
101 8 0 0 0
102 8 0 0 0
103 8 0 0 0
104 8 0 0 0
105 8 0 0 0
106 8 0 0 0
107 8 0 0 0
108 8 0 0 0
109 8 0 0 0
110 8 0 0 0
111 8 0 0 0
112 8 0 0 0
113 8 0 0 0
114 8 0 0 0
115 8 0 0 0
116 8 0 0 0
117 8 0 0 0
118 8 0 0 0
119 8 0 0 0
120 8 0 0 0
121 8 0 0 0
122 8 0 0 0
123 8 0 0 0
124 8 0 0 0
125 8 0 0 0
126 8 0 0 0
127 8 0 0 0
128 8 0 0 0
129 8 0 0 0
130 8 0 0 0
131 8 0 0 0
132 8 0 0 0
133 8 0 0 0
134 8 0 0 0
135 8 0 0 0
136 8 0 0 0
137 8 0 0 0
138 8 0 0 0
139 8 0 0 0
140 8 0 0 0
141 8 0 0 0
142 8 0 0 0
143 8 0 0 0
144 8 0 0 0
145 8 0 0 0
146 8 0 0 0
147 8 0 0 0
148 8 0 0 0
149 8 0 0 0
150 8 0 0 0
151 8 0 0 0
152 8 0 0 0
153 8 0 0 0
154 8 0 0 0
155 8 0 0 0
156 8 0 0 0
157 8 0 0 0
158 8 0 0 0
159 8 0 0 0
160 8 0 0 0
161 8 0 0 0
162 8 0 0 0
163 8 0 0 0
164 8 0 0 0
165 8 0 0 0
166 8 0 0 0
167 8 0 0 0
168 8 0 0 0
169 8 0 0 0
170 8 0 0 0
171 8 0 0 0
172 8 0 0 0
173 8 0 0 0
174 8 0 0 0
175 8 0 0 0
176 8 0 0 0
177 8 0 0 0
178 8 0 0 0
179 8 0 0 0
180 8 0 0 0
181 8 0 0 0
182 8 0 0 0
183 8 0 0 0
184 8 0 0 0
185 8 0 0 0
186 8 0 0 0
187 8 0 0 0
188 8 0 0 0
189 8 0 0 0
190 8 0 0 0
191 8 0 0 0
192 8 0 0 0
193 8 0 0 0
194 8 0 0 0
195 8 0 0 0
196 8 0 0 0
197 8 0 0 0
198 8 0 0 0
199 8 0 0 0
200 8 0 0 0
201 8 0 0 0
202 8 0 0 0
203 8 0 0 0
204 8 0 0 0
205 8 0 0 0
206 8 0 0 0
207 8 0 0 0
208 8 0 0 0
209 8 0 0 0
210 8 0 0 0
211 8 0 0 0
212 8 0 0 0
213 8 0 0 0
214 8 0 0 0
215 8 0 0 0
216 8 0 0 0
217 8 0 0 0
218 8 0 0 0
219 8 0 0 0
220 8 0 0 0
221 8 0 0 0
222 8 0 0 0
223 8 0 0 0
224 8 0 0 0
225 8 0 0 0
226 8 0 0 0
227 8 0 0 0
228 8 0 0 0
229 8 0 0 0
230 8 0 0 0
231 8 0 0 0
232 8 0 0 0
233 8 0 0 0
234 8 0 0 0
235 8 0 0 0
236 8 0 0 0
237 8 0 0 0
238 8 0 0 0
239 8 0 0 0
240 8 0 0 0
241 8 0 0 0
242 8 0 0 0
243 8 0 0 0
244 8 0 0 0
245 8 0 0 0
246 8 0 0 0
247 8 0 0 0
248 8 0 0 0
249 8 0 0 0
250 8 0 0 0
251 8 0 0 0
252 8 0 0 0
253 8 0 0 0
254 8 0 0 0
255 8 0 0 0
256 8 0 0 0
257 8 0 0 0
258 8 0 0 0
259 8 0 0 0
260 8 0 0 0
261 8 0 0 0
262 8 0 0 0
263 8 0 0 0
264 8 0 0 0
265 8 0 0 0
266 8 0 0 0
267 8 0 0 0
268 8 0 0 0
269 8 0 0 0
270 8 0 0 0
271 8 0 0 0
272 8 0 0 0
273 8 0 0 0
274 8 0 0 0
275 8 0 0 0
276 8 0 0 0
277 8 0 0 0
278 8 0 0 0
279 8 0 0 0
280 8 0 0 0
281 8 0 0 0
282 8 0 0 0
283 8 0 0 0
284 8 0 0 0
285 8 0 0 0
286 8 0 0 0
287 8 0 0 0
288 8 0 0 0
289 8 0 0 0
290 8 0 0 0
291 8 0 0 0
292 8 0 0 0
293 8 0 0 0
294 8 0 0 0
295 8 0 0 0
296 8 0 0 0
297 8 0 0 0
298 8 0 0 0
299 8 0 0 0
300 8 0 0 0
301 8 0 0 0
302 8 0 0 0
303 8 0 0 0
304 8 0 0 0
305 8 0 0 0
306 8 0 0 0
307 8 0 0 0
308 8 0 0 0
309 8 0 0 0
310 8 0 0 0
311 8 0 0 0
312 8 0 0 0
313 8 0 0 0
314 8 0 0 0
315 8 0 0 0
316 8 0 0 0
317 8 0 0 0
318 8 0 0 0
319 8 0 0 0
320 8 0 0 0
321 8 0 0 0
322 8 0 0 0
323 8 0 0 0
324 8 0 0 0
325 8 0 0 0
326 8 0 0 0
327 8 0 0 0
328 8 0 0 0
329 8 0 0 0
330 8 0 0 0
331 8 0 0 0
332 8 0 0 0
333 8 0 0 0
334 8 0 0 0
335 8 0 0 0
336 8 0 0 0
337 8 0 0 0
338 8 0 0 0
339 8 0 0 0
340 8 0 0 0
341 8 0 0 0
342 8 0 0 0
343 8 0 0 0
344 8 0 0 0
345 8 0 0 0
346 8 0 0 0
347 8 0 0 0
348 8 0 0 0
349 8 0 0 0
350 8 0 0 0
351 8 0 0 0
352 8 0 0 0
353 8 0 0 0
354 8 0 0 0
355 8 0 0 0
356 8 0 0 0
357 8 0 0 0
358 8 0 0 0
359 8 0 0 0
360 8 0 0 0
361 8 0 0 0
362 8 0 0 0
363 8 0 0 0
364 8 0 0 0
365 8 0 0 0
366 8 0 0 0
367 8 0 0 0
368 8 0 0 0
369 8 0 0 0
370 8 0 0 0
371 8 0 0 0
372 8 0 0 0
373 8 0 0 0
374 8 0 0 0
375 8 0 0 0
376 8 0 0 0
377 8 0 0 0
378 8 0 0 0
379 8 0 0 0
380 8 0 0 0
381 8 0 0 0
382 8 0 0 0
383 8 0 0 0
384 8 0 0 0
385 8 0 0 0
386 8 0 0 0
387 8 0 0 0
388 8 0 0 0
389 8 0 0 0
390 8 0 0 0
391 8 0 0 0
392 8 0 0 0
393 8 0 0 0
394 8 0 0 0
395 8 0 0 0
396 8 0 0 0
397 8 0 0 0
398 8 0 0 0
399 8 0 0 0
400 8 0 0 0
401 8 0 0 0
402 8 0 0 0
403 8 0 0 0
404 8 0 0 0
405 8 0 0 0
406 8 0 0 0
407 8 0 0 0
408 8 0 0 0
409 8 0 0 0
410 8 0 0 0
411 8 0 0 0
412 8 0 0 0
413 8 0 0 0
414 8 0 0 0
415 8 0 0 0
416 8 0 0 0
417 8 0 0 0
418 8 0 0 0
419 8 0 0 0
420 8 0 0 0
421 8 0 0 0
422 8 0 0 0
423 8 0 0 0
424 8 0 0 0
425 8 0 0 0
426 8 0 0 0
427 8 0 0 0
428 8 0 0 0
429 8 0 0 0
430 8 0 0 0
431 8 0 0 0
432 8 0 0 0
433 8 0 0 0
434 8 0 0 0
435 8 0 0 0
436 8 0 0 0
437 8 0 0 0
438 8 0 0 0
439 8 0 0 0
440 8 0 0 0
441 8 0 0 0
442 8 0 0 0
443 8 0 0 0
444 8 0 0 0
445 8 0 0 0
446 8 0 0 0
447 8 0 0 0
448 8 0 0 0
449 8 0 0 0
450 8 0 0 0
451 8 0 0 0
452 8 0 0 0
453 8 0 0 0
454 8 0 0 0
455 8 0 0 0
456 8 0 0 0
457 8 0 0 0
458 8 0 0 0
459 8 0 0 0
460 8 0 0 0
461 8 0 0 0
462 8 0 0 0
463 8 0 0 0
464 8 0 0 0
465 8 0 0 0
466 8 0 0 0
467 8 0 0 0
468 8 0 0 0
469 8 0 0 0
470 8 0 0 0
471 8 0 0 0
472 8 0 0 0
473 8 0 0 0
474 8 0 0 0
475 8 0 0 0
476 8 0 0 0
477 8 0 0 0
478 8 0 0 0
479 8 0 0 0
480 8 0 0 0
481 8 0 0 0
482 8 0 0 0
483 8 0 0 0
484 8 0 0 0
485 8 0 0 0
486 8 0 0 0
487 8 0 0 0
488 8 0 0 0
489 8 0 0 0
490 8 0 0 0
491 8 0 0 0
492 8 0 0 0
493 8 0 0 0
494 8 0 0 0
495 8 0 0 0
496 8 0 0 0
497 8 0 0 0
498 8 0 0 0
499 8 0 0 0
500 8 0 0 0
501 8 0 0 0
502 8 0 0 0
503 8 0 0 0
504 8 0 0 0
505 8 0 0 0
506 8 0 0 0
507 8 0 0 0
508 8 0 0 0
509 8 0 0 0
510 8 0 0 0
511 8 0 0 0
512 8 0 0 0
513 8 0 0 0
514 8 0 0 0
515 8 0 0 0
516 8 0 0 0
517 8 0 0 0
518 8 0 0 0
519 8 0 0 0
520 8 0 0 0
521 8 0 0 0
522 8 0 0 0
523 8 0 0 0
524 8 0 0 0
525 8 0 0 0
526 8 0 0 0
527 8 0 0 0
528 8 0 0 0
529 8 0 0 0
530 8 0 0 0
531 8 0 0 0
532 8 0 0 0
533 8 0 0 0
534 8 0 0 0
535 8 0 0 0
536 8 0 0 0
537 8 0 0 0
538 8 0 0 0
539 8 0 0 0
540 8 0 0 0
541 8 0 0 0
542 8 0 0 0
543 8 0 0 0
544 8 0 0 0
545 8 0 0 0
546 8 0 0 0
547 8 0 0 0
548 8 0 0 0
549 8 0 0 0
550 8 0 0 0
551 8 0 0 0
552 8 0 0 0
553 8 0 0 0
554 8 0 0 0
555 8 0 0 0
556 8 0 0 0
557 8 0 0 0
558 8 0 0 0
559 8 0 0 0
560 8 0 0 0
561 8 0 0 0
562 8 0 0 0
563 8 0 0 0
564 8 0 0 0
565 8 0 0 0
566 8 0 0 0
567 8 0 0 0
568 8 0 0 0
569 8 0 0 0
570 8 0 0 0
571 8 0 0 0
572 8 0 0 0
573 8 0 0 0
574 8 0 0 0
575 8 0 0 0
576 8 0 0 0
577 8 0 0 0
578 8 0 0 0
579 8 0 0 0
580 8 0 0 0
581 8 0 0 0
582 8 0 0 0
583 8 0 0 0
584 8 0 0 0
585 8 0 0 0
586 8 0 0 0
587 8 0 0 0
588 8 0 0 0
589 8 0 0 0
590 8 0 0 0
591 8 0 0 0
592 8 0 0 0
593 8 0 0 0
594 8 0 0 0
595 8 0 0 0
596 8 0 0 0
597 8 0 0 0
598 8 0 0 0
599 8 0 0 0
600 8 0 0 0
601 8 0 0 0
602 8 0 0 0
603 8 0 0 0
604 8 0 0 0
605 8 0 0 0
606 8 0 0 0
607 8 0 0 0
608 8 0 0 0
609 8 0 0 0
610 8 0 0 0
611 8 0 0 0
612 8 0 0 0
613 8 0 0 0
614 8 0 0 0
615 8 0 0 0
616 8 0 0 0
617 8 0 0 0
618 8 0 0 0
619 8 0 0 0
620 8 0 0 0
621 8 0 0 0
622 8 0 0 0
623 8 0 0 0
624 8 0 0 0
625 8 0 0 0
626 8 0 0 0
627 8 0 0 0
628 8 0 0 0
629 8 0 0 0
630 8 0 0 0
631 8 0 0 0
632 8 0 0 0
633 8 0 0 0
634 8 0 0 0
635 8 0 0 0
636 8 0 0 0
637 8 0 0 0
638 8 0 0 0
639 8 0 0 0
0 9 0 0 0
1 9 0 0 0
2 9 0 0 0
3 9 0 0 0
4 9 0 0 0
5 9 0 0 0
6 9 0 0 0
7 9 0 0 0
8 9 0 0 0
9 9 0 0 0
10 9 0 0 0
11 9 0 0 0
12 9 0 0 0
13 9 0 0 0
14 9 0 0 0
15 9 0 0 0
16 9 0 0 0
17 9 0 0 0
18 9 0 0 0
19 9 0 0 0
20 9 0 0 0
21 9 0 0 0
22 9 0 0 0
23 9 0 0 0
24 9 0 0 0
25 9 0 0 0
26 9 0 0 0
27 9 0 0 0
28 9 0 0 0
29 9 0 0 0
30 9 0 0 0
31 9 0 0 0
32 9 0 0 0
33 9 0 0 0
34 9 0 0 0
35 9 0 0 0
36 9 0 0 0
37 9 0 0 0
38 9 0 0 0
39 9 0 0 0
40 9 0 0 0
41 9 0 0 0
42 9 0 0 0
43 9 0 0 0
44 9 0 0 0
45 9 0 0 0
46 9 0 0 0
47 9 0 0 0
48 9 0 0 0
49 9 0 0 0
50 9 0 0 0
51 9 0 0 0
52 9 0 0 0
53 9 0 0 0
54 9 0 0 0
55 9 0 0 0
56 9 0 0 0
57 9 0 0 0
58 9 0 0 0
59 9 0 0 0
60 9 0 0 0
61 9 0 0 0
62 9 0 0 0
63 9 0 0 0
64 9 0 0 0
65 9 0 0 0
66 9 0 0 0
67 9 0 0 0
68 9 0 0 0
69 9 0 0 0
70 9 0 0 0
71 9 0 0 0
72 9 0 0 0
73 9 0 0 0
74 9 0 0 0
75 9 0 0 0
76 9 0 0 0
77 9 0 0 0
78 9 0 0 0
79 9 0 0 0
80 9 0 0 0
81 9 0 0 0
82 9 0 0 0
83 9 0 0 0
84 9 0 0 0
85 9 0 0 0
86 9 0 0 0
87 9 0 0 0
88 9 0 0 0
89 9 0 0 0
90 9 0 0 0
91 9 0 0 0
92 9 0 0 0
93 9 0 0 0
94 9 0 0 0
95 9 0 0 0
96 9 0 0 0
97 9 0 0 0
98 9 0 0 0
99 9 0 0 0
100 9 0 0 0
101 9 0 0 0
102 9 0 0 0
103 9 0 0 0
104 9 0 0 0
105 9 0 0 0
106 9 0 0 0
107 9 0 0 0
108 9 0 0 0
109 9 0 0 0
110 9 0 0 0
111 9 0 0 0
112 9 0 0 0
113 9 0 0 0
114 9 0 0 0
115 9 0 0 0
116 9 0 0 0
117 9 0 0 0
118 9 0 0 0
119 9 0 0 0
120 9 0 0 0
121 9 0 0 0
122 9 0 0 0
123 9 0 0 0
124 9 0 0 0
125 9 0 0 0
126 9 0 0 0
127 9 0 0 0
128 9 0 0 0
129 9 0 0 0
130 9 0 0 0
131 9 0 0 0
132 9 0 0 0
133 9 0 0 0
134 9 0 0 0
135 9 0 0 0
136 9 0 0 0
137 9 0 0 0
138 9 0 0 0
139 9 0 0 0
140 9 0 0 0
141 9 0 0 0
142 9 0 0 0
143 9 0 0 0
144 9 0 0 0
145 9 0 0 0
146 9 0 0 0
147 9 0 0 0
148 9 0 0 0
149 9 0 0 0
150 9 0 0 0
151 9 0 0 0
152 9 0 0 0
153 9 0 0 0
154 9 0 0 0
155 9 0 0 0
156 9 0 0 0
157 9 0 0 0
158 9 0 0 0
159 9 0 0 0
160 9 0 0 0
161 9 0 0 0
162 9 0 0 0
163 9 0 0 0
164 9 0 0 0
165 9 0 0 0
166 9 0 0 0
167 9 0 0 0
168 9 0 0 0
169 9 0 0 0
170 9 0 0 0
171 9 0 0 0
172 9 0 0 0
173 9 0 0 0
174 9 0 0 0
175 9 0 0 0
176 9 0 0 0
177 9 0 0 0
178 9 0 0 0
179 9 0 0 0
180 9 0 0 0
181 9 0 0 0
182 9 0 0 0
183 9 0 0 0
184 9 0 0 0
185 9 0 0 0
186 9 0 0 0
187 9 0 0 0
188 9 0 0 0
189 9 0 0 0
190 9 0 0 0
191 9 0 0 0
192 9 0 0 0
193 9 0 0 0
194 9 0 0 0
195 9 0 0 0
196 9 0 0 0
197 9 0 0 0
198 9 0 0 0
199 9 0 0 0
200 9 0 0 0
201 9 0 0 0
202 9 0 0 0
203 9 0 0 0
204 9 0 0 0
205 9 0 0 0
206 9 0 0 0
207 9 0 0 0
208 9 0 0 0
209 9 0 0 0
210 9 0 0 0
211 9 0 0 0
212 9 0 0 0
213 9 0 0 0
214 9 0 0 0
215 9 0 0 0
216 9 0 0 0
217 9 0 0 0
218 9 0 0 0
219 9 0 0 0
220 9 0 0 0
221 9 0 0 0
222 9 0 0 0
223 9 0 0 0
224 9 0 0 0
225 9 0 0 0
226 9 0 0 0
227 9 0 0 0
228 9 0 0 0
229 9 0 0 0
230 9 0 0 0
231 9 0 0 0
232 9 0 0 0
233 9 0 0 0
234 9 0 0 0
235 9 0 0 0
236 9 0 0 0
237 9 0 0 0
238 9 0 0 0
239 9 0 0 0
240 9 0 0 0
241 9 0 0 0
242 9 0 0 0
243 9 0 0 0
244 9 0 0 0
245 9 0 0 0
246 9 0 0 0
247 9 0 0 0
248 9 0 0 0
249 9 0 0 0
250 9 0 0 0
251 9 0 0 0
252 9 0 0 0
253 9 0 0 0
254 9 0 0 0
255 9 0 0 0
256 9 0 0 0
257 9 0 0 0
258 9 0 0 0
259 9 0 0 0
260 9 0 0 0
261 9 0 0 0
262 9 0 0 0
263 9 0 0 0
264 9 0 0 0
265 9 0 0 0
266 9 0 0 0
267 9 0 0 0
268 9 0 0 0
269 9 0 0 0
270 9 0 0 0
271 9 0 0 0
272 9 0 0 0
273 9 0 0 0
274 9 0 0 0
275 9 0 0 0
276 9 0 0 0
277 9 0 0 0
278 9 0 0 0
279 9 0 0 0
280 9 0 0 0
281 9 0 0 0
282 9 0 0 0
283 9 0 0 0
284 9 0 0 0
285 9 0 0 0
286 9 0 0 0
287 9 0 0 0
288 9 0 0 0
289 9 0 0 0
290 9 0 0 0
291 9 0 0 0
292 9 0 0 0
293 9 0 0 0
294 9 0 0 0
295 9 0 0 0
296 9 0 0 0
297 9 0 0 0
298 9 0 0 0
299 9 0 0 0
300 9 0 0 0
301 9 0 0 0
302 9 0 0 0
303 9 0 0 0
304 9 0 0 0
305 9 0 0 0
306 9 0 0 0
307 9 0 0 0
308 9 0 0 0
309 9 0 0 0
310 9 0 0 0
311 9 0 0 0
312 9 0 0 0
313 9 0 0 0
314 9 0 0 0
315 9 0 0 0
316 9 0 0 0
317 9 0 0 0
318 9 0 0 0
319 9 0 0 0
320 9 0 0 0
321 9 0 0 0
322 9 0 0 0
323 9 0 0 0
324 9 0 0 0
325 9 0 0 0
326 9 0 0 0
327 9 0 0 0
328 9 0 0 0
329 9 0 0 0
330 9 0 0 0
331 9 0 0 0
332 9 0 0 0
333 9 0 0 0
334 9 0 0 0
335 9 0 0 0
336 9 0 0 0
337 9 0 0 0
338 9 0 0 0
339 9 0 0 0
340 9 0 0 0
341 9 0 0 0
342 9 0 0 0
343 9 0 0 0
344 9 0 0 0
345 9 0 0 0
346 9 0 0 0
347 9 0 0 0
348 9 0 0 0
349 9 0 0 0
350 9 0 0 0
351 9 0 0 0
352 9 0 0 0
353 9 0 0 0
354 9 0 0 0
355 9 0 0 0
356 9 0 0 0
357 9 0 0 0
358 9 0 0 0
359 9 0 0 0
360 9 0 0 0
361 9 0 0 0
362 9 0 0 0
363 9 0 0 0
364 9 0 0 0
365 9 0 0 0
366 9 0 0 0
367 9 0 0 0
368 9 0 0 0
369 9 0 0 0
370 9 0 0 0
371 9 0 0 0
372 9 0 0 0
373 9 0 0 0
374 9 0 0 0
375 9 0 0 0
376 9 0 0 0
377 9 0 0 0
378 9 0 0 0
379 9 0 0 0
380 9 0 0 0
381 9 0 0 0
382 9 0 0 0
383 9 0 0 0
384 9 0 0 0
385 9 0 0 0
386 9 0 0 0
387 9 0 0 0
388 9 0 0 0
389 9 0 0 0
390 9 0 0 0
391 9 0 0 0
392 9 0 0 0
393 9 0 0 0
394 9 0 0 0
395 9 0 0 0
396 9 0 0 0
397 9 0 0 0
398 9 0 0 0
399 9 0 0 0
400 9 0 0 0
401 9 0 0 0
402 9 0 0 0
403 9 0 0 0
404 9 0 0 0
405 9 0 0 0
406 9 0 0 0
407 9 0 0 0
408 9 0 0 0
409 9 0 0 0
410 9 0 0 0
411 9 0 0 0
412 9 0 0 0
413 9 0 0 0
414 9 0 0 0
415 9 0 0 0
416 9 0 0 0
417 9 0 0 0
418 9 0 0 0
419 9 0 0 0
420 9 0 0 0
421 9 0 0 0
422 9 0 0 0
423 9 0 0 0
424 9 0 0 0
425 9 0 0 0
426 9 0 0 0
427 9 0 0 0
428 9 0 0 0
429 9 0 0 0
430 9 0 0 0
431 9 0 0 0
432 9 0 0 0
433 9 0 0 0
434 9 0 0 0
435 9 0 0 0
436 9 0 0 0
437 9 0 0 0
438 9 0 0 0
439 9 0 0 0
440 9 0 0 0
441 9 0 0 0
442 9 0 0 0
443 9 0 0 0
444 9 0 0 0
445 9 0 0 0
446 9 0 0 0
447 9 0 0 0
448 9 0 0 0
449 9 0 0 0
450 9 0 0 0
451 9 0 0 0
452 9 0 0 0
453 9 0 0 0
454 9 0 0 0
455 9 0 0 0
456 9 0 0 0
457 9 0 0 0
458 9 0 0 0
459 9 0 0 0
460 9 0 0 0
461 9 0 0 0
462 9 0 0 0
463 9 0 0 0
464 9 0 0 0
465 9 0 0 0
466 9 0 0 0
467 9 0 0 0
468 9 0 0 0
469 9 0 0 0
470 9 0 0 0
471 9 0 0 0
472 9 0 0 0
473 9 0 0 0
474 9 0 0 0
475 9 0 0 0
476 9 0 0 0
477 9 0 0 0
478 9 0 0 0
479 9 0 0 0
480 9 0 0 0
481 9 0 0 0
482 9 0 0 0
483 9 0 0 0
484 9 0 0 0
485 9 0 0 0
486 9 0 0 0
487 9 0 0 0
488 9 0 0 0
489 9 0 0 0
490 9 0 0 0
491 9 0 0 0
492 9 0 0 0
493 9 0 0 0
494 9 0 0 0
495 9 0 0 0
496 9 0 0 0
497 9 0 0 0
498 9 0 0 0
499 9 0 0 0
500 9 0 0 0
501 9 0 0 0
502 9 0 0 0
503 9 0 0 0
504 9 0 0 0
505 9 0 0 0
506 9 0 0 0
507 9 0 0 0
508 9 0 0 0
509 9 0 0 0
510 9 0 0 0
511 9 0 0 0
512 9 0 0 0
513 9 0 0 0
514 9 0 0 0
515 9 0 0 0
516 9 0 0 0
517 9 0 0 0
518 9 0 0 0
519 9 0 0 0
520 9 0 0 0
521 9 0 0 0
522 9 0 0 0
523 9 0 0 0
524 9 0 0 0
525 9 0 0 0
526 9 0 0 0
527 9 0 0 0
528 9 0 0 0
529 9 0 0 0
530 9 0 0 0
531 9 0 0 0
532 9 0 0 0
533 9 0 0 0
534 9 0 0 0
535 9 0 0 0
536 9 0 0 0
537 9 0 0 0
538 9 0 0 0
539 9 0 0 0
540 9 0 0 0
541 9 0 0 0
542 9 0 0 0
543 9 0 0 0
544 9 0 0 0
545 9 0 0 0
546 9 0 0 0
547 9 0 0 0
548 9 0 0 0
549 9 0 0 0
550 9 0 0 0
551 9 0 0 0
552 9 0 0 0
553 9 0 0 0
554 9 0 0 0
555 9 0 0 0
556 9 0 0 0
557 9 0 0 0
558 9 0 0 0
559 9 0 0 0
560 9 0 0 0
561 9 0 0 0
562 9 0 0 0
563 9 0 0 0
564 9 0 0 0
565 9 0 0 0
566 9 0 0 0
567 9 0 0 0
568 9 0 0 0
569 9 0 0 0
570 9 0 0 0
571 9 0 0 0
572 9 0 0 0
573 9 0 0 0
574 9 0 0 0
575 9 0 0 0
576 9 0 0 0
577 9 0 0 0
578 9 0 0 0
579 9 0 0 0
580 9 0 0 0
581 9 0 0 0
582 9 0 0 0
583 9 0 0 0
584 9 0 0 0
585 9 0 0 0
586 9 0 0 0
587 9 0 0 0
588 9 0 0 0
589 9 0 0 0
590 9 0 0 0
591 9 0 0 0
592 9 0 0 0
593 9 0 0 0
594 9 0 0 0
595 9 0 0 0
596 9 0 0 0
597 9 0 0 0
598 9 0 0 0
599 9 0 0 0
600 9 0 0 0
601 9 0 0 0
602 9 0 0 0
603 9 0 0 0
604 9 0 0 0
605 9 0 0 0
606 9 0 0 0
607 9 0 0 0
608 9 0 0 0
609 9 0 0 0
610 9 0 0 0
611 9 0 0 0
612 9 0 0 0
613 9 0 0 0
614 9 0 0 0
615 9 0 0 0
616 9 0 0 0
617 9 0 0 0
618 9 0 0 0
619 9 0 0 0
620 9 0 0 0
621 9 0 0 0
622 9 0 0 0
623 9 0 0 0
624 9 0 0 0
625 9 0 0 0
626 9 0 0 0
627 9 0 0 0
628 9 0 0 0
629 9 0 0 0
630 9 0 0 0
631 9 0 0 0
632 9 0 0 0
633 9 0 0 0
634 9 0 0 0
635 9 0 0 0
636 9 0 0 0
637 9 0 0 0
638 9 0 0 0
639 9 0 0 0
0 10 0 0 0
1 10 0 0 0
2 10 0 0 0
3 10 0 0 0
4 10 0 0 0
5 10 0 0 0
6 10 0 0 0
7 10 0 0 0
8 10 0 0 0
9 10 0 0 0
10 10 0 0 0
11 10 0 0 0
12 10 0 0 0
13 10 0 0 0
14 10 0 0 0
15 10 0 0 0
16 10 0 0 0
17 10 0 0 0
18 10 0 0 0
19 10 0 0 0
20 10 0 0 0
21 10 0 0 0
22 10 0 0 0
23 10 0 0 0
24 10 0 0 0
25 10 0 0 0
26 10 0 0 0
27 10 0 0 0
28 10 0 0 0
29 10 0 0 0
30 10 0 0 0
31 10 0 0 0
32 10 0 0 0
33 10 0 0 0
34 10 0 0 0
35 10 0 0 0
36 10 0 0 0
37 10 0 0 0
38 10 0 0 0
39 10 0 0 0
40 10 0 0 0
41 10 0 0 0
42 10 0 0 0
43 10 0 0 0
44 10 0 0 0
45 10 0 0 0
46 10 0 0 0
47 10 0 0 0
48 10 0 0 0
49 10 0 0 0
50 10 0 0 0
51 10 0 0 0
52 10 0 0 0
53 10 0 0 0
54 10 0 0 0
55 10 0 0 0
56 10 0 0 0
57 10 0 0 0
58 10 0 0 0
59 10 0 0 0
60 10 0 0 0
61 10 0 0 0
62 10 0 0 0
63 10 0 0 0
64 10 0 0 0
65 10 0 0 0
66 10 0 0 0
67 10 0 0 0
68 10 0 0 0
69 10 0 0 0
70 10 0 0 0
71 10 0 0 0
72 10 0 0 0
73 10 0 0 0
74 10 0 0 0
75 10 0 0 0
76 10 0 0 0
77 10 0 0 0
78 10 0 0 0
79 10 0 0 0
80 10 0 0 0
81 10 0 0 0
82 10 0 0 0
83 10 0 0 0
84 10 0 0 0
85 10 0 0 0
86 10 0 0 0
87 10 0 0 0
88 10 0 0 0
89 10 0 0 0
90 10 0 0 0
91 10 0 0 0
92 10 0 0 0
93 10 0 0 0
94 10 0 0 0
95 10 0 0 0
96 10 0 0 0
97 10 0 0 0
98 10 0 0 0
99 10 0 0 0
100 10 0 0 0
101 10 0 0 0
102 10 0 0 0
103 10 0 0 0
104 10 0 0 0
105 10 0 0 0
106 10 0 0 0
107 10 0 0 0
108 10 0 0 0
109 10 0 0 0
110 10 0 0 0
111 10 0 0 0
112 10 0 0 0
113 10 0 0 0
114 10 0 0 0
115 10 0 0 0
116 10 0 0 0
117 10 0 0 0
118 10 0 0 0
119 10 0 0 0
120 10 0 0 0
121 10 0 0 0
122 10 0 0 0
123 10 0 0 0
124 10 0 0 0
125 10 0 0 0
126 10 0 0 0
127 10 0 0 0
128 10 0 0 0
129 10 0 0 0
130 10 0 0 0
131 10 0 0 0
132 10 0 0 0
133 10 0 0 0
134 10 0 0 0
135 10 0 0 0
136 10 0 0 0
137 10 0 0 0
138 10 0 0 0
139 10 0 0 0
140 10 0 0 0
141 10 0 0 0
142 10 0 0 0
143 10 0 0 0
144 10 0 0 0
145 10 0 0 0
146 10 0 0 0
147 10 0 0 0
148 10 0 0 0
149 10 0 0 0
150 10 0 0 0
151 10 0 0 0
152 10 0 0 0
153 10 0 0 0
154 10 0 0 0
155 10 0 0 0
156 10 0 0 0
157 10 0 0 0
158 10 0 0 0
159 10 0 0 0
160 10 0 0 0
161 10 0 0 0
162 10 0 0 0
163 10 0 0 0
164 10 0 0 0
165 10 0 0 0
166 10 0 0 0
167 10 0 0 0
168 10 0 0 0
169 10 0 0 0
170 10 0 0 0
171 10 0 0 0
172 10 0 0 0
173 10 0 0 0
174 10 0 0 0
175 10 0 0 0
176 10 0 0 0
177 10 0 0 0
178 10 0 0 0
179 10 0 0 0
180 10 0 0 0
181 10 0 0 0
182 10 0 0 0
183 10 0 0 0
184 10 0 0 0
185 10 0 0 0
186 10 0 0 0
187 10 0 0 0
188 10 0 0 0
189 10 0 0 0
190 10 0 0 0
191 10 0 0 0
192 10 0 0 0
193 10 0 0 0
194 10 0 0 0
195 10 0 0 0
196 10 0 0 0
197 10 0 0 0
198 10 0 0 0
199 10 0 0 0
200 10 0 0 0
201 10 0 0 0
202 10 0 0 0
203 10 0 0 0
204 10 0 0 0
205 10 0 0 0
206 10 0 0 0
207 10 0 0 0
208 10 0 0 0
209 10 0 0 0
210 10 0 0 0
211 10 0 0 0
212 10 0 0 0
213 10 0 0 0
214 10 0 0 0
215 10 0 0 0
216 10 0 0 0
217 10 0 0 0
218 10 0 0 0
219 10 0 0 0
220 10 0 0 0
221 10 0 0 0
222 10 0 0 0
223 10 0 0 0
224 10 0 0 0
225 10 0 0 0
226 10 0 0 0
227 10 0 0 0
228 10 0 0 0
229 10 0 0 0
230 10 0 0 0
231 10 0 0 0
232 10 0 0 0
233 10 0 0 0
234 10 0 0 0
235 10 0 0 0
236 10 0 0 0
237 10 0 0 0
238 10 0 0 0
239 10 0 0 0
240 10 0 0 0
241 10 0 0 0
242 10 0 0 0
243 10 0 0 0
244 10 0 0 0
245 10 0 0 0
246 10 0 0 0
247 10 0 0 0
248 10 0 0 0
249 10 0 0 0
250 10 0 0 0
251 10 0 0 0
252 10 0 0 0
253 10 0 0 0
254 10 0 0 0
255 10 0 0 0
256 10 0 0 0
257 10 0 0 0
258 10 0 0 0
259 10 0 0 0
260 10 0 0 0
261 10 0 0 0
262 10 0 0 0
263 10 0 0 0
264 10 0 0 0
265 10 0 0 0
266 10 0 0 0
267 10 0 0 0
268 10 0 0 0
269 10 0 0 0
270 10 0 0 0
271 10 0 0 0
272 10 0 0 0
273 10 0 0 0
274 10 0 0 0
275 10 0 0 0
276 10 0 0 0
277 10 0 0 0
278 10 0 0 0
279 10 0 0 0
280 10 0 0 0
281 10 0 0 0
282 10 0 0 0
283 10 0 0 0
284 10 0 0 0
285 10 0 0 0
286 10 0 0 0
287 10 0 0 0
288 10 0 0 0
289 10 0 0 0
290 10 0 0 0
291 10 0 0 0
292 10 0 0 0
293 10 0 0 0
294 10 0 0 0
295 10 0 0 0
296 10 0 0 0
297 10 0 0 0
298 10 0 0 0
299 10 0 0 0
300 10 0 0 0
301 10 0 0 0
302 10 0 0 0
303 10 0 0 0
304 10 0 0 0
305 10 0 0 0
306 10 0 0 0
307 10 0 0 0
308 10 0 0 0
309 10 0 0 0
310 10 0 0 0
311 10 0 0 0
312 10 0 0 0
313 10 0 0 0
314 10 0 0 0
315 10 0 0 0
316 10 0 0 0
317 10 0 0 0
318 10 0 0 0
319 10 0 0 0
320 10 0 0 0
321 10 0 0 0
322 10 0 0 0
323 10 0 0 0
324 10 0 0 0
325 10 0 0 0
326 10 0 0 0
327 10 0 0 0
328 10 0 0 0
329 10 0 0 0
330 10 0 0 0
331 10 0 0 0
332 10 0 0 0
333 10 0 0 0
334 10 0 0 0
335 10 0 0 0
336 10 0 0 0
337 10 0 0 0
338 10 0 0 0
339 10 0 0 0
340 10 0 0 0
341 10 0 0 0
342 10 0 0 0
343 10 0 0 0
344 10 0 0 0
345 10 0 0 0
346 10 0 0 0
347 10 0 0 0
348 10 0 0 0
349 10 0 0 0
350 10 0 0 0
351 10 0 0 0
352 10 0 0 0
353 10 0 0 0
354 10 0 0 0
355 10 0 0 0
356 10 0 0 0
357 10 0 0 0
358 10 0 0 0
359 10 0 0 0
360 10 0 0 0
361 10 0 0 0
362 10 0 0 0
363 10 0 0 0
364 10 0 0 0
365 10 0 0 0
366 10 0 0 0
367 10 0 0 0
368 10 0 0 0
369 10 0 0 0
370 10 0 0 0
371 10 0 0 0
372 10 0 0 0
373 10 0 0 0
374 10 0 0 0
375 10 0 0 0
376 10 0 0 0
377 10 0 0 0
378 10 0 0 0
379 10 0 0 0
380 10 0 0 0
381 10 0 0 0
382 10 0 0 0
383 10 0 0 0
384 10 0 0 0
385 10 0 0 0
386 10 0 0 0
387 10 0 0 0
388 10 0 0 0
389 10 0 0 0
390 10 0 0 0
391 10 0 0 0
392 10 0 0 0
393 10 0 0 0
394 10 0 0 0
395 10 0 0 0
396 10 0 0 0
397 10 0 0 0
398 10 0 0 0
399 10 0 0 0
400 10 0 0 0
401 10 0 0 0
402 10 0 0 0
403 10 0 0 0
404 10 0 0 0
405 10 0 0 0
406 10 0 0 0
407 10 0 0 0
408 10 0 0 0
409 10 0 0 0
410 10 0 0 0
411 10 0 0 0
412 10 0 0 0
413 10 0 0 0
414 10 0 0 0
415 10 0 0 0
416 10 0 0 0
417 10 0 0 0
418 10 0 0 0
419 10 0 0 0
420 10 0 0 0
421 10 0 0 0
422 10 0 0 0
423 10 0 0 0
424 10 0 0 0
425 10 0 0 0
426 10 0 0 0
427 10 0 0 0
428 10 0 0 0
429 10 0 0 0
430 10 0 0 0
431 10 0 0 0
432 10 0 0 0
433 10 0 0 0
434 10 0 0 0
435 10 0 0 0
436 10 0 0 0
437 10 0 0 0
438 10 0 0 0
439 10 0 0 0
440 10 0 0 0
441 10 0 0 0
442 10 0 0 0
443 10 0 0 0
444 10 0 0 0
445 10 0 0 0
446 10 0 0 0
447 10 0 0 0
448 10 0 0 0
449 10 0 0 0
450 10 0 0 0
451 10 0 0 0
452 10 0 0 0
453 10 0 0 0
454 10 0 0 0
455 10 0 0 0
456 10 0 0 0
457 10 0 0 0
458 10 0 0 0
459 10 0 0 0
460 10 0 0 0
461 10 0 0 0
462 10 0 0 0
463 10 0 0 0
464 10 0 0 0
465 10 0 0 0
466 10 0 0 0
467 10 0 0 0
468 10 0 0 0
469 10 0 0 0
470 10 0 0 0
471 10 0 0 0
472 10 0 0 0
473 10 0 0 0
474 10 0 0 0
475 10 0 0 0
476 10 0 0 0
477 10 0 0 0
478 10 0 0 0
479 10 0 0 0
480 10 0 0 0
481 10 0 0 0
482 10 0 0 0
483 10 0 0 0
484 10 0 0 0
485 10 0 0 0
486 10 0 0 0
487 10 0 0 0
488 10 0 0 0
489 10 0 0 0
490 10 0 0 0
491 10 0 0 0
492 10 0 0 0
493 10 0 0 0
494 10 0 0 0
495 10 0 0 0
496 10 0 0 0
497 10 0 0 0
498 10 0 0 0
499 10 0 0 0
500 10 0 0 0
501 10 0 0 0
502 10 0 0 0
503 10 0 0 0
504 10 0 0 0
505 10 0 0 0
506 10 0 0 0
507 10 0 0 0
508 10 0 0 0
509 10 0 0 0
510 10 0 0 0
511 10 0 0 0
512 10 0 0 0
513 10 0 0 0
514 10 0 0 0
515 10 0 0 0
516 10 0 0 0
517 10 0 0 0
518 10 0 0 0
519 10 0 0 0
520 10 0 0 0
521 10 0 0 0
522 10 0 0 0
523 10 0 0 0
524 10 0 0 0
525 10 0 0 0
526 10 0 0 0
527 10 0 0 0
528 10 0 0 0
529 10 0 0 0
530 10 0 0 0
531 10 0 0 0
532 10 0 0 0
533 10 0 0 0
534 10 0 0 0
535 10 0 0 0
536 10 0 0 0
537 10 0 0 0
538 10 0 0 0
539 10 0 0 0
540 10 0 0 0
541 10 0 0 0
542 10 0 0 0
543 10 0 0 0
544 10 0 0 0
545 10 0 0 0
546 10 0 0 0
547 10 0 0 0
548 10 0 0 0
549 10 0 0 0
550 10 0 0 0
551 10 0 0 0
552 10 0 0 0
553 10 0 0 0
554 10 0 0 0
555 10 0 0 0
556 10 0 0 0
557 10 0 0 0
558 10 0 0 0
559 10 0 0 0
560 10 0 0 0
561 10 0 0 0
562 10 0 0 0
563 10 0 0 0
564 10 0 0 0
565 10 0 0 0
566 10 0 0 0
567 10 0 0 0
568 10 0 0 0
569 10 0 0 0
570 10 0 0 0
571 10 0 0 0
572 10 0 0 0
573 10 0 0 0
574 10 0 0 0
575 10 0 0 0
576 10 0 0 0
577 10 0 0 0
578 10 0 0 0
579 10 0 0 0
580 10 0 0 0
581 10 0 0 0
582 10 0 0 0
583 10 0 0 0
584 10 0 0 0
585 10 0 0 0
586 10 0 0 0
587 10 0 0 0
588 10 0 0 0
589 10 0 0 0
590 10 0 0 0
591 10 0 0 0
592 10 0 0 0
593 10 0 0 0
594 10 0 0 0
595 10 0 0 0
596 10 0 0 0
597 10 0 0 0
598 10 0 0 0
599 10 0 0 0
600 10 0 0 0
601 10 0 0 0
602 10 0 0 0
603 10 0 0 0
604 10 0 0 0
605 10 0 0 0
606 10 0 0 0
607 10 0 0 0
608 10 0 0 0
609 10 0 0 0
610 10 0 0 0
611 10 0 0 0
612 10 0 0 0
613 10 0 0 0
614 10 0 0 0
615 10 0 0 0
616 10 0 0 0
617 10 0 0 0
618 10 0 0 0
619 10 0 0 0
620 10 0 0 0
621 10 0 0 0
622 10 0 0 0
623 10 0 0 0
624 10 0 0 0
625 10 0 0 0
626 10 0 0 0
627 10 0 0 0
628 10 0 0 0
629 10 0 0 0
630 10 0 0 0
631 10 0 0 0
632 10 0 0 0
633 10 0 0 0
634 10 0 0 0
635 10 0 0 0
636 10 0 0 0
637 10 0 0 0
638 10 0 0 0
639 10 0 0 0
0 11 0 0 0
1 11 0 0 0
2 11 0 0 0
3 11 0 0 0
4 11 0 0 0
5 11 0 0 0
6 11 0 0 0
7 11 0 0 0
8 11 0 0 0
9 11 0 0 0
10 11 0 0 0
11 11 0 0 0
12 11 0 0 0
13 11 0 0 0
14 11 0 0 0
15 11 0 0 0
16 11 0 0 0
17 11 0 0 0
18 11 0 0 0
19 11 0 0 0
20 11 0 0 0
21 11 0 0 0
22 11 0 0 0
23 11 0 0 0
24 11 0 0 0
25 11 0 0 0
26 11 0 0 0
27 11 0 0 0
28 11 0 0 0
29 11 0 0 0
30 11 0 0 0
31 11 0 0 0
32 11 0 0 0
33 11 0 0 0
34 11 0 0 0
35 11 0 0 0
36 11 0 0 0
37 11 0 0 0
38 11 0 0 0
39 11 0 0 0
40 11 0 0 0
41 11 0 0 0
42 11 0 0 0
43 11 0 0 0
44 11 0 0 0
45 11 0 0 0
46 11 0 0 0
47 11 0 0 0
48 11 0 0 0
49 11 0 0 0
50 11 0 0 0
51 11 0 0 0
52 11 0 0 0
53 11 0 0 0
54 11 0 0 0
55 11 0 0 0
56 11 0 0 0
57 11 0 0 0
58 11 0 0 0
59 11 0 0 0
60 11 0 0 0
61 11 0 0 0
62 11 0 0 0
63 11 0 0 0
64 11 0 0 0
65 11 0 0 0
66 11 0 0 0
67 11 0 0 0
68 11 0 0 0
69 11 0 0 0
70 11 0 0 0
71 11 0 0 0
72 11 0 0 0
73 11 0 0 0
74 11 0 0 0
75 11 0 0 0
76 11 0 0 0
77 11 0 0 0
78 11 0 0 0
79 11 0 0 0
80 11 0 0 0
81 11 0 0 0
82 11 0 0 0
83 11 0 0 0
84 11 0 0 0
85 11 0 0 0
86 11 0 0 0
87 11 0 0 0
88 11 0 0 0
89 11 0 0 0
90 11 0 0 0
91 11 0 0 0
92 11 0 0 0
93 11 0 0 0
94 11 0 0 0
95 11 0 0 0
96 11 0 0 0
97 11 0 0 0
98 11 0 0 0
99 11 0 0 0
100 11 0 0 0
101 11 0 0 0
102 11 0 0 0
103 11 0 0 0
104 11 0 0 0
105 11 0 0 0
106 11 0 0 0
107 11 0 0 0
108 11 0 0 0
109 11 0 0 0
110 11 0 0 0
111 11 0 0 0
112 11 0 0 0
113 11 0 0 0
114 11 0 0 0
115 11 0 0 0
116 11 0 0 0
117 11 0 0 0
118 11 0 0 0
119 11 0 0 0
120 11 0 0 0
121 11 0 0 0
122 11 0 0 0
123 11 0 0 0
124 11 0 0 0
125 11 0 0 0
126 11 0 0 0
127 11 0 0 0
128 11 0 0 0
129 11 0 0 0
130 11 0 0 0
131 11 0 0 0
132 11 0 0 0
133 11 0 0 0
134 11 0 0 0
135 11 0 0 0
136 11 0 0 0
137 11 0 0 0
138 11 0 0 0
139 11 0 0 0
140 11 0 0 0
141 11 0 0 0
142 11 0 0 0
143 11 0 0 0
144 11 0 0 0
145 11 0 0 0
146 11 0 0 0
147 11 0 0 0
148 11 0 0 0
149 11 0 0 0
150 11 0 0 0
151 11 0 0 0
152 11 0 0 0
153 11 0 0 0
154 11 0 0 0
155 11 0 0 0
156 11 0 0 0
157 11 0 0 0
158 11 0 0 0
159 11 0 0 0
160 11 0 0 0
161 11 0 0 0
162 11 0 0 0
163 11 0 0 0
164 11 0 0 0
165 11 0 0 0
166 11 0 0 0
167 11 0 0 0
168 11 0 0 0
169 11 0 0 0
170 11 0 0 0
171 11 0 0 0
172 11 0 0 0
173 11 0 0 0
174 11 0 0 0
175 11 0 0 0
176 11 0 0 0
177 11 0 0 0
178 11 0 0 0
179 11 0 0 0
180 11 0 0 0
181 11 0 0 0
182 11 0 0 0
183 11 0 0 0
184 11 0 0 0
185 11 0 0 0
186 11 0 0 0
187 11 0 0 0
188 11 0 0 0
189 11 0 0 0
190 11 0 0 0
191 11 0 0 0
192 11 0 0 0
193 11 0 0 0
194 11 0 0 0
195 11 0 0 0
196 11 0 0 0
197 11 0 0 0
198 11 0 0 0
199 11 0 0 0
200 11 0 0 0
201 11 0 0 0
202 11 0 0 0
203 11 0 0 0
204 11 0 0 0
205 11 0 0 0
206 11 0 0 0
207 11 0 0 0
208 11 0 0 0
209 11 0 0 0
210 11 0 0 0
211 11 0 0 0
212 11 0 0 0
213 11 0 0 0
214 11 0 0 0
215 11 0 0 0
216 11 0 0 0
217 11 0 0 0
218 11 0 0 0
219 11 0 0 0
220 11 0 0 0
221 11 0 0 0
222 11 0 0 0
223 11 0 0 0
224 11 0 0 0
225 11 0 0 0
226 11 0 0 0
227 11 0 0 0
228 11 0 0 0
229 11 0 0 0
230 11 0 0 0
231 11 0 0 0
232 11 0 0 0
233 11 0 0 0
234 11 0 0 0
235 11 0 0 0
236 11 0 0 0
237 11 0 0 0
238 11 0 0 0
239 11 0 0 0
240 11 0 0 0
241 11 0 0 0
242 11 0 0 0
243 11 0 0 0
244 11 0 0 0
245 11 0 0 0
246 11 0 0 0
247 11 0 0 0
248 11 0 0 0
249 11 0 0 0
250 11 0 0 0
251 11 0 0 0
252 11 0 0 0
253 11 0 0 0
254 11 0 0 0
255 11 0 0 0
256 11 0 0 0
257 11 0 0 0
258 11 0 0 0
259 11 0 0 0
260 11 0 0 0
261 11 0 0 0
262 11 0 0 0
263 11 0 0 0
264 11 0 0 0
265 11 0 0 0
266 11 0 0 0
267 11 0 0 0
268 11 0 0 0
269 11 0 0 0
270 11 0 0 0
271 11 0 0 0
272 11 0 0 0
273 11 0 0 0
274 11 0 0 0
275 11 0 0 0
276 11 0 0 0
277 11 0 0 0
278 11 0 0 0
279 11 0 0 0
280 11 0 0 0
281 11 0 0 0
282 11 0 0 0
283 11 0 0 0
284 11 0 0 0
285 11 0 0 0
286 11 0 0 0
287 11 0 0 0
288 11 0 0 0
289 11 0 0 0
290 11 0 0 0
291 11 0 0 0
292 11 0 0 0
293 11 0 0 0
294 11 0 0 0
295 11 0 0 0
296 11 0 0 0
297 11 0 0 0
298 11 0 0 0
299 11 0 0 0
300 11 0 0 0
301 11 0 0 0
302 11 0 0 0
303 11 0 0 0
304 11 0 0 0
305 11 0 0 0
306 11 0 0 0
307 11 0 0 0
308 11 0 0 0
309 11 0 0 0
310 11 0 0 0
311 11 0 0 0
312 11 0 0 0
313 11 0 0 0
314 11 0 0 0
315 11 0 0 0
316 11 0 0 0
317 11 0 0 0
318 11 0 0 0
319 11 0 0 0
320 11 0 0 0
321 11 0 0 0
322 11 0 0 0
323 11 0 0 0
324 11 0 0 0
325 11 0 0 0
326 11 0 0 0
327 11 0 0 0
328 11 0 0 0
329 11 0 0 0
330 11 0 0 0
331 11 0 0 0
332 11 0 0 0
333 11 0 0 0
334 11 0 0 0
335 11 0 0 0
336 11 0 0 0
337 11 0 0 0
338 11 0 0 0
339 11 0 0 0
340 11 0 0 0
341 11 0 0 0
342 11 0 0 0
343 11 0 0 0
344 11 0 0 0
345 11 0 0 0
346 11 0 0 0
347 11 0 0 0
348 11 0 0 0
349 11 0 0 0
350 11 0 0 0
351 11 0 0 0
352 11 0 0 0
353 11 0 0 0
354 11 0 0 0
355 11 0 0 0
356 11 0 0 0
357 11 0 0 0
358 11 0 0 0
359 11 0 0 0
360 11 0 0 0
361 11 0 0 0
362 11 0 0 0
363 11 0 0 0
364 11 0 0 0
365 11 0 0 0
366 11 0 0 0
367 11 0 0 0
368 11 0 0 0
369 11 0 0 0
370 11 0 0 0
371 11 0 0 0
372 11 0 0 0
373 11 0 0 0
374 11 0 0 0
375 11 0 0 0
376 11 0 0 0
377 11 0 0 0
378 11 0 0 0
379 11 0 0 0
380 11 0 0 0
381 11 0 0 0
382 11 0 0 0
383 11 0 0 0
384 11 0 0 0
385 11 0 0 0
386 11 0 0 0
387 11 0 0 0
388 11 0 0 0
389 11 0 0 0
390 11 0 0 0
391 11 0 0 0
392 11 0 0 0
393 11 0 0 0
394 11 0 0 0
395 11 0 0 0
396 11 0 0 0
397 11 0 0 0
398 11 0 0 0
399 11 0 0 0
400 11 0 0 0
401 11 0 0 0
402 11 0 0 0
403 11 0 0 0
404 11 0 0 0
405 11 0 0 0
406 11 0 0 0
407 11 0 0 0
408 11 0 0 0
409 11 0 0 0
410 11 0 0 0
411 11 0 0 0
412 11 0 0 0
413 11 0 0 0
414 11 0 0 0
415 11 0 0 0
416 11 0 0 0
417 11 0 0 0
418 11 0 0 0
419 11 0 0 0
420 11 0 0 0
421 11 0 0 0
422 11 0 0 0
423 11 0 0 0
424 11 0 0 0
425 11 0 0 0
426 11 0 0 0
427 11 0 0 0
428 11 0 0 0
429 11 0 0 0
430 11 0 0 0
431 11 0 0 0
432 11 0 0 0
433 11 0 0 0
434 11 0 0 0
435 11 0 0 0
436 11 0 0 0
437 11 0 0 0
438 11 0 0 0
439 11 0 0 0
440 11 0 0 0
441 11 0 0 0
442 11 0 0 0
443 11 0 0 0
444 11 0 0 0
445 11 0 0 0
446 11 0 0 0
447 11 0 0 0
448 11 0 0 0
449 11 0 0 0
450 11 0 0 0
451 11 0 0 0
452 11 0 0 0
453 11 0 0 0
454 11 0 0 0
455 11 0 0 0
456 11 0 0 0
457 11 0 0 0
458 11 0 0 0
459 11 0 0 0
460 11 0 0 0
461 11 0 0 0
462 11 0 0 0
463 11 0 0 0
464 11 0 0 0
465 11 0 0 0
466 11 0 0 0
467 11 0 0 0
468 11 0 0 0
469 11 0 0 0
470 11 0 0 0
471 11 0 0 0
472 11 0 0 0
473 11 0 0 0
474 11 0 0 0
475 11 0 0 0
476 11 0 0 0
477 11 0 0 0
478 11 0 0 0
479 11 0 0 0
480 11 0 0 0
481 11 0 0 0
482 11 0 0 0
483 11 0 0 0
484 11 0 0 0
485 11 0 0 0
486 11 0 0 0
487 11 0 0 0
488 11 0 0 0
489 11 0 0 0
490 11 0 0 0
491 11 0 0 0
492 11 0 0 0
493 11 0 0 0
494 11 0 0 0
495 11 0 0 0
496 11 0 0 0
497 11 0 0 0
498 11 0 0 0
499 11 0 0 0
500 11 0 0 0
501 11 0 0 0
502 11 0 0 0
503 11 0 0 0
504 11 0 0 0
505 11 0 0 0
506 11 0 0 0
507 11 0 0 0
508 11 0 0 0
509 11 0 0 0
510 11 0 0 0
511 11 0 0 0
512 11 0 0 0
513 11 0 0 0
514 11 0 0 0
515 11 0 0 0
516 11 0 0 0
517 11 0 0 0
518 11 0 0 0
519 11 0 0 0
520 11 0 0 0
521 11 0 0 0
522 11 0 0 0
523 11 0 0 0
524 11 0 0 0
525 11 0 0 0
526 11 0 0 0
527 11 0 0 0
528 11 0 0 0
529 11 0 0 0
530 11 0 0 0
531 11 0 0 0
532 11 0 0 0
533 11 0 0 0
534 11 0 0 0
535 11 0 0 0
536 11 0 0 0
537 11 0 0 0
538 11 0 0 0
539 11 0 0 0
540 11 0 0 0
541 11 0 0 0
542 11 0 0 0
543 11 0 0 0
544 11 0 0 0
545 11 0 0 0
546 11 0 0 0
547 11 0 0 0
548 11 0 0 0
549 11 0 0 0
550 11 0 0 0
551 11 0 0 0
552 11 0 0 0
553 11 0 0 0
554 11 0 0 0
555 11 0 0 0
556 11 0 0 0
557 11 0 0 0
558 11 0 0 0
559 11 0 0 0
560 11 0 0 0
561 11 0 0 0
562 11 0 0 0
563 11 0 0 0
564 11 0 0 0
565 11 0 0 0
566 11 0 0 0
567 11 0 0 0
568 11 0 0 0
569 11 0 0 0
570 11 0 0 0
571 11 0 0 0
572 11 0 0 0
573 11 0 0 0
574 11 0 0 0
575 11 0 0 0
576 11 0 0 0
577 11 0 0 0
578 11 0 0 0
579 11 0 0 0
580 11 0 0 0
581 11 0 0 0
582 11 0 0 0
583 11 0 0 0
584 11 0 0 0
585 11 0 0 0
586 11 0 0 0
587 11 0 0 0
588 11 0 0 0
589 11 0 0 0
590 11 0 0 0
591 11 0 0 0
592 11 0 0 0
593 11 0 0 0
594 11 0 0 0
595 11 0 0 0
596 11 0 0 0
597 11 0 0 0
598 11 0 0 0
599 11 0 0 0
600 11 0 0 0
601 11 0 0 0
602 11 0 0 0
603 11 0 0 0
604 11 0 0 0
605 11 0 0 0
606 11 0 0 0
607 11 0 0 0
608 11 0 0 0
609 11 0 0 0
610 11 0 0 0
611 11 0 0 0
612 11 0 0 0
613 11 0 0 0
614 11 0 0 0
615 11 0 0 0
616 11 0 0 0
617 11 0 0 0
618 11 0 0 0
619 11 0 0 0
620 11 0 0 0
621 11 0 0 0
622 11 0 0 0
623 11 0 0 0
624 11 0 0 0
625 11 0 0 0
626 11 0 0 0
627 11 0 0 0
628 11 0 0 0
629 11 0 0 0
630 11 0 0 0
631 11 0 0 0
632 11 0 0 0
633 11 0 0 0
634 11 0 0 0
635 11 0 0 0
636 11 0 0 0
637 11 0 0 0
638 11 0 0 0
639 11 0 0 0
0 12 0 0 0
1 12 0 0 0
2 12 0 0 0
3 12 0 0 0
4 12 0 0 0
5 12 0 0 0
6 12 0 0 0
7 12 0 0 0
8 12 0 0 0
9 12 0 0 0
10 12 0 0 0
11 12 0 0 0
12 12 0 0 0
13 12 0 0 0
14 12 0 0 0
15 12 0 0 0
16 12 0 0 0
17 12 0 0 0
18 12 0 0 0
19 12 0 0 0
20 12 0 0 0
21 12 0 0 0
22 12 0 0 0
23 12 0 0 0
24 12 0 0 0
25 12 0 0 0
26 12 0 0 0
27 12 0 0 0
28 12 0 0 0
29 12 0 0 0
30 12 0 0 0
31 12 0 0 0
32 12 0 0 0
33 12 0 0 0
34 12 0 0 0
35 12 0 0 0
36 12 0 0 0
37 12 0 0 0
38 12 0 0 0
39 12 0 0 0
40 12 0 0 0
41 12 0 0 0
42 12 0 0 0
43 12 0 0 0
44 12 0 0 0
45 12 0 0 0
46 12 0 0 0
47 12 0 0 0
48 12 0 0 0
49 12 0 0 0
50 12 0 0 0
51 12 0 0 0
52 12 0 0 0
53 12 0 0 0
54 12 0 0 0
55 12 0 0 0
56 12 0 0 0
57 12 0 0 0
58 12 0 0 0
59 12 0 0 0
60 12 0 0 0
61 12 0 0 0
62 12 0 0 0
63 12 0 0 0
64 12 0 0 0
65 12 0 0 0
66 12 0 0 0
67 12 0 0 0
68 12 0 0 0
69 12 0 0 0
70 12 0 0 0
71 12 0 0 0
72 12 0 0 0
73 12 0 0 0
74 12 0 0 0
75 12 0 0 0
76 12 0 0 0
77 12 0 0 0
78 12 0 0 0
79 12 0 0 0
80 12 0 0 0
81 12 0 0 0
82 12 0 0 0
83 12 0 0 0
84 12 0 0 0
85 12 0 0 0
86 12 0 0 0
87 12 0 0 0
88 12 0 0 0
89 12 0 0 0
90 12 0 0 0
91 12 0 0 0
92 12 0 0 0
93 12 0 0 0
94 12 0 0 0
95 12 0 0 0
96 12 0 0 0
97 12 0 0 0
98 12 0 0 0
99 12 0 0 0
100 12 0 0 0
101 12 0 0 0
102 12 0 0 0
103 12 0 0 0
104 12 0 0 0
105 12 0 0 0
106 12 0 0 0
107 12 0 0 0
108 12 0 0 0
109 12 0 0 0
110 12 0 0 0
111 12 0 0 0
112 12 0 0 0
113 12 0 0 0
114 12 0 0 0
115 12 0 0 0
116 12 0 0 0
117 12 0 0 0
118 12 0 0 0
119 12 0 0 0
120 12 0 0 0
121 12 0 0 0
122 12 0 0 0
123 12 0 0 0
124 12 0 0 0
125 12 0 0 0
126 12 0 0 0
127 12 0 0 0
128 12 0 0 0
129 12 0 0 0
130 12 0 0 0
131 12 0 0 0
132 12 0 0 0
133 12 0 0 0
134 12 0 0 0
135 12 0 0 0
136 12 0 0 0
137 12 0 0 0
138 12 0 0 0
139 12 0 0 0
140 12 0 0 0
141 12 0 0 0
142 12 0 0 0
143 12 0 0 0
144 12 0 0 0
145 12 0 0 0
146 12 0 0 0
147 12 0 0 0
148 12 0 0 0
149 12 0 0 0
150 12 0 0 0
151 12 0 0 0
152 12 0 0 0
153 12 0 0 0
154 12 0 0 0
155 12 0 0 0
156 12 0 0 0
157 12 0 0 0
158 12 0 0 0
159 12 0 0 0
160 12 0 0 0
161 12 0 0 0
162 12 0 0 0
163 12 0 0 0
164 12 0 0 0
165 12 0 0 0
166 12 0 0 0
167 12 0 0 0
168 12 0 0 0
169 12 0 0 0
170 12 0 0 0
171 12 0 0 0
172 12 0 0 0
173 12 0 0 0
174 12 0 0 0
175 12 0 0 0
176 12 0 0 0
177 12 0 0 0
178 12 0 0 0
179 12 0 0 0
180 12 0 0 0
181 12 0 0 0
182 12 0 0 0
183 12 0 0 0
184 12 0 0 0
185 12 0 0 0
186 12 0 0 0
187 12 0 0 0
188 12 0 0 0
189 12 0 0 0
190 12 0 0 0
191 12 0 0 0
192 12 0 0 0
193 12 0 0 0
194 12 0 0 0
195 12 0 0 0
196 12 0 0 0
197 12 0 0 0
198 12 0 0 0
199 12 0 0 0
200 12 0 0 0
201 12 0 0 0
202 12 0 0 0
203 12 0 0 0
204 12 0 0 0
205 12 0 0 0
206 12 0 0 0
207 12 0 0 0
208 12 0 0 0
209 12 0 0 0
210 12 0 0 0
211 12 0 0 0
212 12 0 0 0
213 12 0 0 0
214 12 0 0 0
215 12 0 0 0
216 12 0 0 0
217 12 0 0 0
218 12 0 0 0
219 12 0 0 0
220 12 0 0 0
221 12 0 0 0
222 12 0 0 0
223 12 0 0 0
224 12 0 0 0
225 12 0 0 0
226 12 0 0 0
227 12 0 0 0
228 12 0 0 0
229 12 0 0 0
230 12 0 0 0
231 12 0 0 0
232 12 0 0 0
233 12 0 0 0
234 12 0 0 0
235 12 0 0 0
236 12 0 0 0
237 12 0 0 0
238 12 0 0 0
239 12 0 0 0
240 12 0 0 0
241 12 0 0 0
242 12 0 0 0
243 12 0 0 0
244 12 0 0 0
245 12 0 0 0
246 12 0 0 0
247 12 0 0 0
248 12 0 0 0
249 12 0 0 0
250 12 0 0 0
251 12 0 0 0
252 12 0 0 0
253 12 0 0 0
254 12 0 0 0
255 12 0 0 0
256 12 0 0 0
257 12 0 0 0
258 12 0 0 0
259 12 0 0 0
260 12 0 0 0
261 12 0 0 0
262 12 0 0 0
263 12 0 0 0
264 12 0 0 0
265 12 0 0 0
266 12 0 0 0
267 12 0 0 0
268 12 0 0 0
269 12 0 0 0
270 12 0 0 0
271 12 0 0 0
272 12 0 0 0
273 12 0 0 0
274 12 0 0 0
275 12 0 0 0
276 12 0 0 0
277 12 0 0 0
278 12 0 0 0
279 12 0 0 0
280 12 0 0 0
281 12 0 0 0
282 12 0 0 0
283 12 0 0 0
284 12 0 0 0
285 12 0 0 0
286 12 0 0 0
287 12 0 0 0
288 12 0 0 0
289 12 0 0 0
290 12 0 0 0
291 12 0 0 0
292 12 0 0 0
293 12 0 0 0
294 12 0 0 0
295 12 0 0 0
296 12 0 0 0
297 12 0 0 0
298 12 0 0 0
299 12 0 0 0
300 12 0 0 0
301 12 0 0 0
302 12 0 0 0
303 12 0 0 0
304 12 0 0 0
305 12 0 0 0
306 12 0 0 0
307 12 0 0 0
308 12 0 0 0
309 12 0 0 0
310 12 0 0 0
311 12 0 0 0
312 12 0 0 0
313 12 0 0 0
314 12 0 0 0
315 12 0 0 0
316 12 0 0 0
317 12 0 0 0
318 12 0 0 0
319 12 0 0 0
320 12 0 0 0
321 12 0 0 0
322 12 0 0 0
323 12 0 0 0
324 12 0 0 0
325 12 0 0 0
326 12 0 0 0
327 12 0 0 0
328 12 0 0 0
329 12 0 0 0
330 12 0 0 0
331 12 0 0 0
332 12 0 0 0
333 12 0 0 0
334 12 0 0 0
335 12 0 0 0
336 12 0 0 0
337 12 0 0 0
338 12 0 0 0
339 12 0 0 0
340 12 0 0 0
341 12 0 0 0
342 12 0 0 0
343 12 0 0 0
344 12 0 0 0
345 12 0 0 0
346 12 0 0 0
347 12 0 0 0
348 12 0 0 0
349 12 0 0 0
350 12 0 0 0
351 12 0 0 0
352 12 0 0 0
353 12 0 0 0
354 12 0 0 0
355 12 0 0 0
356 12 0 0 0
357 12 0 0 0
358 12 0 0 0
359 12 0 0 0
360 12 0 0 0
361 12 0 0 0
362 12 0 0 0
363 12 0 0 0
364 12 0 0 0
365 12 0 0 0
366 12 0 0 0
367 12 0 0 0
368 12 0 0 0
369 12 0 0 0
370 12 0 0 0
371 12 0 0 0
372 12 0 0 0
373 12 0 0 0
374 12 0 0 0
375 12 0 0 0
376 12 0 0 0
377 12 0 0 0
378 12 0 0 0
379 12 0 0 0
380 12 0 0 0
381 12 0 0 0
382 12 0 0 0
383 12 0 0 0
384 12 0 0 0
385 12 0 0 0
386 12 0 0 0
387 12 0 0 0
388 12 0 0 0
389 12 0 0 0
390 12 0 0 0
391 12 0 0 0
392 12 0 0 0
393 12 0 0 0
394 12 0 0 0
395 12 0 0 0
396 12 0 0 0
397 12 0 0 0
398 12 0 0 0
399 12 0 0 0
400 12 0 0 0
401 12 0 0 0
402 12 0 0 0
403 12 0 0 0
404 12 0 0 0
405 12 0 0 0
406 12 0 0 0
407 12 0 0 0
408 12 0 0 0
409 12 0 0 0
410 12 0 0 0
411 12 0 0 0
412 12 0 0 0
413 12 0 0 0
414 12 0 0 0
415 12 0 0 0
416 12 0 0 0
417 12 0 0 0
418 12 0 0 0
419 12 0 0 0
420 12 0 0 0
421 12 0 0 0
422 12 0 0 0
423 12 0 0 0
424 12 0 0 0
425 12 0 0 0
426 12 0 0 0
427 12 0 0 0
428 12 0 0 0
429 12 0 0 0
430 12 0 0 0
431 12 0 0 0
432 12 0 0 0
433 12 0 0 0
434 12 0 0 0
435 12 0 0 0
436 12 0 0 0
437 12 0 0 0
438 12 0 0 0
439 12 0 0 0
440 12 0 0 0
441 12 0 0 0
442 12 0 0 0
443 12 0 0 0
444 12 0 0 0
445 12 0 0 0
446 12 0 0 0
447 12 0 0 0
448 12 0 0 0
449 12 0 0 0
450 12 0 0 0
451 12 0 0 0
452 12 0 0 0
453 12 0 0 0
454 12 0 0 0
455 12 0 0 0
456 12 0 0 0
457 12 0 0 0
458 12 0 0 0
459 12 0 0 0
460 12 0 0 0
461 12 0 0 0
462 12 0 0 0
463 12 0 0 0
464 12 0 0 0
465 12 0 0 0
466 12 0 0 0
467 12 0 0 0
468 12 0 0 0
469 12 0 0 0
470 12 0 0 0
471 12 0 0 0
472 12 0 0 0
473 12 0 0 0
474 12 0 0 0
475 12 0 0 0
476 12 0 0 0
477 12 0 0 0
478 12 0 0 0
479 12 0 0 0
480 12 0 0 0
481 12 0 0 0
482 12 0 0 0
483 12 0 0 0
484 12 0 0 0
485 12 0 0 0
486 12 0 0 0
487 12 0 0 0
488 12 0 0 0
489 12 0 0 0
490 12 0 0 0
491 12 0 0 0
492 12 0 0 0
493 12 0 0 0
494 12 0 0 0
495 12 0 0 0
496 12 0 0 0
497 12 0 0 0
498 12 0 0 0
499 12 0 0 0
500 12 0 0 0
501 12 0 0 0
502 12 0 0 0
503 12 0 0 0
504 12 0 0 0
505 12 0 0 0
506 12 0 0 0
507 12 0 0 0
508 12 0 0 0
509 12 0 0 0
510 12 0 0 0
511 12 0 0 0
512 12 0 0 0
513 12 0 0 0
514 12 0 0 0
515 12 0 0 0
516 12 0 0 0
517 12 0 0 0
518 12 0 0 0
519 12 0 0 0
520 12 0 0 0
521 12 0 0 0
522 12 0 0 0
523 12 0 0 0
524 12 0 0 0
525 12 0 0 0
526 12 0 0 0
527 12 0 0 0
528 12 0 0 0
529 12 0 0 0
530 12 0 0 0
531 12 0 0 0
532 12 0 0 0
533 12 0 0 0
534 12 0 0 0
535 12 0 0 0
536 12 0 0 0
537 12 0 0 0
538 12 0 0 0
539 12 0 0 0
540 12 0 0 0
541 12 0 0 0
542 12 0 0 0
543 12 0 0 0
544 12 0 0 0
545 12 0 0 0
546 12 0 0 0
547 12 0 0 0
548 12 0 0 0
549 12 0 0 0
550 12 0 0 0
551 12 0 0 0
552 12 0 0 0
553 12 0 0 0
554 12 0 0 0
555 12 0 0 0
556 12 0 0 0
557 12 0 0 0
558 12 0 0 0
559 12 0 0 0
560 12 0 0 0
561 12 0 0 0
562 12 0 0 0
563 12 0 0 0
564 12 0 0 0
565 12 0 0 0
566 12 0 0 0
567 12 0 0 0
568 12 0 0 0
569 12 0 0 0
570 12 0 0 0
571 12 0 0 0
572 12 0 0 0
573 12 0 0 0
574 12 0 0 0
575 12 0 0 0
576 12 0 0 0
577 12 0 0 0
578 12 0 0 0
579 12 0 0 0
580 12 0 0 0
581 12 0 0 0
582 12 0 0 0
583 12 0 0 0
584 12 0 0 0
585 12 0 0 0
586 12 0 0 0
587 12 0 0 0
588 12 0 0 0
589 12 0 0 0
590 12 0 0 0
591 12 0 0 0
592 12 0 0 0
593 12 0 0 0
594 12 0 0 0
595 12 0 0 0
596 12 0 0 0
597 12 0 0 0
598 12 0 0 0
599 12 0 0 0
600 12 0 0 0
601 12 0 0 0
602 12 0 0 0
603 12 0 0 0
604 12 0 0 0
605 12 0 0 0
606 12 0 0 0
607 12 0 0 0
608 12 0 0 0
609 12 0 0 0
610 12 0 0 0
611 12 0 0 0
612 12 0 0 0
613 12 0 0 0
614 12 0 0 0
615 12 0 0 0
616 12 0 0 0
617 12 0 0 0
618 12 0 0 0
619 12 0 0 0
620 12 0 0 0
621 12 0 0 0
622 12 0 0 0
623 12 0 0 0
624 12 0 0 0
625 12 0 0 0
626 12 0 0 0
627 12 0 0 0
628 12 0 0 0
629 12 0 0 0
630 12 0 0 0
631 12 0 0 0
632 12 0 0 0
633 12 0 0 0
634 12 0 0 0
635 12 0 0 0
636 12 0 0 0
637 12 0 0 0
638 12 0 0 0
639 12 0 0 0
0 13 0 0 0
1 13 0 0 0
2 13 0 0 0
3 13 0 0 0
4 13 0 0 0
5 13 0 0 0
6 13 0 0 0
7 13 0 0 0
8 13 0 0 0
9 13 0 0 0
10 13 0 0 0
11 13 0 0 0
12 13 0 0 0
13 13 0 0 0
14 13 0 0 0
15 13 0 0 0
16 13 0 0 0
17 13 0 0 0
18 13 0 0 0
19 13 0 0 0
20 13 0 0 0
21 13 0 0 0
22 13 0 0 0
23 13 0 0 0
24 13 0 0 0
25 13 0 0 0
26 13 0 0 0
27 13 0 0 0
28 13 0 0 0
29 13 0 0 0
30 13 0 0 0
31 13 0 0 0
32 13 0 0 0
33 13 0 0 0
34 13 0 0 0
35 13 0 0 0
36 13 0 0 0
37 13 0 0 0
38 13 0 0 0
39 13 0 0 0
40 13 0 0 0
41 13 0 0 0
42 13 0 0 0
43 13 0 0 0
44 13 0 0 0
45 13 0 0 0
46 13 0 0 0
47 13 0 0 0
48 13 0 0 0
49 13 0 0 0
50 13 0 0 0
51 13 0 0 0
52 13 0 0 0
53 13 0 0 0
54 13 0 0 0
55 13 0 0 0
56 13 0 0 0
57 13 0 0 0
58 13 0 0 0
59 13 0 0 0
60 13 0 0 0
61 13 0 0 0
62 13 0 0 0
63 13 0 0 0
64 13 0 0 0
65 13 0 0 0
66 13 0 0 0
67 13 0 0 0
68 13 0 0 0
69 13 0 0 0
70 13 0 0 0
71 13 0 0 0
72 13 0 0 0
73 13 0 0 0
74 13 0 0 0
75 13 0 0 0
76 13 0 0 0
77 13 0 0 0
78 13 0 0 0
79 13 0 0 0
80 13 0 0 0
81 13 0 0 0
82 13 0 0 0
83 13 0 0 0
84 13 0 0 0
85 13 0 0 0
86 13 0 0 0
87 13 0 0 0
88 13 0 0 0
89 13 0 0 0
90 13 0 0 0
91 13 0 0 0
92 13 0 0 0
93 13 0 0 0
94 13 0 0 0
95 13 0 0 0
96 13 0 0 0
97 13 0 0 0
98 13 0 0 0
99 13 0 0 0
100 13 0 0 0
101 13 0 0 0
102 13 0 0 0
103 13 0 0 0
104 13 0 0 0
105 13 0 0 0
106 13 0 0 0
107 13 0 0 0
108 13 0 0 0
109 13 0 0 0
110 13 0 0 0
111 13 0 0 0
112 13 0 0 0
113 13 0 0 0
114 13 0 0 0
115 13 0 0 0
116 13 0 0 0
117 13 0 0 0
118 13 0 0 0
119 13 0 0 0
120 13 0 0 0
121 13 0 0 0
122 13 0 0 0
123 13 0 0 0
124 13 0 0 0
125 13 0 0 0
126 13 0 0 0
127 13 0 0 0
128 13 0 0 0
129 13 0 0 0
130 13 0 0 0
131 13 0 0 0
132 13 0 0 0
133 13 0 0 0
134 13 0 0 0
135 13 0 0 0
136 13 0 0 0
137 13 0 0 0
138 13 0 0 0
139 13 0 0 0
140 13 0 0 0
141 13 0 0 0
142 13 0 0 0
143 13 0 0 0
144 13 0 0 0
145 13 0 0 0
146 13 0 0 0
147 13 0 0 0
148 13 0 0 0
149 13 0 0 0
150 13 0 0 0
151 13 0 0 0
152 13 0 0 0
153 13 0 0 0
154 13 0 0 0
155 13 0 0 0
156 13 0 0 0
157 13 0 0 0
158 13 0 0 0
159 13 0 0 0
160 13 0 0 0
161 13 0 0 0
162 13 0 0 0
163 13 0 0 0
164 13 0 0 0
165 13 0 0 0
166 13 0 0 0
167 13 0 0 0
168 13 0 0 0
169 13 0 0 0
170 13 0 0 0
171 13 0 0 0
172 13 0 0 0
173 13 0 0 0
174 13 0 0 0
175 13 0 0 0
176 13 0 0 0
177 13 0 0 0
178 13 0 0 0
179 13 0 0 0
180 13 0 0 0
181 13 0 0 0
182 13 0 0 0
183 13 0 0 0
184 13 0 0 0
185 13 0 0 0
186 13 0 0 0
187 13 0 0 0
188 13 0 0 0
189 13 0 0 0
190 13 0 0 0
191 13 0 0 0
192 13 0 0 0
193 13 0 0 0
194 13 0 0 0
195 13 0 0 0
196 13 0 0 0
197 13 0 0 0
198 13 0 0 0
199 13 0 0 0
200 13 0 0 0
201 13 0 0 0
202 13 0 0 0
203 13 0 0 0
204 13 0 0 0
205 13 0 0 0
206 13 0 0 0
207 13 0 0 0
208 13 0 0 0
209 13 0 0 0
210 13 0 0 0
211 13 0 0 0
212 13 0 0 0
213 13 0 0 0
214 13 0 0 0
215 13 0 0 0
216 13 0 0 0
217 13 0 0 0
218 13 0 0 0
219 13 0 0 0
220 13 0 0 0
221 13 0 0 0
222 13 0 0 0
223 13 0 0 0
224 13 0 0 0
225 13 0 0 0
226 13 0 0 0
227 13 0 0 0
228 13 0 0 0
229 13 0 0 0
230 13 0 0 0
231 13 0 0 0
232 13 0 0 0
233 13 0 0 0
234 13 0 0 0
235 13 0 0 0
236 13 0 0 0
237 13 0 0 0
238 13 0 0 0
239 13 0 0 0
240 13 0 0 0
241 13 0 0 0
242 13 0 0 0
243 13 0 0 0
244 13 0 0 0
245 13 0 0 0
246 13 0 0 0
247 13 0 0 0
248 13 0 0 0
249 13 0 0 0
250 13 0 0 0
251 13 0 0 0
252 13 0 0 0
253 13 0 0 0
254 13 0 0 0
255 13 0 0 0
256 13 0 0 0
257 13 0 0 0
258 13 0 0 0
259 13 0 0 0
260 13 0 0 0
261 13 0 0 0
262 13 0 0 0
263 13 0 0 0
264 13 0 0 0
265 13 0 0 0
266 13 0 0 0
267 13 0 0 0
268 13 0 0 0
269 13 0 0 0
270 13 0 0 0
271 13 0 0 0
272 13 0 0 0
273 13 0 0 0
274 13 0 0 0
275 13 0 0 0
276 13 0 0 0
277 13 0 0 0
278 13 0 0 0
279 13 0 0 0
280 13 0 0 0
281 13 0 0 0
282 13 0 0 0
283 13 0 0 0
284 13 0 0 0
285 13 0 0 0
286 13 0 0 0
287 13 0 0 0
288 13 0 0 0
289 13 0 0 0
290 13 0 0 0
291 13 0 0 0
292 13 0 0 0
293 13 0 0 0
294 13 0 0 0
295 13 0 0 0
296 13 0 0 0
297 13 0 0 0
298 13 0 0 0
299 13 0 0 0
300 13 0 0 0
301 13 0 0 0
302 13 0 0 0
303 13 0 0 0
304 13 0 0 0
305 13 0 0 0
306 13 0 0 0
307 13 0 0 0
308 13 0 0 0
309 13 0 0 0
310 13 0 0 0
311 13 0 0 0
312 13 0 0 0
313 13 0 0 0
314 13 0 0 0
315 13 0 0 0
316 13 0 0 0
317 13 0 0 0
318 13 0 0 0
319 13 0 0 0
320 13 0 0 0
321 13 0 0 0
322 13 0 0 0
323 13 0 0 0
324 13 0 0 0
325 13 0 0 0
326 13 0 0 0
327 13 0 0 0
328 13 0 0 0
329 13 0 0 0
330 13 0 0 0
331 13 0 0 0
332 13 0 0 0
333 13 0 0 0
334 13 0 0 0
335 13 0 0 0
336 13 0 0 0
337 13 0 0 0
338 13 0 0 0
339 13 0 0 0
340 13 0 0 0
341 13 0 0 0
342 13 0 0 0
343 13 0 0 0
344 13 0 0 0
345 13 0 0 0
346 13 0 0 0
347 13 0 0 0
348 13 0 0 0
349 13 0 0 0
350 13 0 0 0
351 13 0 0 0
352 13 0 0 0
353 13 0 0 0
354 13 0 0 0
355 13 0 0 0
356 13 0 0 0
357 13 0 0 0
358 13 0 0 0
359 13 0 0 0
360 13 0 0 0
361 13 0 0 0
362 13 0 0 0
363 13 0 0 0
364 13 0 0 0
365 13 0 0 0
366 13 0 0 0
367 13 0 0 0
368 13 0 0 0
369 13 0 0 0
370 13 0 0 0
371 13 0 0 0
372 13 0 0 0
373 13 0 0 0
374 13 0 0 0
375 13 0 0 0
376 13 0 0 0
377 13 0 0 0
378 13 0 0 0
379 13 0 0 0
380 13 0 0 0
381 13 0 0 0
382 13 0 0 0
383 13 0 0 0
384 13 0 0 0
385 13 0 0 0
386 13 0 0 0
387 13 0 0 0
388 13 0 0 0
389 13 0 0 0
390 13 0 0 0
391 13 0 0 0
392 13 0 0 0
393 13 0 0 0
394 13 0 0 0
395 13 0 0 0
396 13 0 0 0
397 13 0 0 0
398 13 0 0 0
399 13 0 0 0
400 13 0 0 0
401 13 0 0 0
402 13 0 0 0
403 13 0 0 0
404 13 0 0 0
405 13 0 0 0
406 13 0 0 0
407 13 0 0 0
408 13 0 0 0
409 13 0 0 0
410 13 0 0 0
411 13 0 0 0
412 13 0 0 0
413 13 0 0 0
414 13 0 0 0
415 13 0 0 0
416 13 0 0 0
417 13 0 0 0
418 13 0 0 0
419 13 0 0 0
420 13 0 0 0
421 13 0 0 0
422 13 0 0 0
423 13 0 0 0
424 13 0 0 0
425 13 0 0 0
426 13 0 0 0
427 13 0 0 0
428 13 0 0 0
429 13 0 0 0
430 13 0 0 0
431 13 0 0 0
432 13 0 0 0
433 13 0 0 0
434 13 0 0 0
435 13 0 0 0
436 13 0 0 0
437 13 0 0 0
438 13 0 0 0
439 13 0 0 0
440 13 0 0 0
441 13 0 0 0
442 13 0 0 0
443 13 0 0 0
444 13 0 0 0
445 13 0 0 0
446 13 0 0 0
447 13 0 0 0
448 13 0 0 0
449 13 0 0 0
450 13 0 0 0
451 13 0 0 0
452 13 0 0 0
453 13 0 0 0
454 13 0 0 0
455 13 0 0 0
456 13 0 0 0
457 13 0 0 0
458 13 0 0 0
459 13 0 0 0
460 13 0 0 0
461 13 0 0 0
462 13 0 0 0
463 13 0 0 0
464 13 0 0 0
465 13 0 0 0
466 13 0 0 0
467 13 0 0 0
468 13 0 0 0
469 13 0 0 0
470 13 0 0 0
471 13 0 0 0
472 13 0 0 0
473 13 0 0 0
474 13 0 0 0
475 13 0 0 0
476 13 0 0 0
477 13 0 0 0
478 13 0 0 0
479 13 0 0 0
480 13 0 0 0
481 13 0 0 0
482 13 0 0 0
483 13 0 0 0
484 13 0 0 0
485 13 0 0 0
486 13 0 0 0
487 13 0 0 0
488 13 0 0 0
489 13 0 0 0
490 13 0 0 0
491 13 0 0 0
492 13 0 0 0
493 13 0 0 0
494 13 0 0 0
495 13 0 0 0
496 13 0 0 0
497 13 0 0 0
498 13 0 0 0
499 13 0 0 0
500 13 0 0 0
501 13 0 0 0
502 13 0 0 0
503 13 0 0 0
504 13 0 0 0
505 13 0 0 0
506 13 0 0 0
507 13 0 0 0
508 13 0 0 0
509 13 0 0 0
510 13 0 0 0
511 13 0 0 0
512 13 0 0 0
513 13 0 0 0
514 13 0 0 0
515 13 0 0 0
516 13 0 0 0
517 13 0 0 0
518 13 0 0 0
519 13 0 0 0
520 13 0 0 0
521 13 0 0 0
522 13 0 0 0
523 13 0 0 0
524 13 0 0 0
525 13 0 0 0
526 13 0 0 0
527 13 0 0 0
528 13 0 0 0
529 13 0 0 0
530 13 0 0 0
531 13 0 0 0
532 13 0 0 0
533 13 0 0 0
534 13 0 0 0
535 13 0 0 0
536 13 0 0 0
537 13 0 0 0
538 13 0 0 0
539 13 0 0 0
540 13 0 0 0
541 13 0 0 0
542 13 0 0 0
543 13 0 0 0
544 13 0 0 0
545 13 0 0 0
546 13 0 0 0
547 13 0 0 0
548 13 0 0 0
549 13 0 0 0
550 13 0 0 0
551 13 0 0 0
552 13 0 0 0
553 13 0 0 0
554 13 0 0 0
555 13 0 0 0
556 13 0 0 0
557 13 0 0 0
558 13 0 0 0
559 13 0 0 0
560 13 0 0 0
561 13 0 0 0
562 13 0 0 0
563 13 0 0 0
564 13 0 0 0
565 13 0 0 0
566 13 0 0 0
567 13 0 0 0
568 13 0 0 0
569 13 0 0 0
570 13 0 0 0
571 13 0 0 0
572 13 0 0 0
573 13 0 0 0
574 13 0 0 0
575 13 0 0 0
576 13 0 0 0
577 13 0 0 0
578 13 0 0 0
579 13 0 0 0
580 13 0 0 0
581 13 0 0 0
582 13 0 0 0
583 13 0 0 0
584 13 0 0 0
585 13 0 0 0
586 13 0 0 0
587 13 0 0 0
588 13 0 0 0
589 13 0 0 0
590 13 0 0 0
591 13 0 0 0
592 13 0 0 0
593 13 0 0 0
594 13 0 0 0
595 13 0 0 0
596 13 0 0 0
597 13 0 0 0
598 13 0 0 0
599 13 0 0 0
600 13 0 0 0
601 13 0 0 0
602 13 0 0 0
603 13 0 0 0
604 13 0 0 0
605 13 0 0 0
606 13 0 0 0
607 13 0 0 0
608 13 0 0 0
609 13 0 0 0
610 13 0 0 0
611 13 0 0 0
612 13 0 0 0
613 13 0 0 0
614 13 0 0 0
615 13 0 0 0
616 13 0 0 0
617 13 0 0 0
618 13 0 0 0
619 13 0 0 0
620 13 0 0 0
621 13 0 0 0
622 13 0 0 0
623 13 0 0 0
624 13 0 0 0
625 13 0 0 0
626 13 0 0 0
627 13 0 0 0
628 13 0 0 0
629 13 0 0 0
630 13 0 0 0
631 13 0 0 0
632 13 0 0 0
633 13 0 0 0
634 13 0 0 0
635 13 0 0 0
636 13 0 0 0
637 13 0 0 0
638 13 0 0 0
639 13 0 0 0
0 14 0 0 0
1 14 0 0 0
2 14 0 0 0
3 14 0 0 0
4 14 0 0 0
5 14 0 0 0
6 14 0 0 0
7 14 0 0 0
8 14 0 0 0
9 14 0 0 0
10 14 0 0 0
11 14 0 0 0
12 14 0 0 0
13 14 0 0 0
14 14 0 0 0
15 14 0 0 0
16 14 0 0 0
17 14 0 0 0
18 14 0 0 0
19 14 0 0 0
20 14 0 0 0
21 14 0 0 0
22 14 0 0 0
23 14 0 0 0
24 14 0 0 0
25 14 0 0 0
26 14 0 0 0
27 14 0 0 0
28 14 0 0 0
29 14 0 0 0
30 14 0 0 0
31 14 0 0 0
32 14 0 0 0
33 14 0 0 0
34 14 0 0 0
35 14 0 0 0
36 14 0 0 0
37 14 0 0 0
38 14 0 0 0
39 14 0 0 0
40 14 0 0 0
41 14 0 0 0
42 14 0 0 0
43 14 0 0 0
44 14 0 0 0
45 14 0 0 0
46 14 0 0 0
47 14 0 0 0
48 14 0 0 0
49 14 0 0 0
50 14 0 0 0
51 14 0 0 0
52 14 0 0 0
53 14 0 0 0
54 14 0 0 0
55 14 0 0 0
56 14 0 0 0
57 14 0 0 0
58 14 0 0 0
59 14 0 0 0
60 14 0 0 0
61 14 0 0 0
62 14 0 0 0
63 14 0 0 0
64 14 0 0 0
65 14 0 0 0
66 14 0 0 0
67 14 0 0 0
68 14 0 0 0
69 14 0 0 0
70 14 0 0 0
71 14 0 0 0
72 14 0 0 0
73 14 0 0 0
74 14 0 0 0
75 14 0 0 0
76 14 0 0 0
77 14 0 0 0
78 14 0 0 0
79 14 0 0 0
80 14 0 0 0
81 14 0 0 0
82 14 0 0 0
83 14 0 0 0
84 14 0 0 0
85 14 0 0 0
86 14 0 0 0
87 14 0 0 0
88 14 0 0 0
89 14 0 0 0
90 14 0 0 0
91 14 0 0 0
92 14 0 0 0
93 14 0 0 0
94 14 0 0 0
95 14 0 0 0
96 14 0 0 0
97 14 0 0 0
98 14 0 0 0
99 14 0 0 0
100 14 0 0 0
101 14 0 0 0
102 14 0 0 0
103 14 0 0 0
104 14 0 0 0
105 14 0 0 0
106 14 0 0 0
107 14 0 0 0
108 14 0 0 0
109 14 0 0 0
110 14 0 0 0
111 14 0 0 0
112 14 0 0 0
113 14 0 0 0
114 14 0 0 0
115 14 0 0 0
116 14 0 0 0
117 14 0 0 0
118 14 0 0 0
119 14 0 0 0
120 14 0 0 0
121 14 0 0 0
122 14 0 0 0
123 14 0 0 0
124 14 0 0 0
125 14 0 0 0
126 14 0 0 0
127 14 0 0 0
128 14 0 0 0
129 14 0 0 0
130 14 0 0 0
131 14 0 0 0
132 14 0 0 0
133 14 0 0 0
134 14 0 0 0
135 14 0 0 0
136 14 0 0 0
137 14 0 0 0
138 14 0 0 0
139 14 0 0 0
140 14 0 0 0
141 14 0 0 0
142 14 0 0 0
143 14 0 0 0
144 14 0 0 0
145 14 0 0 0
146 14 0 0 0
147 14 0 0 0
148 14 0 0 0
149 14 0 0 0
150 14 0 0 0
151 14 0 0 0
152 14 0 0 0
153 14 0 0 0
154 14 0 0 0
155 14 0 0 0
156 14 0 0 0
157 14 0 0 0
158 14 0 0 0
159 14 0 0 0
160 14 0 0 0
161 14 0 0 0
162 14 0 0 0
163 14 0 0 0
164 14 0 0 0
165 14 0 0 0
166 14 0 0 0
167 14 0 0 0
168 14 0 0 0
169 14 0 0 0
170 14 0 0 0
171 14 0 0 0
172 14 0 0 0
173 14 0 0 0
174 14 0 0 0
175 14 0 0 0
176 14 0 0 0
177 14 0 0 0
178 14 0 0 0
179 14 0 0 0
180 14 0 0 0
181 14 0 0 0
182 14 0 0 0
183 14 0 0 0
184 14 0 0 0
185 14 0 0 0
186 14 0 0 0
187 14 0 0 0
188 14 0 0 0
189 14 0 0 0
190 14 0 0 0
191 14 0 0 0
192 14 0 0 0
193 14 0 0 0
194 14 0 0 0
195 14 0 0 0
196 14 0 0 0
197 14 0 0 0
198 14 0 0 0
199 14 0 0 0
200 14 0 0 0
201 14 0 0 0
202 14 0 0 0
203 14 0 0 0
204 14 0 0 0
205 14 0 0 0
206 14 0 0 0
207 14 0 0 0
208 14 0 0 0
209 14 0 0 0
210 14 0 0 0
211 14 0 0 0
212 14 0 0 0
213 14 0 0 0
214 14 0 0 0
215 14 0 0 0
216 14 0 0 0
217 14 0 0 0
218 14 0 0 0
219 14 0 0 0
220 14 0 0 0
221 14 0 0 0
222 14 0 0 0
223 14 0 0 0
224 14 0 0 0
225 14 0 0 0
226 14 0 0 0
227 14 0 0 0
228 14 0 0 0
229 14 0 0 0
230 14 0 0 0
231 14 0 0 0
232 14 0 0 0
233 14 0 0 0
234 14 0 0 0
235 14 0 0 0
236 14 0 0 0
237 14 0 0 0
238 14 0 0 0
239 14 0 0 0
240 14 0 0 0
241 14 0 0 0
242 14 0 0 0
243 14 0 0 0
244 14 0 0 0
245 14 0 0 0
246 14 0 0 0
247 14 0 0 0
248 14 0 0 0
249 14 0 0 0
250 14 0 0 0
251 14 0 0 0
252 14 0 0 0
253 14 0 0 0
254 14 0 0 0
255 14 0 0 0
256 14 0 0 0
257 14 0 0 0
258 14 0 0 0
259 14 0 0 0
260 14 0 0 0
261 14 0 0 0
262 14 0 0 0
263 14 0 0 0
264 14 0 0 0
265 14 0 0 0
266 14 0 0 0
267 14 0 0 0
268 14 0 0 0
269 14 0 0 0
270 14 0 0 0
271 14 0 0 0
272 14 0 0 0
273 14 0 0 0
274 14 0 0 0
275 14 0 0 0
276 14 0 0 0
277 14 0 0 0
278 14 0 0 0
279 14 0 0 0
280 14 0 0 0
281 14 0 0 0
282 14 0 0 0
283 14 0 0 0
284 14 0 0 0
285 14 0 0 0
286 14 0 0 0
287 14 0 0 0
288 14 0 0 0
289 14 0 0 0
290 14 0 0 0
291 14 1 1 1
292 14 1 1 1
293 14 0 0 0
294 14 0 0 0
295 14 0 0 0
296 14 0 0 0
297 14 0 0 0
298 14 0 0 0
299 14 0 0 0
300 14 0 0 0
301 14 0 0 0
302 14 0 0 0
303 14 0 0 0
304 14 0 0 0
305 14 0 0 0
306 14 0 0 0
307 14 0 0 0
308 14 0 0 0
309 14 0 0 0
310 14 0 0 0
311 14 0 0 0
312 14 0 0 0
313 14 0 0 0
314 14 0 0 0
315 14 0 0 0
316 14 0 0 0
317 14 0 0 0
318 14 0 0 0
319 14 0 0 0
320 14 0 0 0
321 14 0 0 0
322 14 0 0 0
323 14 0 0 0
324 14 0 0 0
325 14 0 0 0
326 14 0 0 0
327 14 0 0 0
328 14 0 0 0
329 14 0 0 0
330 14 0 0 0
331 14 0 0 0
332 14 0 0 0
333 14 0 0 0
334 14 0 0 0
335 14 0 0 0
336 14 0 0 0
337 14 0 0 0
338 14 0 0 0
339 14 0 0 0
340 14 0 0 0
341 14 0 0 0
342 14 0 0 0
343 14 0 0 0
344 14 0 0 0
345 14 0 0 0
346 14 0 0 0
347 14 0 0 0
348 14 0 0 0
349 14 0 0 0
350 14 0 0 0
351 14 0 0 0
352 14 0 0 0
353 14 0 0 0
354 14 0 0 0
355 14 0 0 0
356 14 0 0 0
357 14 0 0 0
358 14 0 0 0
359 14 0 0 0
360 14 0 0 0
361 14 0 0 0
362 14 0 0 0
363 14 0 0 0
364 14 0 0 0
365 14 0 0 0
366 14 0 0 0
367 14 0 0 0
368 14 0 0 0
369 14 0 0 0
370 14 0 0 0
371 14 0 0 0
372 14 0 0 0
373 14 0 0 0
374 14 0 0 0
375 14 0 0 0
376 14 0 0 0
377 14 0 0 0
378 14 0 0 0
379 14 0 0 0
380 14 0 0 0
381 14 0 0 0
382 14 0 0 0
383 14 0 0 0
384 14 0 0 0
385 14 0 0 0
386 14 0 0 0
387 14 0 0 0
388 14 0 0 0
389 14 0 0 0
390 14 0 0 0
391 14 0 0 0
392 14 0 0 0
393 14 0 0 0
394 14 0 0 0
395 14 0 0 0
396 14 0 0 0
397 14 0 0 0
398 14 0 0 0
399 14 0 0 0
400 14 0 0 0
401 14 0 0 0
402 14 0 0 0
403 14 0 0 0
404 14 0 0 0
405 14 0 0 0
406 14 0 0 0
407 14 0 0 0
408 14 0 0 0
409 14 0 0 0
410 14 0 0 0
411 14 0 0 0
412 14 0 0 0
413 14 0 0 0
414 14 0 0 0
415 14 0 0 0
416 14 0 0 0
417 14 0 0 0
418 14 0 0 0
419 14 0 0 0
420 14 0 0 0
421 14 0 0 0
422 14 0 0 0
423 14 0 0 0
424 14 0 0 0
425 14 0 0 0
426 14 0 0 0
427 14 0 0 0
428 14 0 0 0
429 14 0 0 0
430 14 0 0 0
431 14 0 0 0
432 14 0 0 0
433 14 0 0 0
434 14 0 0 0
435 14 0 0 0
436 14 0 0 0
437 14 0 0 0
438 14 0 0 0
439 14 0 0 0
440 14 0 0 0
441 14 0 0 0
442 14 0 0 0
443 14 0 0 0
444 14 0 0 0
445 14 0 0 0
446 14 0 0 0
447 14 0 0 0
448 14 0 0 0
449 14 0 0 0
450 14 0 0 0
451 14 0 0 0
452 14 0 0 0
453 14 0 0 0
454 14 0 0 0
455 14 0 0 0
456 14 0 0 0
457 14 0 0 0
458 14 0 0 0
459 14 0 0 0
460 14 0 0 0
461 14 0 0 0
462 14 0 0 0
463 14 0 0 0
464 14 0 0 0
465 14 0 0 0
466 14 0 0 0
467 14 3 3 3
468 14 3 3 3
469 14 3 3 3
470 14 3 3 3
471 14 0 0 0
472 14 0 0 0
473 14 0 0 0
474 14 0 0 0
475 14 0 0 0
476 14 0 0 0
477 14 0 0 0
478 14 0 0 0
479 14 0 0 0
480 14 0 0 0
481 14 0 0 0
482 14 0 0 0
483 14 0 0 0
484 14 0 0 0
485 14 0 0 0
486 14 0 0 0
487 14 0 0 0
488 14 0 0 0
489 14 0 0 0
490 14 0 0 0
491 14 0 0 0
492 14 0 0 0
493 14 0 0 0
494 14 0 0 0
495 14 0 0 0
496 14 0 0 0
497 14 0 0 0
498 14 0 0 0
499 14 0 0 0
500 14 0 0 0
501 14 0 0 0
502 14 0 0 0
503 14 0 0 0
504 14 0 0 0
505 14 0 0 0
506 14 0 0 0
507 14 0 0 0
508 14 0 0 0
509 14 0 0 0
510 14 0 0 0
511 14 0 0 0
512 14 0 0 0
513 14 0 0 0
514 14 0 0 0
515 14 0 0 0
516 14 0 0 0
517 14 0 0 0
518 14 0 0 0
519 14 0 0 0
520 14 0 0 0
521 14 0 0 0
522 14 0 0 0
523 14 0 0 0
524 14 0 0 0
525 14 0 0 0
526 14 0 0 0
527 14 0 0 0
528 14 0 0 0
529 14 0 0 0
530 14 0 0 0
531 14 0 0 0
532 14 0 0 0
533 14 0 0 0
534 14 0 0 0
535 14 0 0 0
536 14 0 0 0
537 14 0 0 0
538 14 0 0 0
539 14 0 0 0
540 14 0 0 0
541 14 0 0 0
542 14 0 0 0
543 14 0 0 0
544 14 0 0 0
545 14 0 0 0
546 14 0 0 0
547 14 0 0 0
548 14 0 0 0
549 14 0 0 0
550 14 0 0 0
551 14 0 0 0
552 14 0 0 0
553 14 0 0 0
554 14 0 0 0
555 14 0 0 0
556 14 0 0 0
557 14 0 0 0
558 14 0 0 0
559 14 0 0 0
560 14 0 0 0
561 14 0 0 0
562 14 0 0 0
563 14 0 0 0
564 14 0 0 0
565 14 0 0 0
566 14 0 0 0
567 14 0 0 0
568 14 0 0 0
569 14 0 0 0
570 14 0 0 0
571 14 0 0 0
572 14 0 0 0
573 14 0 0 0
574 14 0 0 0
575 14 0 0 0
576 14 0 0 0
577 14 0 0 0
578 14 0 0 0
579 14 0 0 0
580 14 0 0 0
581 14 0 0 0
582 14 0 0 0
583 14 0 0 0
584 14 0 0 0
585 14 0 0 0
586 14 0 0 0
587 14 0 0 0
588 14 0 0 0
589 14 0 0 0
590 14 0 0 0
591 14 0 0 0
592 14 0 0 0
593 14 0 0 0
594 14 0 0 0
595 14 0 0 0
596 14 0 0 0
597 14 0 0 0
598 14 0 0 0
599 14 0 0 0
600 14 0 0 0
601 14 0 0 0
602 14 0 0 0
603 14 0 0 0
604 14 0 0 0
605 14 0 0 0
606 14 0 0 0
607 14 0 0 0
608 14 0 0 0
609 14 0 0 0
610 14 0 0 0
611 14 0 0 0
612 14 0 0 0
613 14 0 0 0
614 14 0 0 0
615 14 0 0 0
616 14 0 0 0
617 14 0 0 0
618 14 0 0 0
619 14 0 0 0
620 14 0 0 0
621 14 0 0 0
622 14 0 0 0
623 14 0 0 0
624 14 0 0 0
625 14 0 0 0
626 14 0 0 0
627 14 0 0 0
628 14 0 0 0
629 14 0 0 0
630 14 0 0 0
631 14 0 0 0
632 14 0 0 0
633 14 0 0 0
634 14 0 0 0
635 14 0 0 0
636 14 0 0 0
637 14 0 0 0
638 14 0 0 0
639 14 0 0 0
0 15 0 0 0
1 15 0 0 0
2 15 0 0 0
3 15 0 0 0
4 15 0 0 0
5 15 0 0 0
6 15 0 0 0
7 15 0 0 0
8 15 0 0 0
9 15 0 0 0
10 15 0 0 0
11 15 0 0 0
12 15 0 0 0
13 15 0 0 0
14 15 0 0 0
15 15 0 0 0
16 15 0 0 0
17 15 0 0 0
18 15 0 0 0
19 15 0 0 0
20 15 0 0 0
21 15 0 0 0
22 15 0 0 0
23 15 0 0 0
24 15 0 0 0
25 15 0 0 0
26 15 0 0 0
27 15 0 0 0
28 15 0 0 0
29 15 0 0 0
30 15 0 0 0
31 15 0 0 0
32 15 0 0 0
33 15 0 0 0
34 15 0 0 0
35 15 0 0 0
36 15 0 0 0
37 15 0 0 0
38 15 0 0 0
39 15 0 0 0
40 15 0 0 0
41 15 0 0 0
42 15 0 0 0
43 15 0 0 0
44 15 0 0 0
45 15 0 0 0
46 15 0 0 0
47 15 0 0 0
48 15 0 0 0
49 15 0 0 0
50 15 0 0 0
51 15 0 0 0
52 15 0 0 0
53 15 0 0 0
54 15 0 0 0
55 15 0 0 0
56 15 0 0 0
57 15 0 0 0
58 15 0 0 0
59 15 0 0 0
60 15 0 0 0
61 15 0 0 0
62 15 0 0 0
63 15 0 0 0
64 15 0 0 0
65 15 0 0 0
66 15 0 0 0
67 15 0 0 0
68 15 0 0 0
69 15 0 0 0
70 15 0 0 0
71 15 0 0 0
72 15 0 0 0
73 15 0 0 0
74 15 0 0 0
75 15 0 0 0
76 15 0 0 0
77 15 0 0 0
78 15 0 0 0
79 15 0 0 0
80 15 0 0 0
81 15 0 0 0
82 15 0 0 0
83 15 0 0 0
84 15 0 0 0
85 15 0 0 0
86 15 0 0 0
87 15 0 0 0
88 15 0 0 0
89 15 0 0 0
90 15 0 0 0
91 15 0 0 0
92 15 0 0 0
93 15 0 0 0
94 15 0 0 0
95 15 0 0 0
96 15 0 0 0
97 15 0 0 0
98 15 0 0 0
99 15 0 0 0
100 15 0 0 0
101 15 0 0 0
102 15 0 0 0
103 15 0 0 0
104 15 0 0 0
105 15 0 0 0
106 15 0 0 0
107 15 0 0 0
108 15 0 0 0
109 15 0 0 0
110 15 0 0 0
111 15 0 0 0
112 15 0 0 0
113 15 0 0 0
114 15 0 0 0
115 15 0 0 0
116 15 0 0 0
117 15 0 0 0
118 15 0 0 0
119 15 0 0 0
120 15 0 0 0
121 15 0 0 0
122 15 0 0 0
123 15 0 0 0
124 15 0 0 0
125 15 0 0 0
126 15 0 0 0
127 15 0 0 0
128 15 0 0 0
129 15 0 0 0
130 15 0 0 0
131 15 0 0 0
132 15 0 0 0
133 15 0 0 0
134 15 0 0 0
135 15 0 0 0
136 15 0 0 0
137 15 0 0 0
138 15 0 0 0
139 15 0 0 0
140 15 0 0 0
141 15 0 0 0
142 15 0 0 0
143 15 0 0 0
144 15 0 0 0
145 15 0 0 0
146 15 0 0 0
147 15 0 0 0
148 15 0 0 0
149 15 0 0 0
150 15 0 0 0
151 15 0 0 0
152 15 0 0 0
153 15 0 0 0
154 15 0 0 0
155 15 0 0 0
156 15 0 0 0
157 15 0 0 0
158 15 0 0 0
159 15 0 0 0
160 15 0 0 0
161 15 0 0 0
162 15 0 0 0
163 15 0 0 0
164 15 0 0 0
165 15 0 0 0
166 15 0 0 0
167 15 0 0 0
168 15 0 0 0
169 15 0 0 0
170 15 0 0 0
171 15 0 0 0
172 15 0 0 0
173 15 0 0 0
174 15 0 0 0
175 15 0 0 0
176 15 0 0 0
177 15 0 0 0
178 15 0 0 0
179 15 0 0 0
180 15 0 0 0
181 15 0 0 0
182 15 0 0 0
183 15 0 0 0
184 15 0 0 0
185 15 0 0 0
186 15 0 0 0
187 15 0 0 0
188 15 0 0 0
189 15 0 0 0
190 15 0 0 0
191 15 0 0 0
192 15 0 0 0
193 15 0 0 0
194 15 0 0 0
195 15 0 0 0
196 15 0 0 0
197 15 0 0 0
198 15 0 0 0
199 15 0 0 0
200 15 0 0 0
201 15 0 0 0
202 15 0 0 0
203 15 0 0 0
204 15 0 0 0
205 15 0 0 0
206 15 0 0 0
207 15 0 0 0
208 15 0 0 0
209 15 0 0 0
210 15 0 0 0
211 15 0 0 0
212 15 0 0 0
213 15 0 0 0
214 15 0 0 0
215 15 0 0 0
216 15 0 0 0
217 15 0 0 0
218 15 0 0 0
219 15 0 0 0
220 15 0 0 0
221 15 0 0 0
222 15 0 0 0
223 15 0 0 0
224 15 0 0 0
225 15 0 0 0
226 15 0 0 0
227 15 0 0 0
228 15 0 0 0
229 15 0 0 0
230 15 0 0 0
231 15 0 0 0
232 15 0 0 0
233 15 0 0 0
234 15 0 0 0
235 15 0 0 0
236 15 0 0 0
237 15 0 0 0
238 15 0 0 0
239 15 0 0 0
240 15 0 0 0
241 15 0 0 0
242 15 0 0 0
243 15 0 0 0
244 15 0 0 0
245 15 0 0 0
246 15 0 0 0
247 15 0 0 0
248 15 0 0 0
249 15 0 0 0
250 15 0 0 0
251 15 0 0 0
252 15 0 0 0
253 15 0 0 0
254 15 0 0 0
255 15 0 0 0
256 15 0 0 0
257 15 0 0 0
258 15 0 0 0
259 15 0 0 0
260 15 0 0 0
261 15 0 0 0
262 15 0 0 0
263 15 0 0 0
264 15 0 0 0
265 15 0 0 0
266 15 0 0 0
267 15 0 0 0
268 15 0 0 0
269 15 0 0 0
270 15 0 0 0
271 15 0 0 0
272 15 0 0 0
273 15 0 0 0
274 15 0 0 0
275 15 0 0 0
276 15 0 0 0
277 15 0 0 0
278 15 0 0 0
279 15 0 0 0
280 15 0 0 0
281 15 0 0 0
282 15 0 0 0
283 15 0 0 0
284 15 0 0 0
285 15 0 0 0
286 15 0 0 0
287 15 0 0 0
288 15 0 0 0
289 15 0 0 0
290 15 0 0 0
291 15 1 1 1
292 15 1 1 1
293 15 0 0 0
294 15 0 0 0
295 15 0 0 0
296 15 0 0 0
297 15 0 0 0
298 15 0 0 0
299 15 0 0 0
300 15 0 0 0
301 15 0 0 0
302 15 0 0 0
303 15 0 0 0
304 15 0 0 0
305 15 0 0 0
306 15 0 0 0
307 15 0 0 0
308 15 0 0 0
309 15 0 0 0
310 15 0 0 0
311 15 0 0 0
312 15 0 0 0
313 15 0 0 0
314 15 0 0 0
315 15 0 0 0
316 15 0 0 0
317 15 0 0 0
318 15 0 0 0
319 15 0 0 0
320 15 0 0 0
321 15 0 0 0
322 15 0 0 0
323 15 0 0 0
324 15 0 0 0
325 15 0 0 0
326 15 0 0 0
327 15 0 0 0
328 15 0 0 0
329 15 0 0 0
330 15 0 0 0
331 15 0 0 0
332 15 0 0 0
333 15 0 0 0
334 15 0 0 0
335 15 0 0 0
336 15 0 0 0
337 15 0 0 0
338 15 0 0 0
339 15 0 0 0
340 15 0 0 0
341 15 0 0 0
342 15 0 0 0
343 15 0 0 0
344 15 0 0 0
345 15 0 0 0
346 15 0 0 0
347 15 0 0 0
348 15 0 0 0
349 15 0 0 0
350 15 0 0 0
351 15 0 0 0
352 15 0 0 0
353 15 0 0 0
354 15 0 0 0
355 15 0 0 0
356 15 0 0 0
357 15 0 0 0
358 15 0 0 0
359 15 0 0 0
360 15 0 0 0
361 15 0 0 0
362 15 0 0 0
363 15 0 0 0
364 15 0 0 0
365 15 0 0 0
366 15 0 0 0
367 15 0 0 0
368 15 0 0 0
369 15 0 0 0
370 15 0 0 0
371 15 0 0 0
372 15 0 0 0
373 15 0 0 0
374 15 0 0 0
375 15 0 0 0
376 15 0 0 0
377 15 0 0 0
378 15 0 0 0
379 15 0 0 0
380 15 0 0 0
381 15 0 0 0
382 15 0 0 0
383 15 0 0 0
384 15 0 0 0
385 15 0 0 0
386 15 0 0 0
387 15 0 0 0
388 15 0 0 0
389 15 0 0 0
390 15 0 0 0
391 15 0 0 0
392 15 0 0 0
393 15 0 0 0
394 15 0 0 0
395 15 0 0 0
396 15 0 0 0
397 15 0 0 0
398 15 0 0 0
399 15 0 0 0
400 15 0 0 0
401 15 0 0 0
402 15 0 0 0
403 15 0 0 0
404 15 0 0 0
405 15 0 0 0
406 15 0 0 0
407 15 0 0 0
408 15 0 0 0
409 15 0 0 0
410 15 0 0 0
411 15 0 0 0
412 15 0 0 0
413 15 0 0 0
414 15 0 0 0
415 15 0 0 0
416 15 0 0 0
417 15 0 0 0
418 15 0 0 0
419 15 0 0 0
420 15 0 0 0
421 15 0 0 0
422 15 0 0 0
423 15 0 0 0
424 15 0 0 0
425 15 0 0 0
426 15 0 0 0
427 15 0 0 0
428 15 0 0 0
429 15 0 0 0
430 15 0 0 0
431 15 0 0 0
432 15 0 0 0
433 15 0 0 0
434 15 0 0 0
435 15 0 0 0
436 15 0 0 0
437 15 0 0 0
438 15 0 0 0
439 15 0 0 0
440 15 0 0 0
441 15 0 0 0
442 15 0 0 0
443 15 0 0 0
444 15 0 0 0
445 15 0 0 0
446 15 0 0 0
447 15 0 0 0
448 15 0 0 0
449 15 0 0 0
450 15 0 0 0
451 15 0 0 0
452 15 0 0 0
453 15 0 0 0
454 15 0 0 0
455 15 0 0 0
456 15 0 0 0
457 15 0 0 0
458 15 0 0 0
459 15 0 0 0
460 15 0 0 0
461 15 0 0 0
462 15 0 0 0
463 15 0 0 0
464 15 0 0 0
465 15 0 0 0
466 15 0 0 0
467 15 3 3 3
468 15 3 3 3
469 15 3 3 3
470 15 3 3 3
471 15 0 0 0
472 15 0 0 0
473 15 0 0 0
474 15 0 0 0
475 15 0 0 0
476 15 0 0 0
477 15 0 0 0
478 15 0 0 0
479 15 0 0 0
480 15 0 0 0
481 15 0 0 0
482 15 0 0 0
483 15 0 0 0
484 15 0 0 0
485 15 0 0 0
486 15 0 0 0
487 15 0 0 0
488 15 0 0 0
489 15 0 0 0
490 15 0 0 0
491 15 0 0 0
492 15 0 0 0
493 15 0 0 0
494 15 0 0 0
495 15 0 0 0
496 15 0 0 0
497 15 0 0 0
498 15 0 0 0
499 15 0 0 0
500 15 0 0 0
501 15 0 0 0
502 15 0 0 0
503 15 0 0 0
504 15 0 0 0
505 15 0 0 0
506 15 0 0 0
507 15 0 0 0
508 15 0 0 0
509 15 0 0 0
510 15 0 0 0
511 15 0 0 0
512 15 0 0 0
513 15 0 0 0
514 15 0 0 0
515 15 0 0 0
516 15 0 0 0
517 15 0 0 0
518 15 0 0 0
519 15 0 0 0
520 15 0 0 0
521 15 0 0 0
522 15 0 0 0
523 15 0 0 0
524 15 0 0 0
525 15 0 0 0
526 15 0 0 0
527 15 0 0 0
528 15 0 0 0
529 15 0 0 0
530 15 0 0 0
531 15 0 0 0
532 15 0 0 0
533 15 0 0 0
534 15 0 0 0
535 15 0 0 0
536 15 0 0 0
537 15 0 0 0
538 15 0 0 0
539 15 0 0 0
540 15 0 0 0
541 15 0 0 0
542 15 0 0 0
543 15 0 0 0
544 15 0 0 0
545 15 0 0 0
546 15 0 0 0
547 15 0 0 0
548 15 0 0 0
549 15 0 0 0
550 15 0 0 0
551 15 0 0 0
552 15 0 0 0
553 15 0 0 0
554 15 0 0 0
555 15 0 0 0
556 15 0 0 0
557 15 0 0 0
558 15 0 0 0
559 15 0 0 0
560 15 0 0 0
561 15 0 0 0
562 15 0 0 0
563 15 0 0 0
564 15 0 0 0
565 15 0 0 0
566 15 0 0 0
567 15 0 0 0
568 15 0 0 0
569 15 0 0 0
570 15 0 0 0
571 15 0 0 0
572 15 0 0 0
573 15 0 0 0
574 15 0 0 0
575 15 0 0 0
576 15 0 0 0
577 15 0 0 0
578 15 0 0 0
579 15 0 0 0
580 15 0 0 0
581 15 0 0 0
582 15 0 0 0
583 15 0 0 0
584 15 0 0 0
585 15 0 0 0
586 15 0 0 0
587 15 0 0 0
588 15 0 0 0
589 15 0 0 0
590 15 0 0 0
591 15 0 0 0
592 15 0 0 0
593 15 0 0 0
594 15 0 0 0
595 15 0 0 0
596 15 0 0 0
597 15 0 0 0
598 15 0 0 0
599 15 0 0 0
600 15 0 0 0
601 15 0 0 0
602 15 0 0 0
603 15 0 0 0
604 15 0 0 0
605 15 0 0 0
606 15 0 0 0
607 15 0 0 0
608 15 0 0 0
609 15 0 0 0
610 15 0 0 0
611 15 0 0 0
612 15 0 0 0
613 15 0 0 0
614 15 0 0 0
615 15 0 0 0
616 15 0 0 0
617 15 0 0 0
618 15 0 0 0
619 15 0 0 0
620 15 0 0 0
621 15 0 0 0
622 15 0 0 0
623 15 0 0 0
624 15 0 0 0
625 15 0 0 0
626 15 0 0 0
627 15 0 0 0
628 15 0 0 0
629 15 0 0 0
630 15 0 0 0
631 15 0 0 0
632 15 0 0 0
633 15 0 0 0
634 15 0 0 0
635 15 0 0 0
636 15 0 0 0
637 15 0 0 0
638 15 0 0 0
639 15 0 0 0
0 16 0 0 0
1 16 0 0 0
2 16 0 0 0
3 16 0 0 0
4 16 0 0 0
5 16 0 0 0
6 16 0 0 0
7 16 0 0 0
8 16 0 0 0
9 16 0 0 0
10 16 0 0 0
11 16 0 0 0
12 16 0 0 0
13 16 0 0 0
14 16 0 0 0
15 16 0 0 0
16 16 0 0 0
17 16 0 0 0
18 16 0 0 0
19 16 0 0 0
20 16 0 0 0
21 16 0 0 0
22 16 0 0 0
23 16 0 0 0
24 16 0 0 0
25 16 0 0 0
26 16 0 0 0
27 16 0 0 0
28 16 0 0 0
29 16 0 0 0
30 16 0 0 0
31 16 0 0 0
32 16 0 0 0
33 16 0 0 0
34 16 0 0 0
35 16 0 0 0
36 16 0 0 0
37 16 0 0 0
38 16 0 0 0
39 16 0 0 0
40 16 0 0 0
41 16 0 0 0
42 16 0 0 0
43 16 0 0 0
44 16 0 0 0
45 16 0 0 0
46 16 0 0 0
47 16 0 0 0
48 16 0 0 0
49 16 0 0 0
50 16 0 0 0
51 16 0 0 0
52 16 0 0 0
53 16 0 0 0
54 16 0 0 0
55 16 0 0 0
56 16 0 0 0
57 16 0 0 0
58 16 0 0 0
59 16 0 0 0
60 16 0 0 0
61 16 0 0 0
62 16 0 0 0
63 16 0 0 0
64 16 0 0 0
65 16 0 0 0
66 16 0 0 0
67 16 0 0 0
68 16 0 0 0
69 16 0 0 0
70 16 0 0 0
71 16 0 0 0
72 16 0 0 0
73 16 0 0 0
74 16 0 0 0
75 16 0 0 0
76 16 0 0 0
77 16 0 0 0
78 16 0 0 0
79 16 0 0 0
80 16 0 0 0
81 16 0 0 0
82 16 0 0 0
83 16 0 0 0
84 16 0 0 0
85 16 0 0 0
86 16 0 0 0
87 16 0 0 0
88 16 0 0 0
89 16 0 0 0
90 16 0 0 0
91 16 0 0 0
92 16 0 0 0
93 16 0 0 0
94 16 0 0 0
95 16 0 0 0
96 16 0 0 0
97 16 0 0 0
98 16 0 0 0
99 16 0 0 0
100 16 0 0 0
101 16 0 0 0
102 16 0 0 0
103 16 0 0 0
104 16 0 0 0
105 16 0 0 0
106 16 0 0 0
107 16 0 0 0
108 16 0 0 0
109 16 0 0 0
110 16 0 0 0
111 16 0 0 0
112 16 0 0 0
113 16 0 0 0
114 16 0 0 0
115 16 0 0 0
116 16 0 0 0
117 16 0 0 0
118 16 0 0 0
119 16 0 0 0
120 16 0 0 0
121 16 0 0 0
122 16 0 0 0
123 16 0 0 0
124 16 0 0 0
125 16 0 0 0
126 16 0 0 0
127 16 0 0 0
128 16 0 0 0
129 16 0 0 0
130 16 0 0 0
131 16 0 0 0
132 16 0 0 0
133 16 0 0 0
134 16 0 0 0
135 16 0 0 0
136 16 0 0 0
137 16 0 0 0
138 16 0 0 0
139 16 0 0 0
140 16 0 0 0
141 16 0 0 0
142 16 0 0 0
143 16 0 0 0
144 16 0 0 0
145 16 0 0 0
146 16 0 0 0
147 16 0 0 0
148 16 0 0 0
149 16 0 0 0
150 16 0 0 0
151 16 0 0 0
152 16 0 0 0
153 16 0 0 0
154 16 0 0 0
155 16 0 0 0
156 16 0 0 0
157 16 0 0 0
158 16 0 0 0
159 16 0 0 0
160 16 0 0 0
161 16 0 0 0
162 16 0 0 0
163 16 0 0 0
164 16 0 0 0
165 16 0 0 0
166 16 0 0 0
167 16 0 0 0
168 16 0 0 0
169 16 0 0 0
170 16 0 0 0
171 16 0 0 0
172 16 0 0 0
173 16 0 0 0
174 16 0 0 0
175 16 0 0 0
176 16 0 0 0
177 16 0 0 0
178 16 0 0 0
179 16 0 0 0
180 16 0 0 0
181 16 0 0 0
182 16 0 0 0
183 16 0 0 0
184 16 0 0 0
185 16 0 0 0
186 16 0 0 0
187 16 0 0 0
188 16 0 0 0
189 16 0 0 0
190 16 0 0 0
191 16 0 0 0
192 16 0 0 0
193 16 0 0 0
194 16 0 0 0
195 16 0 0 0
196 16 0 0 0
197 16 0 0 0
198 16 0 0 0
199 16 0 0 0
200 16 0 0 0
201 16 0 0 0
202 16 0 0 0
203 16 0 0 0
204 16 0 0 0
205 16 0 0 0
206 16 0 0 0
207 16 0 0 0
208 16 0 0 0
209 16 0 0 0
210 16 0 0 0
211 16 0 0 0
212 16 0 0 0
213 16 0 0 0
214 16 0 0 0
215 16 0 0 0
216 16 0 0 0
217 16 0 0 0
218 16 0 0 0
219 16 0 0 0
220 16 0 0 0
221 16 0 0 0
222 16 0 0 0
223 16 0 0 0
224 16 0 0 0
225 16 0 0 0
226 16 0 0 0
227 16 0 0 0
228 16 0 0 0
229 16 0 0 0
230 16 0 0 0
231 16 0 0 0
232 16 0 0 0
233 16 0 0 0
234 16 0 0 0
235 16 0 0 0
236 16 0 0 0
237 16 0 0 0
238 16 0 0 0
239 16 0 0 0
240 16 0 0 0
241 16 0 0 0
242 16 0 0 0
243 16 0 0 0
244 16 0 0 0
245 16 0 0 0
246 16 0 0 0
247 16 0 0 0
248 16 0 0 0
249 16 0 0 0
250 16 0 0 0
251 16 0 0 0
252 16 0 0 0
253 16 0 0 0
254 16 0 0 0
255 16 0 0 0
256 16 0 0 0
257 16 0 0 0
258 16 0 0 0
259 16 0 0 0
260 16 0 0 0
261 16 0 0 0
262 16 0 0 0
263 16 0 0 0
264 16 0 0 0
265 16 0 0 0
266 16 0 0 0
267 16 0 0 0
268 16 0 0 0
269 16 0 0 0
270 16 0 0 0
271 16 0 0 0
272 16 0 0 0
273 16 0 0 0
274 16 0 0 0
275 16 0 0 0
276 16 0 0 0
277 16 0 0 0
278 16 0 0 0
279 16 0 0 0
280 16 0 0 0
281 16 0 0 0
282 16 0 0 0
283 16 0 0 0
284 16 0 0 0
285 16 0 0 0
286 16 0 0 0
287 16 0 0 0
288 16 0 0 0
289 16 1 1 1
290 16 1 1 1
291 16 6 6 6
292 16 6 6 6
293 16 1 1 1
294 16 1 1 1
295 16 0 0 0
296 16 0 0 0
297 16 0 0 0
298 16 0 0 0
299 16 0 0 0
300 16 0 0 0
301 16 0 0 0
302 16 0 0 0
303 16 0 0 0
304 16 0 0 0
305 16 0 0 0
306 16 0 0 0
307 16 0 0 0
308 16 0 0 0
309 16 0 0 0
310 16 0 0 0
311 16 0 0 0
312 16 0 0 0
313 16 0 0 0
314 16 0 0 0
315 16 0 0 0
316 16 0 0 0
317 16 0 0 0
318 16 0 0 0
319 16 0 0 0
320 16 0 0 0
321 16 0 0 0
322 16 0 0 0
323 16 0 0 0
324 16 0 0 0
325 16 0 0 0
326 16 0 0 0
327 16 0 0 0
328 16 0 0 0
329 16 0 0 0
330 16 0 0 0
331 16 0 0 0
332 16 0 0 0
333 16 0 0 0
334 16 0 0 0
335 16 0 0 0
336 16 0 0 0
337 16 0 0 0
338 16 0 0 0
339 16 0 0 0
340 16 0 0 0
341 16 0 0 0
342 16 0 0 0
343 16 0 0 0
344 16 0 0 0
345 16 0 0 0
346 16 0 0 0
347 16 0 0 0
348 16 0 0 0
349 16 0 0 0
350 16 0 0 0
351 16 0 0 0
352 16 0 0 0
353 16 0 0 0
354 16 0 0 0
355 16 0 0 0
356 16 0 0 0
357 16 0 0 0
358 16 0 0 0
359 16 0 0 0
360 16 0 0 0
361 16 0 0 0
362 16 0 0 0
363 16 0 0 0
364 16 0 0 0
365 16 0 0 0
366 16 0 0 0
367 16 0 0 0
368 16 0 0 0
369 16 0 0 0
370 16 0 0 0
371 16 0 0 0
372 16 0 0 0
373 16 0 0 0
374 16 0 0 0
375 16 0 0 0
376 16 0 0 0
377 16 0 0 0
378 16 0 0 0
379 16 0 0 0
380 16 0 0 0
381 16 0 0 0
382 16 0 0 0
383 16 0 0 0
384 16 0 0 0
385 16 0 0 0
386 16 0 0 0
387 16 0 0 0
388 16 0 0 0
389 16 0 0 0
390 16 0 0 0
391 16 0 0 0
392 16 0 0 0
393 16 0 0 0
394 16 0 0 0
395 16 0 0 0
396 16 0 0 0
397 16 0 0 0
398 16 0 0 0
399 16 0 0 0
400 16 0 0 0
401 16 0 0 0
402 16 0 0 0
403 16 0 0 0
404 16 0 0 0
405 16 0 0 0
406 16 0 0 0
407 16 0 0 0
408 16 0 0 0
409 16 0 0 0
410 16 0 0 0
411 16 0 0 0
412 16 0 0 0
413 16 0 0 0
414 16 0 0 0
415 16 0 0 0
416 16 0 0 0
417 16 0 0 0
418 16 0 0 0
419 16 0 0 0
420 16 0 0 0
421 16 0 0 0
422 16 0 0 0
423 16 0 0 0
424 16 0 0 0
425 16 0 0 0
426 16 0 0 0
427 16 0 0 0
428 16 0 0 0
429 16 0 0 0
430 16 0 0 0
431 16 0 0 0
432 16 0 0 0
433 16 0 0 0
434 16 0 0 0
435 16 0 0 0
436 16 0 0 0
437 16 0 0 0
438 16 0 0 0
439 16 0 0 0
440 16 0 0 0
441 16 0 0 0
442 16 0 0 0
443 16 0 0 0
444 16 0 0 0
445 16 0 0 0
446 16 0 0 0
447 16 0 0 0
448 16 0 0 0
449 16 0 0 0
450 16 0 0 0
451 16 0 0 0
452 16 0 0 0
453 16 0 0 0
454 16 0 0 0
455 16 0 0 0
456 16 0 0 0
457 16 0 0 0
458 16 0 0 0
459 16 0 0 0
460 16 0 0 0
461 16 0 0 0
462 16 0 0 0
463 16 0 0 0
464 16 0 0 0
465 16 1 1 1
466 16 1 1 1
467 16 5 5 5
468 16 5 5 5
469 16 3 3 3
470 16 3 3 3
471 16 0 0 0
472 16 0 0 0
473 16 0 0 0
474 16 0 0 0
475 16 0 0 0
476 16 0 0 0
477 16 0 0 0
478 16 0 0 0
479 16 0 0 0
480 16 0 0 0
481 16 0 0 0
482 16 0 0 0
483 16 0 0 0
484 16 0 0 0
485 16 0 0 0
486 16 0 0 0
487 16 0 0 0
488 16 0 0 0
489 16 0 0 0
490 16 0 0 0
491 16 0 0 0
492 16 0 0 0
493 16 0 0 0
494 16 0 0 0
495 16 0 0 0
496 16 0 0 0
497 16 0 0 0
498 16 0 0 0
499 16 0 0 0
500 16 0 0 0
501 16 0 0 0
502 16 0 0 0
503 16 0 0 0
504 16 0 0 0
505 16 0 0 0
506 16 0 0 0
507 16 0 0 0
508 16 0 0 0
509 16 0 0 0
510 16 0 0 0
511 16 0 0 0
512 16 0 0 0
513 16 0 0 0
514 16 0 0 0
515 16 0 0 0
516 16 0 0 0
517 16 0 0 0
518 16 0 0 0
519 16 0 0 0
520 16 0 0 0
521 16 0 0 0
522 16 0 0 0
523 16 0 0 0
524 16 0 0 0
525 16 0 0 0
526 16 0 0 0
527 16 0 0 0
528 16 0 0 0
529 16 0 0 0
530 16 0 0 0
531 16 0 0 0
532 16 0 0 0
533 16 0 0 0
534 16 0 0 0
535 16 0 0 0
536 16 0 0 0
537 16 0 0 0
538 16 0 0 0
539 16 0 0 0
540 16 0 0 0
541 16 0 0 0
542 16 0 0 0
543 16 0 0 0
544 16 0 0 0
545 16 0 0 0
546 16 0 0 0
547 16 0 0 0
548 16 0 0 0
549 16 0 0 0
550 16 0 0 0
551 16 0 0 0
552 16 0 0 0
553 16 0 0 0
554 16 0 0 0
555 16 0 0 0
556 16 0 0 0
557 16 0 0 0
558 16 0 0 0
559 16 0 0 0
560 16 0 0 0
561 16 0 0 0
562 16 0 0 0
563 16 0 0 0
564 16 0 0 0
565 16 0 0 0
566 16 0 0 0
567 16 0 0 0
568 16 0 0 0
569 16 0 0 0
570 16 0 0 0
571 16 0 0 0
572 16 0 0 0
573 16 0 0 0
574 16 0 0 0
575 16 0 0 0
576 16 0 0 0
577 16 0 0 0
578 16 0 0 0
579 16 0 0 0
580 16 0 0 0
581 16 0 0 0
582 16 0 0 0
583 16 0 0 0
584 16 0 0 0
585 16 0 0 0
586 16 0 0 0
587 16 0 0 0
588 16 0 0 0
589 16 0 0 0
590 16 0 0 0
591 16 0 0 0
592 16 0 0 0
593 16 0 0 0
594 16 0 0 0
595 16 0 0 0
596 16 0 0 0
597 16 0 0 0
598 16 0 0 0
599 16 0 0 0
600 16 0 0 0
601 16 0 0 0
602 16 0 0 0
603 16 0 0 0
604 16 0 0 0
605 16 0 0 0
606 16 0 0 0
607 16 0 0 0
608 16 0 0 0
609 16 0 0 0
610 16 0 0 0
611 16 0 0 0
612 16 0 0 0
613 16 0 0 0
614 16 0 0 0
615 16 0 0 0
616 16 0 0 0
617 16 0 0 0
618 16 0 0 0
619 16 0 0 0
620 16 0 0 0
621 16 0 0 0
622 16 0 0 0
623 16 0 0 0
624 16 0 0 0
625 16 0 0 0
626 16 0 0 0
627 16 0 0 0
628 16 0 0 0
629 16 0 0 0
630 16 0 0 0
631 16 0 0 0
632 16 0 0 0
633 16 0 0 0
634 16 0 0 0
635 16 0 0 0
636 16 0 0 0
637 16 0 0 0
638 16 0 0 0
639 16 0 0 0
0 17 0 0 0
1 17 0 0 0
2 17 0 0 0
3 17 0 0 0
4 17 0 0 0
5 17 0 0 0
6 17 0 0 0
7 17 0 0 0
8 17 0 0 0
9 17 0 0 0
10 17 0 0 0
11 17 0 0 0
12 17 0 0 0
13 17 0 0 0
14 17 0 0 0
15 17 0 0 0
16 17 0 0 0
17 17 0 0 0
18 17 0 0 0
19 17 0 0 0
20 17 0 0 0
21 17 0 0 0
22 17 0 0 0
23 17 0 0 0
24 17 0 0 0
25 17 0 0 0
26 17 0 0 0
27 17 0 0 0
28 17 0 0 0
29 17 0 0 0
30 17 0 0 0
31 17 0 0 0
32 17 0 0 0
33 17 0 0 0
34 17 0 0 0
35 17 0 0 0
36 17 0 0 0
37 17 0 0 0
38 17 0 0 0
39 17 0 0 0
40 17 0 0 0
41 17 0 0 0
42 17 0 0 0
43 17 0 0 0
44 17 0 0 0
45 17 0 0 0
46 17 0 0 0
47 17 0 0 0
48 17 0 0 0
49 17 0 0 0
50 17 0 0 0
51 17 0 0 0
52 17 0 0 0
53 17 0 0 0
54 17 0 0 0
55 17 0 0 0
56 17 0 0 0
57 17 0 0 0
58 17 0 0 0
59 17 0 0 0
60 17 0 0 0
61 17 0 0 0
62 17 0 0 0
63 17 0 0 0
64 17 0 0 0
65 17 0 0 0
66 17 0 0 0
67 17 0 0 0
68 17 0 0 0
69 17 0 0 0
70 17 0 0 0
71 17 0 0 0
72 17 0 0 0
73 17 0 0 0
74 17 0 0 0
75 17 0 0 0
76 17 0 0 0
77 17 0 0 0
78 17 0 0 0
79 17 0 0 0
80 17 0 0 0
81 17 0 0 0
82 17 0 0 0
83 17 0 0 0
84 17 0 0 0
85 17 0 0 0
86 17 0 0 0
87 17 0 0 0
88 17 0 0 0
89 17 0 0 0
90 17 0 0 0
91 17 0 0 0
92 17 0 0 0
93 17 0 0 0
94 17 0 0 0
95 17 0 0 0
96 17 0 0 0
97 17 0 0 0
98 17 0 0 0
99 17 0 0 0
100 17 0 0 0
101 17 0 0 0
102 17 0 0 0
103 17 0 0 0
104 17 0 0 0
105 17 0 0 0
106 17 0 0 0
107 17 0 0 0
108 17 0 0 0
109 17 0 0 0
110 17 0 0 0
111 17 0 0 0
112 17 0 0 0
113 17 0 0 0
114 17 0 0 0
115 17 0 0 0
116 17 0 0 0
117 17 0 0 0
118 17 0 0 0
119 17 0 0 0
120 17 0 0 0
121 17 0 0 0
122 17 0 0 0
123 17 0 0 0
124 17 0 0 0
125 17 0 0 0
126 17 0 0 0
127 17 0 0 0
128 17 0 0 0
129 17 0 0 0
130 17 0 0 0
131 17 0 0 0
132 17 0 0 0
133 17 0 0 0
134 17 0 0 0
135 17 0 0 0
136 17 0 0 0
137 17 0 0 0
138 17 0 0 0
139 17 0 0 0
140 17 0 0 0
141 17 0 0 0
142 17 0 0 0
143 17 0 0 0
144 17 0 0 0
145 17 0 0 0
146 17 0 0 0
147 17 0 0 0
148 17 0 0 0
149 17 0 0 0
150 17 0 0 0
151 17 0 0 0
152 17 0 0 0
153 17 0 0 0
154 17 0 0 0
155 17 0 0 0
156 17 0 0 0
157 17 0 0 0
158 17 0 0 0
159 17 0 0 0
160 17 0 0 0
161 17 0 0 0
162 17 0 0 0
163 17 0 0 0
164 17 0 0 0
165 17 0 0 0
166 17 0 0 0
167 17 0 0 0
168 17 0 0 0
169 17 0 0 0
170 17 0 0 0
171 17 0 0 0
172 17 0 0 0
173 17 0 0 0
174 17 0 0 0
175 17 0 0 0
176 17 0 0 0
177 17 0 0 0
178 17 0 0 0
179 17 0 0 0
180 17 0 0 0
181 17 0 0 0
182 17 0 0 0
183 17 0 0 0
184 17 0 0 0
185 17 0 0 0
186 17 0 0 0
187 17 0 0 0
188 17 0 0 0
189 17 0 0 0
190 17 0 0 0
191 17 0 0 0
192 17 0 0 0
193 17 0 0 0
194 17 0 0 0
195 17 0 0 0
196 17 0 0 0
197 17 0 0 0
198 17 0 0 0
199 17 0 0 0
200 17 0 0 0
201 17 0 0 0
202 17 0 0 0
203 17 0 0 0
204 17 0 0 0
205 17 0 0 0
206 17 0 0 0
207 17 0 0 0
208 17 0 0 0
209 17 0 0 0
210 17 0 0 0
211 17 0 0 0
212 17 0 0 0
213 17 0 0 0
214 17 0 0 0
215 17 0 0 0
216 17 0 0 0
217 17 0 0 0
218 17 0 0 0
219 17 0 0 0
220 17 0 0 0
221 17 0 0 0
222 17 0 0 0
223 17 0 0 0
224 17 0 0 0
225 17 0 0 0
226 17 0 0 0
227 17 0 0 0
228 17 0 0 0
229 17 0 0 0
230 17 0 0 0
231 17 0 0 0
232 17 0 0 0
233 17 0 0 0
234 17 0 0 0
235 17 0 0 0
236 17 0 0 0
237 17 0 0 0
238 17 0 0 0
239 17 0 0 0
240 17 0 0 0
241 17 0 0 0
242 17 0 0 0
243 17 0 0 0
244 17 0 0 0
245 17 0 0 0
246 17 0 0 0
247 17 0 0 0
248 17 0 0 0
249 17 0 0 0
250 17 0 0 0
251 17 0 0 0
252 17 0 0 0
253 17 0 0 0
254 17 0 0 0
255 17 0 0 0
256 17 0 0 0
257 17 0 0 0
258 17 0 0 0
259 17 0 0 0
260 17 0 0 0
261 17 0 0 0
262 17 0 0 0
263 17 0 0 0
264 17 0 0 0
265 17 0 0 0
266 17 0 0 0
267 17 0 0 0
268 17 0 0 0
269 17 0 0 0
270 17 0 0 0
271 17 0 0 0
272 17 0 0 0
273 17 0 0 0
274 17 0 0 0
275 17 0 0 0
276 17 0 0 0
277 17 0 0 0
278 17 0 0 0
279 17 0 0 0
280 17 0 0 0
281 17 0 0 0
282 17 0 0 0
283 17 0 0 0
284 17 0 0 0
285 17 0 0 0
286 17 0 0 0
287 17 0 0 0
288 17 0 0 0
289 17 1 1 1
290 17 1 1 1
291 17 6 6 6
292 17 6 6 6
293 17 1 1 1
294 17 1 1 1
295 17 0 0 0
296 17 0 0 0
297 17 0 0 0
298 17 0 0 0
299 17 0 0 0
300 17 0 0 0
301 17 0 0 0
302 17 0 0 0
303 17 0 0 0
304 17 0 0 0
305 17 0 0 0
306 17 0 0 0
307 17 0 0 0
308 17 0 0 0
309 17 0 0 0
310 17 0 0 0
311 17 0 0 0
312 17 0 0 0
313 17 0 0 0
314 17 0 0 0
315 17 0 0 0
316 17 0 0 0
317 17 0 0 0
318 17 0 0 0
319 17 0 0 0
320 17 0 0 0
321 17 0 0 0
322 17 0 0 0
323 17 0 0 0
324 17 0 0 0
325 17 0 0 0
326 17 0 0 0
327 17 0 0 0
328 17 0 0 0
329 17 0 0 0
330 17 0 0 0
331 17 0 0 0
332 17 0 0 0
333 17 0 0 0
334 17 0 0 0
335 17 0 0 0
336 17 0 0 0
337 17 0 0 0
338 17 0 0 0
339 17 0 0 0
340 17 0 0 0
341 17 0 0 0
342 17 0 0 0
343 17 0 0 0
344 17 0 0 0
345 17 0 0 0
346 17 0 0 0
347 17 0 0 0
348 17 0 0 0
349 17 0 0 0
350 17 0 0 0
351 17 0 0 0
352 17 0 0 0
353 17 0 0 0
354 17 0 0 0
355 17 0 0 0
356 17 0 0 0
357 17 0 0 0
358 17 0 0 0
359 17 0 0 0
360 17 0 0 0
361 17 0 0 0
362 17 0 0 0
363 17 0 0 0
364 17 0 0 0
365 17 0 0 0
366 17 0 0 0
367 17 0 0 0
368 17 0 0 0
369 17 0 0 0
370 17 0 0 0
371 17 0 0 0
372 17 0 0 0
373 17 0 0 0
374 17 0 0 0
375 17 0 0 0
376 17 0 0 0
377 17 0 0 0
378 17 0 0 0
379 17 0 0 0
380 17 0 0 0
381 17 0 0 0
382 17 0 0 0
383 17 0 0 0
384 17 0 0 0
385 17 0 0 0
386 17 0 0 0
387 17 0 0 0
388 17 0 0 0
389 17 0 0 0
390 17 0 0 0
391 17 0 0 0
392 17 0 0 0
393 17 0 0 0
394 17 0 0 0
395 17 0 0 0
396 17 0 0 0
397 17 0 0 0
398 17 0 0 0
399 17 0 0 0
400 17 0 0 0
401 17 0 0 0
402 17 0 0 0
403 17 0 0 0
404 17 0 0 0
405 17 0 0 0
406 17 0 0 0
407 17 0 0 0
408 17 0 0 0
409 17 0 0 0
410 17 0 0 0
411 17 0 0 0
412 17 0 0 0
413 17 0 0 0
414 17 0 0 0
415 17 0 0 0
416 17 0 0 0
417 17 0 0 0
418 17 0 0 0
419 17 0 0 0
420 17 0 0 0
421 17 0 0 0
422 17 0 0 0
423 17 0 0 0
424 17 0 0 0
425 17 0 0 0
426 17 0 0 0
427 17 0 0 0
428 17 0 0 0
429 17 0 0 0
430 17 0 0 0
431 17 0 0 0
432 17 0 0 0
433 17 0 0 0
434 17 0 0 0
435 17 0 0 0
436 17 0 0 0
437 17 0 0 0
438 17 0 0 0
439 17 0 0 0
440 17 0 0 0
441 17 0 0 0
442 17 0 0 0
443 17 0 0 0
444 17 0 0 0
445 17 0 0 0
446 17 0 0 0
447 17 0 0 0
448 17 0 0 0
449 17 0 0 0
450 17 0 0 0
451 17 0 0 0
452 17 0 0 0
453 17 0 0 0
454 17 0 0 0
455 17 0 0 0
456 17 0 0 0
457 17 0 0 0
458 17 0 0 0
459 17 0 0 0
460 17 0 0 0
461 17 0 0 0
462 17 0 0 0
463 17 0 0 0
464 17 0 0 0
465 17 1 1 1
466 17 1 1 1
467 17 5 5 5
468 17 5 5 5
469 17 3 3 3
470 17 3 3 3
471 17 0 0 0
472 17 0 0 0
473 17 0 0 0
474 17 0 0 0
475 17 0 0 0
476 17 0 0 0
477 17 0 0 0
478 17 0 0 0
479 17 0 0 0
480 17 0 0 0
481 17 0 0 0
482 17 0 0 0
483 17 0 0 0
484 17 0 0 0
485 17 0 0 0
486 17 0 0 0
487 17 0 0 0
488 17 0 0 0
489 17 0 0 0
490 17 0 0 0
491 17 0 0 0
492 17 0 0 0
493 17 0 0 0
494 17 0 0 0
495 17 0 0 0
496 17 0 0 0
497 17 0 0 0
498 17 0 0 0
499 17 0 0 0
500 17 0 0 0
501 17 0 0 0
502 17 0 0 0
503 17 0 0 0
504 17 0 0 0
505 17 0 0 0
506 17 0 0 0
507 17 0 0 0
508 17 0 0 0
509 17 0 0 0
510 17 0 0 0
511 17 0 0 0
512 17 0 0 0
513 17 0 0 0
514 17 0 0 0
515 17 0 0 0
516 17 0 0 0
517 17 0 0 0
518 17 0 0 0
519 17 0 0 0
520 17 0 0 0
521 17 0 0 0
522 17 0 0 0
523 17 0 0 0
524 17 0 0 0
525 17 0 0 0
526 17 0 0 0
527 17 0 0 0
528 17 0 0 0
529 17 0 0 0
530 17 0 0 0
531 17 0 0 0
532 17 0 0 0
533 17 0 0 0
534 17 0 0 0
535 17 0 0 0
536 17 0 0 0
537 17 0 0 0
538 17 0 0 0
539 17 0 0 0
540 17 0 0 0
541 17 0 0 0
542 17 0 0 0
543 17 0 0 0
544 17 0 0 0
545 17 0 0 0
546 17 0 0 0
547 17 0 0 0
548 17 0 0 0
549 17 0 0 0
550 17 0 0 0
551 17 0 0 0
552 17 0 0 0
553 17 0 0 0
554 17 0 0 0
555 17 0 0 0
556 17 0 0 0
557 17 0 0 0
558 17 0 0 0
559 17 0 0 0
560 17 0 0 0
561 17 0 0 0
562 17 0 0 0
563 17 0 0 0
564 17 0 0 0
565 17 0 0 0
566 17 0 0 0
567 17 0 0 0
568 17 0 0 0
569 17 0 0 0
570 17 0 0 0
571 17 0 0 0
572 17 0 0 0
573 17 0 0 0
574 17 0 0 0
575 17 0 0 0
576 17 0 0 0
577 17 0 0 0
578 17 0 0 0
579 17 0 0 0
580 17 0 0 0
581 17 0 0 0
582 17 0 0 0
583 17 0 0 0
584 17 0 0 0
585 17 0 0 0
586 17 0 0 0
587 17 0 0 0
588 17 0 0 0
589 17 0 0 0
590 17 0 0 0
591 17 0 0 0
592 17 0 0 0
593 17 0 0 0
594 17 0 0 0
595 17 0 0 0
596 17 0 0 0
597 17 0 0 0
598 17 0 0 0
599 17 0 0 0
600 17 0 0 0
601 17 0 0 0
602 17 0 0 0
603 17 0 0 0
604 17 0 0 0
605 17 0 0 0
606 17 0 0 0
607 17 0 0 0
608 17 0 0 0
609 17 0 0 0
610 17 0 0 0
611 17 0 0 0
612 17 0 0 0
613 17 0 0 0
614 17 0 0 0
615 17 0 0 0
616 17 0 0 0
617 17 0 0 0
618 17 0 0 0
619 17 0 0 0
620 17 0 0 0
621 17 0 0 0
622 17 0 0 0
623 17 0 0 0
624 17 0 0 0
625 17 0 0 0
626 17 0 0 0
627 17 0 0 0
628 17 0 0 0
629 17 0 0 0
630 17 0 0 0
631 17 0 0 0
632 17 0 0 0
633 17 0 0 0
634 17 0 0 0
635 17 0 0 0
636 17 0 0 0
637 17 0 0 0
638 17 0 0 0
639 17 0 0 0
0 18 0 0 0
1 18 0 0 0
2 18 0 0 0
3 18 0 0 0
4 18 0 0 0
5 18 0 0 0
6 18 0 0 0
7 18 0 0 0
8 18 0 0 0
9 18 0 0 0
10 18 0 0 0
11 18 0 0 0
12 18 0 0 0
13 18 0 0 0
14 18 0 0 0
15 18 0 0 0
16 18 0 0 0
17 18 0 0 0
18 18 0 0 0
19 18 0 0 0
20 18 0 0 0
21 18 0 0 0
22 18 0 0 0
23 18 0 0 0
24 18 0 0 0
25 18 0 0 0
26 18 0 0 0
27 18 0 0 0
28 18 0 0 0
29 18 0 0 0
30 18 0 0 0
31 18 0 0 0
32 18 0 0 0
33 18 0 0 0
34 18 0 0 0
35 18 0 0 0
36 18 0 0 0
37 18 0 0 0
38 18 0 0 0
39 18 0 0 0
40 18 0 0 0
41 18 0 0 0
42 18 0 0 0
43 18 0 0 0
44 18 0 0 0
45 18 0 0 0
46 18 0 0 0
47 18 0 0 0
48 18 0 0 0
49 18 0 0 0
50 18 0 0 0
51 18 0 0 0
52 18 0 0 0
53 18 0 0 0
54 18 0 0 0
55 18 0 0 0
56 18 0 0 0
57 18 0 0 0
58 18 0 0 0
59 18 0 0 0
60 18 0 0 0
61 18 0 0 0
62 18 0 0 0
63 18 0 0 0
64 18 0 0 0
65 18 0 0 0
66 18 0 0 0
67 18 0 0 0
68 18 0 0 0
69 18 0 0 0
70 18 0 0 0
71 18 0 0 0
72 18 0 0 0
73 18 0 0 0
74 18 0 0 0
75 18 0 0 0
76 18 0 0 0
77 18 0 0 0
78 18 0 0 0
79 18 0 0 0
80 18 0 0 0
81 18 0 0 0
82 18 0 0 0
83 18 0 0 0
84 18 0 0 0
85 18 0 0 0
86 18 0 0 0
87 18 0 0 0
88 18 0 0 0
89 18 0 0 0
90 18 0 0 0
91 18 0 0 0
92 18 0 0 0
93 18 0 0 0
94 18 0 0 0
95 18 0 0 0
96 18 0 0 0
97 18 0 0 0
98 18 0 0 0
99 18 0 0 0
100 18 0 0 0
101 18 0 0 0
102 18 0 0 0
103 18 0 0 0
104 18 0 0 0
105 18 0 0 0
106 18 0 0 0
107 18 0 0 0
108 18 0 0 0
109 18 0 0 0
110 18 0 0 0
111 18 0 0 0
112 18 0 0 0
113 18 0 0 0
114 18 0 0 0
115 18 0 0 0
116 18 0 0 0
117 18 0 0 0
118 18 0 0 0
119 18 0 0 0
120 18 0 0 0
121 18 0 0 0
122 18 0 0 0
123 18 0 0 0
124 18 0 0 0
125 18 0 0 0
126 18 0 0 0
127 18 0 0 0
128 18 0 0 0
129 18 0 0 0
130 18 0 0 0
131 18 0 0 0
132 18 0 0 0
133 18 0 0 0
134 18 0 0 0
135 18 0 0 0
136 18 0 0 0
137 18 0 0 0
138 18 0 0 0
139 18 0 0 0
140 18 0 0 0
141 18 0 0 0
142 18 0 0 0
143 18 0 0 0
144 18 0 0 0
145 18 0 0 0
146 18 0 0 0
147 18 0 0 0
148 18 0 0 0
149 18 0 0 0
150 18 0 0 0
151 18 0 0 0
152 18 0 0 0
153 18 0 0 0
154 18 0 0 0
155 18 0 0 0
156 18 0 0 0
157 18 0 0 0
158 18 0 0 0
159 18 0 0 0
160 18 0 0 0
161 18 0 0 0
162 18 0 0 0
163 18 0 0 0
164 18 0 0 0
165 18 0 0 0
166 18 0 0 0
167 18 0 0 0
168 18 0 0 0
169 18 0 0 0
170 18 0 0 0
171 18 0 0 0
172 18 0 0 0
173 18 0 0 0
174 18 0 0 0
175 18 0 0 0
176 18 0 0 0
177 18 0 0 0
178 18 0 0 0
179 18 0 0 0
180 18 0 0 0
181 18 0 0 0
182 18 0 0 0
183 18 0 0 0
184 18 0 0 0
185 18 0 0 0
186 18 0 0 0
187 18 0 0 0
188 18 0 0 0
189 18 0 0 0
190 18 0 0 0
191 18 0 0 0
192 18 0 0 0
193 18 0 0 0
194 18 0 0 0
195 18 0 0 0
196 18 0 0 0
197 18 0 0 0
198 18 0 0 0
199 18 0 0 0
200 18 0 0 0
201 18 0 0 0
202 18 0 0 0
203 18 0 0 0
204 18 0 0 0
205 18 0 0 0
206 18 0 0 0
207 18 0 0 0
208 18 0 0 0
209 18 0 0 0
210 18 0 0 0
211 18 0 0 0
212 18 0 0 0
213 18 0 0 0
214 18 0 0 0
215 18 0 0 0
216 18 0 0 0
217 18 0 0 0
218 18 0 0 0
219 18 0 0 0
220 18 0 0 0
221 18 0 0 0
222 18 0 0 0
223 18 0 0 0
224 18 0 0 0
225 18 0 0 0
226 18 0 0 0
227 18 0 0 0
228 18 0 0 0
229 18 0 0 0
230 18 0 0 0
231 18 0 0 0
232 18 0 0 0
233 18 0 0 0
234 18 0 0 0
235 18 0 0 0
236 18 0 0 0
237 18 0 0 0
238 18 0 0 0
239 18 0 0 0
240 18 0 0 0
241 18 0 0 0
242 18 0 0 0
243 18 0 0 0
244 18 0 0 0
245 18 0 0 0
246 18 0 0 0
247 18 0 0 0
248 18 0 0 0
249 18 0 0 0
250 18 0 0 0
251 18 0 0 0
252 18 0 0 0
253 18 0 0 0
254 18 0 0 0
255 18 0 0 0
256 18 0 0 0
257 18 0 0 0
258 18 0 0 0
259 18 0 0 0
260 18 0 0 0
261 18 0 0 0
262 18 0 0 0
263 18 0 0 0
264 18 0 0 0
265 18 0 0 0
266 18 0 0 0
267 18 0 0 0
268 18 0 0 0
269 18 0 0 0
270 18 0 0 0
271 18 0 0 0
272 18 0 0 0
273 18 0 0 0
274 18 0 0 0
275 18 0 0 0
276 18 0 0 0
277 18 0 0 0
278 18 0 0 0
279 18 0 0 0
280 18 0 0 0
281 18 0 0 0
282 18 0 0 0
283 18 0 0 0
284 18 0 0 0
285 18 0 0 0
286 18 0 0 0
287 18 0 0 0
288 18 0 0 0
289 18 0 0 0
290 18 0 0 0
291 18 3 3 3
292 18 3 3 3
293 18 5 5 5
294 18 5 5 5
295 18 1 1 1
296 18 1 1 1
297 18 0 0 0
298 18 0 0 0
299 18 0 0 0
300 18 0 0 0
301 18 0 0 0
302 18 0 0 0
303 18 0 0 0
304 18 0 0 0
305 18 0 0 0
306 18 0 0 0
307 18 0 0 0
308 18 0 0 0
309 18 0 0 0
310 18 0 0 0
311 18 0 0 0
312 18 0 0 0
313 18 0 0 0
314 18 0 0 0
315 18 0 0 0
316 18 0 0 0
317 18 0 0 0
318 18 0 0 0
319 18 0 0 0
320 18 0 0 0
321 18 0 0 0
322 18 0 0 0
323 18 0 0 0
324 18 0 0 0
325 18 0 0 0
326 18 0 0 0
327 18 0 0 0
328 18 0 0 0
329 18 0 0 0
330 18 0 0 0
331 18 0 0 0
332 18 0 0 0
333 18 0 0 0
334 18 0 0 0
335 18 0 0 0
336 18 0 0 0
337 18 0 0 0
338 18 0 0 0
339 18 0 0 0
340 18 0 0 0
341 18 0 0 0
342 18 0 0 0
343 18 0 0 0
344 18 0 0 0
345 18 0 0 0
346 18 0 0 0
347 18 0 0 0
348 18 0 0 0
349 18 0 0 0
350 18 0 0 0
351 18 0 0 0
352 18 0 0 0
353 18 0 0 0
354 18 0 0 0
355 18 0 0 0
356 18 0 0 0
357 18 0 0 0
358 18 0 0 0
359 18 0 0 0
360 18 0 0 0
361 18 0 0 0
362 18 0 0 0
363 18 0 0 0
364 18 0 0 0
365 18 0 0 0
366 18 0 0 0
367 18 0 0 0
368 18 0 0 0
369 18 0 0 0
370 18 0 0 0
371 18 0 0 0
372 18 0 0 0
373 18 0 0 0
374 18 0 0 0
375 18 0 0 0
376 18 0 0 0
377 18 0 0 0
378 18 0 0 0
379 18 0 0 0
380 18 0 0 0
381 18 0 0 0
382 18 0 0 0
383 18 0 0 0
384 18 0 0 0
385 18 0 0 0
386 18 0 0 0
387 18 0 0 0
388 18 0 0 0
389 18 0 0 0
390 18 0 0 0
391 18 0 0 0
392 18 0 0 0
393 18 0 0 0
394 18 0 0 0
395 18 0 0 0
396 18 0 0 0
397 18 0 0 0
398 18 0 0 0
399 18 0 0 0
400 18 0 0 0
401 18 0 0 0
402 18 0 0 0
403 18 0 0 0
404 18 0 0 0
405 18 0 0 0
406 18 0 0 0
407 18 0 0 0
408 18 0 0 0
409 18 0 0 0
410 18 0 0 0
411 18 0 0 0
412 18 0 0 0
413 18 0 0 0
414 18 0 0 0
415 18 0 0 0
416 18 0 0 0
417 18 0 0 0
418 18 0 0 0
419 18 0 0 0
420 18 0 0 0
421 18 0 0 0
422 18 0 0 0
423 18 0 0 0
424 18 0 0 0
425 18 0 0 0
426 18 0 0 0
427 18 0 0 0
428 18 0 0 0
429 18 0 0 0
430 18 0 0 0
431 18 0 0 0
432 18 0 0 0
433 18 0 0 0
434 18 0 0 0
435 18 0 0 0
436 18 0 0 0
437 18 0 0 0
438 18 0 0 0
439 18 0 0 0
440 18 0 0 0
441 18 0 0 0
442 18 0 0 0
443 18 0 0 0
444 18 0 0 0
445 18 0 0 0
446 18 0 0 0
447 18 0 0 0
448 18 0 0 0
449 18 0 0 0
450 18 0 0 0
451 18 0 0 0
452 18 0 0 0
453 18 0 0 0
454 18 0 0 0
455 18 0 0 0
456 18 0 0 0
457 18 0 0 0
458 18 0 0 0
459 18 0 0 0
460 18 0 0 0
461 18 0 0 0
462 18 0 0 0
463 18 3 3 3
464 18 3 3 3
465 18 4 4 4
466 18 4 4 4
467 18 3 3 3
468 18 3 3 3
469 18 2 2 2
470 18 2 2 2
471 18 0 0 0
472 18 0 0 0
473 18 0 0 0
474 18 0 0 0
475 18 0 0 0
476 18 0 0 0
477 18 0 0 0
478 18 0 0 0
479 18 0 0 0
480 18 0 0 0
481 18 0 0 0
482 18 0 0 0
483 18 0 0 0
484 18 0 0 0
485 18 0 0 0
486 18 0 0 0
487 18 0 0 0
488 18 0 0 0
489 18 0 0 0
490 18 0 0 0
491 18 0 0 0
492 18 0 0 0
493 18 0 0 0
494 18 0 0 0
495 18 0 0 0
496 18 0 0 0
497 18 0 0 0
498 18 0 0 0
499 18 0 0 0
500 18 0 0 0
501 18 0 0 0
502 18 0 0 0
503 18 0 0 0
504 18 0 0 0
505 18 0 0 0
506 18 0 0 0
507 18 0 0 0
508 18 0 0 0
509 18 0 0 0
510 18 0 0 0
511 18 0 0 0
512 18 0 0 0
513 18 0 0 0
514 18 0 0 0
515 18 0 0 0
516 18 0 0 0
517 18 0 0 0
518 18 0 0 0
519 18 0 0 0
520 18 0 0 0
521 18 0 0 0
522 18 0 0 0
523 18 0 0 0
524 18 0 0 0
525 18 0 0 0
526 18 0 0 0
527 18 0 0 0
528 18 0 0 0
529 18 0 0 0
530 18 0 0 0
531 18 0 0 0
532 18 0 0 0
533 18 0 0 0
534 18 0 0 0
535 18 0 0 0
536 18 0 0 0
537 18 0 0 0
538 18 0 0 0
539 18 0 0 0
540 18 0 0 0
541 18 0 0 0
542 18 0 0 0
543 18 0 0 0
544 18 0 0 0
545 18 0 0 0
546 18 0 0 0
547 18 0 0 0
548 18 0 0 0
549 18 0 0 0
550 18 0 0 0
551 18 0 0 0
552 18 0 0 0
553 18 0 0 0
554 18 0 0 0
555 18 0 0 0
556 18 0 0 0
557 18 0 0 0
558 18 0 0 0
559 18 0 0 0
560 18 0 0 0
561 18 0 0 0
562 18 0 0 0
563 18 0 0 0
564 18 0 0 0
565 18 0 0 0
566 18 0 0 0
567 18 0 0 0
568 18 0 0 0
569 18 0 0 0
570 18 0 0 0
571 18 0 0 0
572 18 0 0 0
573 18 0 0 0
574 18 0 0 0
575 18 0 0 0
576 18 0 0 0
577 18 0 0 0
578 18 0 0 0
579 18 0 0 0
580 18 0 0 0
581 18 0 0 0
582 18 0 0 0
583 18 0 0 0
584 18 0 0 0
585 18 0 0 0
586 18 0 0 0
587 18 0 0 0
588 18 0 0 0
589 18 0 0 0
590 18 0 0 0
591 18 0 0 0
592 18 0 0 0
593 18 0 0 0
594 18 0 0 0
595 18 0 0 0
596 18 0 0 0
597 18 0 0 0
598 18 0 0 0
599 18 0 0 0
600 18 0 0 0
601 18 0 0 0
602 18 0 0 0
603 18 0 0 0
604 18 0 0 0
605 18 0 0 0
606 18 0 0 0
607 18 0 0 0
608 18 0 0 0
609 18 0 0 0
610 18 0 0 0
611 18 0 0 0
612 18 0 0 0
613 18 0 0 0
614 18 0 0 0
615 18 0 0 0
616 18 0 0 0
617 18 0 0 0
618 18 0 0 0
619 18 0 0 0
620 18 0 0 0
621 18 0 0 0
622 18 0 0 0
623 18 0 0 0
624 18 0 0 0
625 18 0 0 0
626 18 0 0 0
627 18 0 0 0
628 18 0 0 0
629 18 0 0 0
630 18 0 0 0
631 18 0 0 0
632 18 0 0 0
633 18 0 0 0
634 18 0 0 0
635 18 0 0 0
636 18 0 0 0
637 18 0 0 0
638 18 0 0 0
639 18 0 0 0
0 19 0 0 0
1 19 0 0 0
2 19 0 0 0
3 19 0 0 0
4 19 0 0 0
5 19 0 0 0
6 19 0 0 0
7 19 0 0 0
8 19 0 0 0
9 19 0 0 0
10 19 0 0 0
11 19 0 0 0
12 19 0 0 0
13 19 0 0 0
14 19 0 0 0
15 19 0 0 0
16 19 0 0 0
17 19 0 0 0
18 19 0 0 0
19 19 0 0 0
20 19 0 0 0
21 19 0 0 0
22 19 0 0 0
23 19 0 0 0
24 19 0 0 0
25 19 0 0 0
26 19 0 0 0
27 19 0 0 0
28 19 0 0 0
29 19 0 0 0
30 19 0 0 0
31 19 0 0 0
32 19 0 0 0
33 19 0 0 0
34 19 0 0 0
35 19 0 0 0
36 19 0 0 0
37 19 0 0 0
38 19 0 0 0
39 19 0 0 0
40 19 0 0 0
41 19 0 0 0
42 19 0 0 0
43 19 0 0 0
44 19 0 0 0
45 19 0 0 0
46 19 0 0 0
47 19 0 0 0
48 19 0 0 0
49 19 0 0 0
50 19 0 0 0
51 19 0 0 0
52 19 0 0 0
53 19 0 0 0
54 19 0 0 0
55 19 0 0 0
56 19 0 0 0
57 19 0 0 0
58 19 0 0 0
59 19 0 0 0
60 19 0 0 0
61 19 0 0 0
62 19 0 0 0
63 19 0 0 0
64 19 0 0 0
65 19 0 0 0
66 19 0 0 0
67 19 0 0 0
68 19 0 0 0
69 19 0 0 0
70 19 0 0 0
71 19 0 0 0
72 19 0 0 0
73 19 0 0 0
74 19 0 0 0
75 19 0 0 0
76 19 0 0 0
77 19 0 0 0
78 19 0 0 0
79 19 0 0 0
80 19 0 0 0
81 19 0 0 0
82 19 0 0 0
83 19 0 0 0
84 19 0 0 0
85 19 0 0 0
86 19 0 0 0
87 19 0 0 0
88 19 0 0 0
89 19 0 0 0
90 19 0 0 0
91 19 0 0 0
92 19 0 0 0
93 19 0 0 0
94 19 0 0 0
95 19 0 0 0
96 19 0 0 0
97 19 0 0 0
98 19 0 0 0
99 19 0 0 0
100 19 0 0 0
101 19 0 0 0
102 19 0 0 0
103 19 0 0 0
104 19 0 0 0
105 19 0 0 0
106 19 0 0 0
107 19 0 0 0
108 19 0 0 0
109 19 0 0 0
110 19 0 0 0
111 19 0 0 0
112 19 0 0 0
113 19 0 0 0
114 19 0 0 0
115 19 0 0 0
116 19 0 0 0
117 19 0 0 0
118 19 0 0 0
119 19 0 0 0
120 19 0 0 0
121 19 0 0 0
122 19 0 0 0
123 19 0 0 0
124 19 0 0 0
125 19 0 0 0
126 19 0 0 0
127 19 0 0 0
128 19 0 0 0
129 19 0 0 0
130 19 0 0 0
131 19 0 0 0
132 19 0 0 0
133 19 0 0 0
134 19 0 0 0
135 19 0 0 0
136 19 0 0 0
137 19 0 0 0
138 19 0 0 0
139 19 0 0 0
140 19 0 0 0
141 19 0 0 0
142 19 0 0 0
143 19 0 0 0
144 19 0 0 0
145 19 0 0 0
146 19 0 0 0
147 19 0 0 0
148 19 0 0 0
149 19 0 0 0
150 19 0 0 0
151 19 0 0 0
152 19 0 0 0
153 19 0 0 0
154 19 0 0 0
155 19 0 0 0
156 19 0 0 0
157 19 0 0 0
158 19 0 0 0
159 19 0 0 0
160 19 0 0 0
161 19 0 0 0
162 19 0 0 0
163 19 0 0 0
164 19 0 0 0
165 19 0 0 0
166 19 0 0 0
167 19 0 0 0
168 19 0 0 0
169 19 0 0 0
170 19 0 0 0
171 19 0 0 0
172 19 0 0 0
173 19 0 0 0
174 19 0 0 0
175 19 0 0 0
176 19 0 0 0
177 19 0 0 0
178 19 0 0 0
179 19 0 0 0
180 19 0 0 0
181 19 0 0 0
182 19 0 0 0
183 19 0 0 0
184 19 0 0 0
185 19 0 0 0
186 19 0 0 0
187 19 0 0 0
188 19 0 0 0
189 19 0 0 0
190 19 0 0 0
191 19 0 0 0
192 19 0 0 0
193 19 0 0 0
194 19 0 0 0
195 19 0 0 0
196 19 0 0 0
197 19 0 0 0
198 19 0 0 0
199 19 0 0 0
200 19 0 0 0
201 19 0 0 0
202 19 0 0 0
203 19 0 0 0
204 19 0 0 0
205 19 0 0 0
206 19 0 0 0
207 19 0 0 0
208 19 0 0 0
209 19 0 0 0
210 19 0 0 0
211 19 0 0 0
212 19 0 0 0
213 19 0 0 0
214 19 0 0 0
215 19 0 0 0
216 19 0 0 0
217 19 0 0 0
218 19 0 0 0
219 19 0 0 0
220 19 0 0 0
221 19 0 0 0
222 19 0 0 0
223 19 0 0 0
224 19 0 0 0
225 19 0 0 0
226 19 0 0 0
227 19 0 0 0
228 19 0 0 0
229 19 0 0 0
230 19 0 0 0
231 19 0 0 0
232 19 0 0 0
233 19 0 0 0
234 19 0 0 0
235 19 0 0 0
236 19 0 0 0
237 19 0 0 0
238 19 0 0 0
239 19 0 0 0
240 19 0 0 0
241 19 0 0 0
242 19 0 0 0
243 19 0 0 0
244 19 0 0 0
245 19 0 0 0
246 19 0 0 0
247 19 0 0 0
248 19 0 0 0
249 19 0 0 0
250 19 0 0 0
251 19 0 0 0
252 19 0 0 0
253 19 0 0 0
254 19 0 0 0
255 19 0 0 0
256 19 0 0 0
257 19 0 0 0
258 19 0 0 0
259 19 0 0 0
260 19 0 0 0
261 19 0 0 0
262 19 0 0 0
263 19 0 0 0
264 19 0 0 0
265 19 0 0 0
266 19 0 0 0
267 19 0 0 0
268 19 0 0 0
269 19 0 0 0
270 19 0 0 0
271 19 0 0 0
272 19 0 0 0
273 19 0 0 0
274 19 0 0 0
275 19 0 0 0
276 19 0 0 0
277 19 0 0 0
278 19 0 0 0
279 19 0 0 0
280 19 0 0 0
281 19 0 0 0
282 19 0 0 0
283 19 0 0 0
284 19 0 0 0
285 19 0 0 0
286 19 0 0 0
287 19 0 0 0
288 19 0 0 0
289 19 0 0 0
290 19 0 0 0
291 19 3 3 3
292 19 3 3 3
293 19 5 5 5
294 19 5 5 5
295 19 1 1 1
296 19 1 1 1
297 19 0 0 0
298 19 0 0 0
299 19 0 0 0
300 19 0 0 0
301 19 0 0 0
302 19 0 0 0
303 19 0 0 0
304 19 0 0 0
305 19 0 0 0
306 19 0 0 0
307 19 0 0 0
308 19 0 0 0
309 19 0 0 0
310 19 0 0 0
311 19 0 0 0
312 19 0 0 0
313 19 0 0 0
314 19 0 0 0
315 19 0 0 0
316 19 0 0 0
317 19 0 0 0
318 19 0 0 0
319 19 0 0 0
320 19 0 0 0
321 19 0 0 0
322 19 0 0 0
323 19 0 0 0
324 19 0 0 0
325 19 0 0 0
326 19 0 0 0
327 19 0 0 0
328 19 0 0 0
329 19 0 0 0
330 19 0 0 0
331 19 0 0 0
332 19 0 0 0
333 19 0 0 0
334 19 0 0 0
335 19 0 0 0
336 19 0 0 0
337 19 0 0 0
338 19 0 0 0
339 19 0 0 0
340 19 0 0 0
341 19 0 0 0
342 19 0 0 0
343 19 0 0 0
344 19 0 0 0
345 19 0 0 0
346 19 0 0 0
347 19 0 0 0
348 19 0 0 0
349 19 0 0 0
350 19 0 0 0
351 19 0 0 0
352 19 0 0 0
353 19 0 0 0
354 19 0 0 0
355 19 0 0 0
356 19 0 0 0
357 19 0 0 0
358 19 0 0 0
359 19 0 0 0
360 19 0 0 0
361 19 0 0 0
362 19 0 0 0
363 19 0 0 0
364 19 0 0 0
365 19 0 0 0
366 19 0 0 0
367 19 0 0 0
368 19 0 0 0
369 19 0 0 0
370 19 0 0 0
371 19 0 0 0
372 19 0 0 0
373 19 0 0 0
374 19 0 0 0
375 19 0 0 0
376 19 0 0 0
377 19 0 0 0
378 19 0 0 0
379 19 0 0 0
380 19 0 0 0
381 19 0 0 0
382 19 0 0 0
383 19 0 0 0
384 19 0 0 0
385 19 0 0 0
386 19 0 0 0
387 19 0 0 0
388 19 0 0 0
389 19 0 0 0
390 19 0 0 0
391 19 0 0 0
392 19 0 0 0
393 19 0 0 0
394 19 0 0 0
395 19 0 0 0
396 19 0 0 0
397 19 0 0 0
398 19 0 0 0
399 19 0 0 0
400 19 0 0 0
401 19 0 0 0
402 19 0 0 0
403 19 0 0 0
404 19 0 0 0
405 19 0 0 0
406 19 0 0 0
407 19 0 0 0
408 19 0 0 0
409 19 0 0 0
410 19 0 0 0
411 19 0 0 0
412 19 0 0 0
413 19 0 0 0
414 19 0 0 0
415 19 0 0 0
416 19 0 0 0
417 19 0 0 0
418 19 0 0 0
419 19 0 0 0
420 19 0 0 0
421 19 0 0 0
422 19 0 0 0
423 19 0 0 0
424 19 0 0 0
425 19 0 0 0
426 19 0 0 0
427 19 0 0 0
428 19 0 0 0
429 19 0 0 0
430 19 0 0 0
431 19 0 0 0
432 19 0 0 0
433 19 0 0 0
434 19 0 0 0
435 19 0 0 0
436 19 0 0 0
437 19 0 0 0
438 19 0 0 0
439 19 0 0 0
440 19 0 0 0
441 19 0 0 0
442 19 0 0 0
443 19 0 0 0
444 19 0 0 0
445 19 0 0 0
446 19 0 0 0
447 19 0 0 0
448 19 0 0 0
449 19 0 0 0
450 19 0 0 0
451 19 0 0 0
452 19 0 0 0
453 19 0 0 0
454 19 0 0 0
455 19 0 0 0
456 19 0 0 0
457 19 0 0 0
458 19 0 0 0
459 19 0 0 0
460 19 0 0 0
461 19 0 0 0
462 19 0 0 0
463 19 3 3 3
464 19 3 3 3
465 19 4 4 4
466 19 4 4 4
467 19 3 3 3
468 19 3 3 3
469 19 2 2 2
470 19 2 2 2
471 19 0 0 0
472 19 0 0 0
473 19 0 0 0
474 19 0 0 0
475 19 0 0 0
476 19 0 0 0
477 19 0 0 0
478 19 0 0 0
479 19 0 0 0
480 19 0 0 0
481 19 0 0 0
482 19 0 0 0
483 19 0 0 0
484 19 0 0 0
485 19 0 0 0
486 19 0 0 0
487 19 0 0 0
488 19 0 0 0
489 19 0 0 0
490 19 0 0 0
491 19 0 0 0
492 19 0 0 0
493 19 0 0 0
494 19 0 0 0
495 19 0 0 0
496 19 0 0 0
497 19 0 0 0
498 19 0 0 0
499 19 0 0 0
500 19 0 0 0
501 19 0 0 0
502 19 0 0 0
503 19 0 0 0
504 19 0 0 0
505 19 0 0 0
506 19 0 0 0
507 19 0 0 0
508 19 0 0 0
509 19 0 0 0
510 19 0 0 0
511 19 0 0 0
512 19 0 0 0
513 19 0 0 0
514 19 0 0 0
515 19 0 0 0
516 19 0 0 0
517 19 0 0 0
518 19 0 0 0
519 19 0 0 0
520 19 0 0 0
521 19 0 0 0
522 19 0 0 0
523 19 0 0 0
524 19 0 0 0
525 19 0 0 0
526 19 0 0 0
527 19 0 0 0
528 19 0 0 0
529 19 0 0 0
530 19 0 0 0
531 19 0 0 0
532 19 0 0 0
533 19 0 0 0
534 19 0 0 0
535 19 0 0 0
536 19 0 0 0
537 19 0 0 0
538 19 0 0 0
539 19 0 0 0
540 19 0 0 0
541 19 0 0 0
542 19 0 0 0
543 19 0 0 0
544 19 0 0 0
545 19 0 0 0
546 19 0 0 0
547 19 0 0 0
548 19 0 0 0
549 19 0 0 0
550 19 0 0 0
551 19 0 0 0
552 19 0 0 0
553 19 0 0 0
554 19 0 0 0
555 19 0 0 0
556 19 0 0 0
557 19 0 0 0
558 19 0 0 0
559 19 0 0 0
560 19 0 0 0
561 19 0 0 0
562 19 0 0 0
563 19 0 0 0
564 19 0 0 0
565 19 0 0 0
566 19 0 0 0
567 19 0 0 0
568 19 0 0 0
569 19 0 0 0
570 19 0 0 0
571 19 0 0 0
572 19 0 0 0
573 19 0 0 0
574 19 0 0 0
575 19 0 0 0
576 19 0 0 0
577 19 0 0 0
578 19 0 0 0
579 19 0 0 0
580 19 0 0 0
581 19 0 0 0
582 19 0 0 0
583 19 0 0 0
584 19 0 0 0
585 19 0 0 0
586 19 0 0 0
587 19 0 0 0
588 19 0 0 0
589 19 0 0 0
590 19 0 0 0
591 19 0 0 0
592 19 0 0 0
593 19 0 0 0
594 19 0 0 0
595 19 0 0 0
596 19 0 0 0
597 19 0 0 0
598 19 0 0 0
599 19 0 0 0
600 19 0 0 0
601 19 0 0 0
602 19 0 0 0
603 19 0 0 0
604 19 0 0 0
605 19 0 0 0
606 19 0 0 0
607 19 0 0 0
608 19 0 0 0
609 19 0 0 0
610 19 0 0 0
611 19 0 0 0
612 19 0 0 0
613 19 0 0 0
614 19 0 0 0
615 19 0 0 0
616 19 0 0 0
617 19 0 0 0
618 19 0 0 0
619 19 0 0 0
620 19 0 0 0
621 19 0 0 0
622 19 0 0 0
623 19 0 0 0
624 19 0 0 0
625 19 0 0 0
626 19 0 0 0
627 19 0 0 0
628 19 0 0 0
629 19 0 0 0
630 19 0 0 0
631 19 0 0 0
632 19 0 0 0
633 19 0 0 0
634 19 0 0 0
635 19 0 0 0
636 19 0 0 0
637 19 0 0 0
638 19 0 0 0
639 19 0 0 0
0 20 0 0 0
1 20 0 0 0
2 20 0 0 0
3 20 0 0 0
4 20 0 0 0
5 20 0 0 0
6 20 0 0 0
7 20 0 0 0
8 20 0 0 0
9 20 0 0 0
10 20 0 0 0
11 20 0 0 0
12 20 0 0 0
13 20 0 0 0
14 20 0 0 0
15 20 0 0 0
16 20 0 0 0
17 20 0 0 0
18 20 0 0 0
19 20 0 0 0
20 20 0 0 0
21 20 0 0 0
22 20 0 0 0
23 20 0 0 0
24 20 0 0 0
25 20 0 0 0
26 20 0 0 0
27 20 0 0 0
28 20 0 0 0
29 20 0 0 0
30 20 0 0 0
31 20 0 0 0
32 20 0 0 0
33 20 0 0 0
34 20 0 0 0
35 20 0 0 0
36 20 0 0 0
37 20 0 0 0
38 20 0 0 0
39 20 0 0 0
40 20 0 0 0
41 20 0 0 0
42 20 0 0 0
43 20 0 0 0
44 20 0 0 0
45 20 0 0 0
46 20 0 0 0
47 20 0 0 0
48 20 0 0 0
49 20 0 0 0
50 20 0 0 0
51 20 0 0 0
52 20 0 0 0
53 20 0 0 0
54 20 0 0 0
55 20 0 0 0
56 20 0 0 0
57 20 0 0 0
58 20 0 0 0
59 20 0 0 0
60 20 0 0 0
61 20 0 0 0
62 20 0 0 0
63 20 0 0 0
64 20 0 0 0
65 20 0 0 0
66 20 0 0 0
67 20 0 0 0
68 20 0 0 0
69 20 0 0 0
70 20 0 0 0
71 20 0 0 0
72 20 0 0 0
73 20 0 0 0
74 20 0 0 0
75 20 0 0 0
76 20 0 0 0
77 20 0 0 0
78 20 0 0 0
79 20 0 0 0
80 20 0 0 0
81 20 0 0 0
82 20 0 0 0
83 20 0 0 0
84 20 0 0 0
85 20 0 0 0
86 20 0 0 0
87 20 0 0 0
88 20 0 0 0
89 20 0 0 0
90 20 0 0 0
91 20 0 0 0
92 20 0 0 0
93 20 0 0 0
94 20 0 0 0
95 20 0 0 0
96 20 0 0 0
97 20 0 0 0
98 20 0 0 0
99 20 0 0 0
100 20 0 0 0
101 20 0 0 0
102 20 0 0 0
103 20 0 0 0
104 20 0 0 0
105 20 0 0 0
106 20 0 0 0
107 20 0 0 0
108 20 0 0 0
109 20 0 0 0
110 20 0 0 0
111 20 0 0 0
112 20 0 0 0
113 20 0 0 0
114 20 0 0 0
115 20 0 0 0
116 20 0 0 0
117 20 0 0 0
118 20 0 0 0
119 20 0 0 0
120 20 0 0 0
121 20 0 0 0
122 20 0 0 0
123 20 0 0 0
124 20 0 0 0
125 20 0 0 0
126 20 0 0 0
127 20 0 0 0
128 20 0 0 0
129 20 0 0 0
130 20 0 0 0
131 20 0 0 0
132 20 0 0 0
133 20 0 0 0
134 20 0 0 0
135 20 0 0 0
136 20 0 0 0
137 20 0 0 0
138 20 0 0 0
139 20 0 0 0
140 20 0 0 0
141 20 0 0 0
142 20 0 0 0
143 20 0 0 0
144 20 0 0 0
145 20 0 0 0
146 20 0 0 0
147 20 0 0 0
148 20 0 0 0
149 20 0 0 0
150 20 0 0 0
151 20 0 0 0
152 20 0 0 0
153 20 0 0 0
154 20 0 0 0
155 20 0 0 0
156 20 0 0 0
157 20 0 0 0
158 20 0 0 0
159 20 0 0 0
160 20 0 0 0
161 20 0 0 0
162 20 0 0 0
163 20 0 0 0
164 20 0 0 0
165 20 0 0 0
166 20 0 0 0
167 20 0 0 0
168 20 0 0 0
169 20 0 0 0
170 20 0 0 0
171 20 0 0 0
172 20 0 0 0
173 20 0 0 0
174 20 0 0 0
175 20 0 0 0
176 20 0 0 0
177 20 0 0 0
178 20 0 0 0
179 20 0 0 0
180 20 0 0 0
181 20 0 0 0
182 20 0 0 0
183 20 0 0 0
184 20 0 0 0
185 20 0 0 0
186 20 0 0 0
187 20 0 0 0
188 20 0 0 0
189 20 0 0 0
190 20 0 0 0
191 20 0 0 0
192 20 0 0 0
193 20 0 0 0
194 20 0 0 0
195 20 0 0 0
196 20 0 0 0
197 20 0 0 0
198 20 0 0 0
199 20 0 0 0
200 20 0 0 0
201 20 0 0 0
202 20 0 0 0
203 20 0 0 0
204 20 0 0 0
205 20 0 0 0
206 20 0 0 0
207 20 0 0 0
208 20 0 0 0
209 20 0 0 0
210 20 0 0 0
211 20 0 0 0
212 20 0 0 0
213 20 0 0 0
214 20 0 0 0
215 20 0 0 0
216 20 0 0 0
217 20 0 0 0
218 20 0 0 0
219 20 0 0 0
220 20 0 0 0
221 20 0 0 0
222 20 0 0 0
223 20 0 0 0
224 20 0 0 0
225 20 0 0 0
226 20 0 0 0
227 20 0 0 0
228 20 0 0 0
229 20 0 0 0
230 20 0 0 0
231 20 0 0 0
232 20 0 0 0
233 20 0 0 0
234 20 0 0 0
235 20 0 0 0
236 20 0 0 0
237 20 0 0 0
238 20 0 0 0
239 20 0 0 0
240 20 0 0 0
241 20 0 0 0
242 20 0 0 0
243 20 0 0 0
244 20 0 0 0
245 20 0 0 0
246 20 0 0 0
247 20 0 0 0
248 20 0 0 0
249 20 0 0 0
250 20 0 0 0
251 20 0 0 0
252 20 0 0 0
253 20 0 0 0
254 20 0 0 0
255 20 0 0 0
256 20 0 0 0
257 20 0 0 0
258 20 0 0 0
259 20 0 0 0
260 20 0 0 0
261 20 0 0 0
262 20 0 0 0
263 20 0 0 0
264 20 0 0 0
265 20 0 0 0
266 20 0 0 0
267 20 0 0 0
268 20 0 0 0
269 20 0 0 0
270 20 0 0 0
271 20 0 0 0
272 20 0 0 0
273 20 0 0 0
274 20 0 0 0
275 20 0 0 0
276 20 0 0 0
277 20 0 0 0
278 20 0 0 0
279 20 0 0 0
280 20 0 0 0
281 20 0 0 0
282 20 0 0 0
283 20 0 0 0
284 20 0 0 0
285 20 0 0 0
286 20 0 0 0
287 20 0 0 0
288 20 0 0 0
289 20 0 0 0
290 20 0 0 0
291 20 1 1 1
292 20 1 1 1
293 20 5 5 5
294 20 5 5 5
295 20 4 4 4
296 20 4 4 4
297 20 0 0 0
298 20 0 0 0
299 20 0 0 0
300 20 0 0 0
301 20 0 0 0
302 20 0 0 0
303 20 0 0 0
304 20 0 0 0
305 20 0 0 0
306 20 0 0 0
307 20 0 0 0
308 20 0 0 0
309 20 0 0 0
310 20 0 0 0
311 20 0 0 0
312 20 0 0 0
313 20 0 0 0
314 20 0 0 0
315 20 0 0 0
316 20 0 0 0
317 20 0 0 0
318 20 0 0 0
319 20 0 0 0
320 20 0 0 0
321 20 0 0 0
322 20 0 0 0
323 20 0 0 0
324 20 0 0 0
325 20 0 0 0
326 20 0 0 0
327 20 0 0 0
328 20 0 0 0
329 20 0 0 0
330 20 0 0 0
331 20 0 0 0
332 20 0 0 0
333 20 0 0 0
334 20 0 0 0
335 20 0 0 0
336 20 0 0 0
337 20 0 0 0
338 20 0 0 0
339 20 0 0 0
340 20 0 0 0
341 20 0 0 0
342 20 0 0 0
343 20 0 0 0
344 20 0 0 0
345 20 0 0 0
346 20 0 0 0
347 20 0 0 0
348 20 0 0 0
349 20 0 0 0
350 20 0 0 0
351 20 0 0 0
352 20 0 0 0
353 20 0 0 0
354 20 0 0 0
355 20 0 0 0
356 20 0 0 0
357 20 0 0 0
358 20 0 0 0
359 20 0 0 0
360 20 0 0 0
361 20 0 0 0
362 20 0 0 0
363 20 0 0 0
364 20 0 0 0
365 20 0 0 0
366 20 0 0 0
367 20 0 0 0
368 20 0 0 0
369 20 0 0 0
370 20 0 0 0
371 20 0 0 0
372 20 0 0 0
373 20 0 0 0
374 20 0 0 0
375 20 0 0 0
376 20 0 0 0
377 20 0 0 0
378 20 0 0 0
379 20 0 0 0
380 20 0 0 0
381 20 0 0 0
382 20 0 0 0
383 20 0 0 0
384 20 0 0 0
385 20 0 0 0
386 20 0 0 0
387 20 0 0 0
388 20 0 0 0
389 20 0 0 0
390 20 0 0 0
391 20 0 0 0
392 20 0 0 0
393 20 0 0 0
394 20 0 0 0
395 20 0 0 0
396 20 0 0 0
397 20 0 0 0
398 20 0 0 0
399 20 0 0 0
400 20 0 0 0
401 20 0 0 0
402 20 0 0 0
403 20 0 0 0
404 20 0 0 0
405 20 0 0 0
406 20 0 0 0
407 20 0 0 0
408 20 0 0 0
409 20 0 0 0
410 20 0 0 0
411 20 0 0 0
412 20 0 0 0
413 20 0 0 0
414 20 0 0 0
415 20 0 0 0
416 20 0 0 0
417 20 0 0 0
418 20 0 0 0
419 20 0 0 0
420 20 0 0 0
421 20 0 0 0
422 20 0 0 0
423 20 0 0 0
424 20 0 0 0
425 20 0 0 0
426 20 0 0 0
427 20 0 0 0
428 20 0 0 0
429 20 0 0 0
430 20 0 0 0
431 20 0 0 0
432 20 0 0 0
433 20 0 0 0
434 20 0 0 0
435 20 0 0 0
436 20 0 0 0
437 20 0 0 0
438 20 0 0 0
439 20 0 0 0
440 20 0 0 0
441 20 0 0 0
442 20 0 0 0
443 20 0 0 0
444 20 0 0 0
445 20 0 0 0
446 20 0 0 0
447 20 0 0 0
448 20 0 0 0
449 20 0 0 0
450 20 0 0 0
451 20 0 0 0
452 20 0 0 0
453 20 0 0 0
454 20 0 0 0
455 20 0 0 0
456 20 0 0 0
457 20 0 0 0
458 20 0 0 0
459 20 1 1 1
460 20 1 1 1
461 20 3 3 3
462 20 3 3 3
463 20 4 4 4
464 20 4 4 4
465 20 3 3 3
466 20 3 3 3
467 20 3 3 3
468 20 3 3 3
469 20 3 3 3
470 20 3 3 3
471 20 0 0 0
472 20 0 0 0
473 20 0 0 0
474 20 0 0 0
475 20 0 0 0
476 20 0 0 0
477 20 0 0 0
478 20 0 0 0
479 20 0 0 0
480 20 0 0 0
481 20 0 0 0
482 20 0 0 0
483 20 0 0 0
484 20 0 0 0
485 20 0 0 0
486 20 0 0 0
487 20 0 0 0
488 20 0 0 0
489 20 0 0 0
490 20 0 0 0
491 20 0 0 0
492 20 0 0 0
493 20 0 0 0
494 20 0 0 0
495 20 0 0 0
496 20 0 0 0
497 20 0 0 0
498 20 0 0 0
499 20 0 0 0
500 20 0 0 0
501 20 0 0 0
502 20 0 0 0
503 20 0 0 0
504 20 0 0 0
505 20 0 0 0
506 20 0 0 0
507 20 0 0 0
508 20 0 0 0
509 20 0 0 0
510 20 0 0 0
511 20 0 0 0
512 20 0 0 0
513 20 0 0 0
514 20 0 0 0
515 20 0 0 0
516 20 0 0 0
517 20 0 0 0
518 20 0 0 0
519 20 0 0 0
520 20 0 0 0
521 20 0 0 0
522 20 0 0 0
523 20 0 0 0
524 20 0 0 0
525 20 0 0 0
526 20 0 0 0
527 20 0 0 0
528 20 0 0 0
529 20 0 0 0
530 20 0 0 0
531 20 0 0 0
532 20 0 0 0
533 20 0 0 0
534 20 0 0 0
535 20 0 0 0
536 20 0 0 0
537 20 0 0 0
538 20 0 0 0
539 20 0 0 0
540 20 0 0 0
541 20 0 0 0
542 20 0 0 0
543 20 0 0 0
544 20 0 0 0
545 20 0 0 0
546 20 0 0 0
547 20 0 0 0
548 20 0 0 0
549 20 0 0 0
550 20 0 0 0
551 20 0 0 0
552 20 0 0 0
553 20 0 0 0
554 20 0 0 0
555 20 0 0 0
556 20 0 0 0
557 20 0 0 0
558 20 0 0 0
559 20 0 0 0
560 20 0 0 0
561 20 0 0 0
562 20 0 0 0
563 20 0 0 0
564 20 0 0 0
565 20 0 0 0
566 20 0 0 0
567 20 0 0 0
568 20 0 0 0
569 20 0 0 0
570 20 0 0 0
571 20 0 0 0
572 20 0 0 0
573 20 0 0 0
574 20 0 0 0
575 20 0 0 0
576 20 0 0 0
577 20 0 0 0
578 20 0 0 0
579 20 0 0 0
580 20 0 0 0
581 20 0 0 0
582 20 0 0 0
583 20 0 0 0
584 20 0 0 0
585 20 0 0 0
586 20 0 0 0
587 20 0 0 0
588 20 0 0 0
589 20 0 0 0
590 20 0 0 0
591 20 0 0 0
592 20 0 0 0
593 20 0 0 0
594 20 0 0 0
595 20 0 0 0
596 20 0 0 0
597 20 0 0 0
598 20 0 0 0
599 20 0 0 0
600 20 0 0 0
601 20 0 0 0
602 20 0 0 0
603 20 0 0 0
604 20 0 0 0
605 20 0 0 0
606 20 0 0 0
607 20 0 0 0
608 20 0 0 0
609 20 0 0 0
610 20 0 0 0
611 20 0 0 0
612 20 0 0 0
613 20 0 0 0
614 20 0 0 0
615 20 0 0 0
616 20 0 0 0
617 20 0 0 0
618 20 0 0 0
619 20 0 0 0
620 20 0 0 0
621 20 0 0 0
622 20 0 0 0
623 20 0 0 0
624 20 0 0 0
625 20 0 0 0
626 20 0 0 0
627 20 0 0 0
628 20 0 0 0
629 20 0 0 0
630 20 0 0 0
631 20 0 0 0
632 20 0 0 0
633 20 0 0 0
634 20 0 0 0
635 20 0 0 0
636 20 0 0 0
637 20 0 0 0
638 20 0 0 0
639 20 0 0 0
0 21 0 0 0
1 21 0 0 0
2 21 0 0 0
3 21 0 0 0
4 21 0 0 0
5 21 0 0 0
6 21 0 0 0
7 21 0 0 0
8 21 0 0 0
9 21 0 0 0
10 21 0 0 0
11 21 0 0 0
12 21 0 0 0
13 21 0 0 0
14 21 0 0 0
15 21 0 0 0
16 21 0 0 0
17 21 0 0 0
18 21 0 0 0
19 21 0 0 0
20 21 0 0 0
21 21 0 0 0
22 21 0 0 0
23 21 0 0 0
24 21 0 0 0
25 21 0 0 0
26 21 0 0 0
27 21 0 0 0
28 21 0 0 0
29 21 0 0 0
30 21 0 0 0
31 21 0 0 0
32 21 0 0 0
33 21 0 0 0
34 21 0 0 0
35 21 0 0 0
36 21 0 0 0
37 21 0 0 0
38 21 0 0 0
39 21 0 0 0
40 21 0 0 0
41 21 0 0 0
42 21 0 0 0
43 21 0 0 0
44 21 0 0 0
45 21 0 0 0
46 21 0 0 0
47 21 0 0 0
48 21 0 0 0
49 21 0 0 0
50 21 0 0 0
51 21 0 0 0
52 21 0 0 0
53 21 0 0 0
54 21 0 0 0
55 21 0 0 0
56 21 0 0 0
57 21 0 0 0
58 21 0 0 0
59 21 0 0 0
60 21 0 0 0
61 21 0 0 0
62 21 0 0 0
63 21 0 0 0
64 21 0 0 0
65 21 0 0 0
66 21 0 0 0
67 21 0 0 0
68 21 0 0 0
69 21 0 0 0
70 21 0 0 0
71 21 0 0 0
72 21 0 0 0
73 21 0 0 0
74 21 0 0 0
75 21 0 0 0
76 21 0 0 0
77 21 0 0 0
78 21 0 0 0
79 21 0 0 0
80 21 0 0 0
81 21 0 0 0
82 21 0 0 0
83 21 0 0 0
84 21 0 0 0
85 21 0 0 0
86 21 0 0 0
87 21 0 0 0
88 21 0 0 0
89 21 0 0 0
90 21 0 0 0
91 21 0 0 0
92 21 0 0 0
93 21 0 0 0
94 21 0 0 0
95 21 0 0 0
96 21 0 0 0
97 21 0 0 0
98 21 0 0 0
99 21 0 0 0
100 21 0 0 0
101 21 0 0 0
102 21 0 0 0
103 21 0 0 0
104 21 0 0 0
105 21 0 0 0
106 21 0 0 0
107 21 0 0 0
108 21 0 0 0
109 21 0 0 0
110 21 0 0 0
111 21 0 0 0
112 21 0 0 0
113 21 0 0 0
114 21 0 0 0
115 21 0 0 0
116 21 0 0 0
117 21 0 0 0
118 21 0 0 0
119 21 0 0 0
120 21 0 0 0
121 21 0 0 0
122 21 0 0 0
123 21 0 0 0
124 21 0 0 0
125 21 0 0 0
126 21 0 0 0
127 21 0 0 0
128 21 0 0 0
129 21 0 0 0
130 21 0 0 0
131 21 0 0 0
132 21 0 0 0
133 21 0 0 0
134 21 0 0 0
135 21 0 0 0
136 21 0 0 0
137 21 0 0 0
138 21 0 0 0
139 21 0 0 0
140 21 0 0 0
141 21 0 0 0
142 21 0 0 0
143 21 0 0 0
144 21 0 0 0
145 21 0 0 0
146 21 0 0 0
147 21 0 0 0
148 21 0 0 0
149 21 0 0 0
150 21 0 0 0
151 21 0 0 0
152 21 0 0 0
153 21 0 0 0
154 21 0 0 0
155 21 0 0 0
156 21 0 0 0
157 21 0 0 0
158 21 0 0 0
159 21 0 0 0
160 21 0 0 0
161 21 0 0 0
162 21 0 0 0
163 21 0 0 0
164 21 0 0 0
165 21 0 0 0
166 21 0 0 0
167 21 0 0 0
168 21 0 0 0
169 21 0 0 0
170 21 0 0 0
171 21 0 0 0
172 21 0 0 0
173 21 0 0 0
174 21 0 0 0
175 21 0 0 0
176 21 0 0 0
177 21 0 0 0
178 21 0 0 0
179 21 0 0 0
180 21 0 0 0
181 21 0 0 0
182 21 0 0 0
183 21 0 0 0
184 21 0 0 0
185 21 0 0 0
186 21 0 0 0
187 21 0 0 0
188 21 0 0 0
189 21 0 0 0
190 21 0 0 0
191 21 0 0 0
192 21 0 0 0
193 21 0 0 0
194 21 0 0 0
195 21 0 0 0
196 21 0 0 0
197 21 0 0 0
198 21 0 0 0
199 21 0 0 0
200 21 0 0 0
201 21 0 0 0
202 21 0 0 0
203 21 0 0 0
204 21 0 0 0
205 21 0 0 0
206 21 0 0 0
207 21 0 0 0
208 21 0 0 0
209 21 0 0 0
210 21 0 0 0
211 21 0 0 0
212 21 0 0 0
213 21 0 0 0
214 21 0 0 0
215 21 0 0 0
216 21 0 0 0
217 21 0 0 0
218 21 0 0 0
219 21 0 0 0
220 21 0 0 0
221 21 0 0 0
222 21 0 0 0
223 21 0 0 0
224 21 0 0 0
225 21 0 0 0
226 21 0 0 0
227 21 0 0 0
228 21 0 0 0
229 21 0 0 0
230 21 0 0 0
231 21 0 0 0
232 21 0 0 0
233 21 0 0 0
234 21 0 0 0
235 21 0 0 0
236 21 0 0 0
237 21 0 0 0
238 21 0 0 0
239 21 0 0 0
240 21 0 0 0
241 21 0 0 0
242 21 0 0 0
243 21 0 0 0
244 21 0 0 0
245 21 0 0 0
246 21 0 0 0
247 21 0 0 0
248 21 0 0 0
249 21 0 0 0
250 21 0 0 0
251 21 0 0 0
252 21 0 0 0
253 21 0 0 0
254 21 0 0 0
255 21 0 0 0
256 21 0 0 0
257 21 0 0 0
258 21 0 0 0
259 21 0 0 0
260 21 0 0 0
261 21 0 0 0
262 21 0 0 0
263 21 0 0 0
264 21 0 0 0
265 21 0 0 0
266 21 0 0 0
267 21 0 0 0
268 21 0 0 0
269 21 0 0 0
270 21 0 0 0
271 21 0 0 0
272 21 0 0 0
273 21 0 0 0
274 21 0 0 0
275 21 0 0 0
276 21 0 0 0
277 21 0 0 0
278 21 0 0 0
279 21 0 0 0
280 21 0 0 0
281 21 0 0 0
282 21 0 0 0
283 21 0 0 0
284 21 0 0 0
285 21 0 0 0
286 21 0 0 0
287 21 0 0 0
288 21 0 0 0
289 21 0 0 0
290 21 0 0 0
291 21 1 1 1
292 21 1 1 1
293 21 5 5 5
294 21 5 5 5
295 21 4 4 4
296 21 4 4 4
297 21 0 0 0
298 21 0 0 0
299 21 0 0 0
300 21 0 0 0
301 21 0 0 0
302 21 0 0 0
303 21 0 0 0
304 21 0 0 0
305 21 0 0 0
306 21 0 0 0
307 21 0 0 0
308 21 0 0 0
309 21 0 0 0
310 21 0 0 0
311 21 0 0 0
312 21 0 0 0
313 21 0 0 0
314 21 0 0 0
315 21 0 0 0
316 21 0 0 0
317 21 0 0 0
318 21 0 0 0
319 21 0 0 0
320 21 0 0 0
321 21 0 0 0
322 21 0 0 0
323 21 0 0 0
324 21 0 0 0
325 21 0 0 0
326 21 0 0 0
327 21 0 0 0
328 21 0 0 0
329 21 0 0 0
330 21 0 0 0
331 21 0 0 0
332 21 0 0 0
333 21 0 0 0
334 21 0 0 0
335 21 0 0 0
336 21 0 0 0
337 21 0 0 0
338 21 0 0 0
339 21 0 0 0
340 21 0 0 0
341 21 0 0 0
342 21 0 0 0
343 21 0 0 0
344 21 0 0 0
345 21 0 0 0
346 21 0 0 0
347 21 0 0 0
348 21 0 0 0
349 21 0 0 0
350 21 0 0 0
351 21 0 0 0
352 21 0 0 0
353 21 0 0 0
354 21 0 0 0
355 21 0 0 0
356 21 0 0 0
357 21 0 0 0
358 21 0 0 0
359 21 0 0 0
360 21 0 0 0
361 21 0 0 0
362 21 0 0 0
363 21 0 0 0
364 21 0 0 0
365 21 0 0 0
366 21 0 0 0
367 21 0 0 0
368 21 0 0 0
369 21 0 0 0
370 21 0 0 0
371 21 0 0 0
372 21 0 0 0
373 21 0 0 0
374 21 0 0 0
375 21 0 0 0
376 21 0 0 0
377 21 0 0 0
378 21 0 0 0
379 21 0 0 0
380 21 0 0 0
381 21 0 0 0
382 21 0 0 0
383 21 0 0 0
384 21 0 0 0
385 21 0 0 0
386 21 0 0 0
387 21 0 0 0
388 21 0 0 0
389 21 0 0 0
390 21 0 0 0
391 21 0 0 0
392 21 0 0 0
393 21 0 0 0
394 21 0 0 0
395 21 0 0 0
396 21 0 0 0
397 21 0 0 0
398 21 0 0 0
399 21 0 0 0
400 21 0 0 0
401 21 0 0 0
402 21 0 0 0
403 21 0 0 0
404 21 0 0 0
405 21 0 0 0
406 21 0 0 0
407 21 0 0 0
408 21 0 0 0
409 21 0 0 0
410 21 0 0 0
411 21 0 0 0
412 21 0 0 0
413 21 0 0 0
414 21 0 0 0
415 21 0 0 0
416 21 0 0 0
417 21 0 0 0
418 21 0 0 0
419 21 0 0 0
420 21 0 0 0
421 21 0 0 0
422 21 0 0 0
423 21 0 0 0
424 21 0 0 0
425 21 0 0 0
426 21 0 0 0
427 21 0 0 0
428 21 0 0 0
429 21 0 0 0
430 21 0 0 0
431 21 0 0 0
432 21 0 0 0
433 21 0 0 0
434 21 0 0 0
435 21 0 0 0
436 21 0 0 0
437 21 0 0 0
438 21 0 0 0
439 21 0 0 0
440 21 0 0 0
441 21 0 0 0
442 21 0 0 0
443 21 0 0 0
444 21 0 0 0
445 21 0 0 0
446 21 0 0 0
447 21 0 0 0
448 21 0 0 0
449 21 0 0 0
450 21 0 0 0
451 21 0 0 0
452 21 0 0 0
453 21 0 0 0
454 21 0 0 0
455 21 0 0 0
456 21 0 0 0
457 21 0 0 0
458 21 0 0 0
459 21 1 1 1
460 21 1 1 1
461 21 3 3 3
462 21 3 3 3
463 21 4 4 4
464 21 4 4 4
465 21 3 3 3
466 21 3 3 3
467 21 3 3 3
468 21 3 3 3
469 21 3 3 3
470 21 3 3 3
471 21 0 0 0
472 21 0 0 0
473 21 0 0 0
474 21 0 0 0
475 21 0 0 0
476 21 0 0 0
477 21 0 0 0
478 21 0 0 0
479 21 0 0 0
480 21 0 0 0
481 21 0 0 0
482 21 0 0 0
483 21 0 0 0
484 21 0 0 0
485 21 0 0 0
486 21 0 0 0
487 21 0 0 0
488 21 0 0 0
489 21 0 0 0
490 21 0 0 0
491 21 0 0 0
492 21 0 0 0
493 21 0 0 0
494 21 0 0 0
495 21 0 0 0
496 21 0 0 0
497 21 0 0 0
498 21 0 0 0
499 21 0 0 0
500 21 0 0 0
501 21 0 0 0
502 21 0 0 0
503 21 0 0 0
504 21 0 0 0
505 21 0 0 0
506 21 0 0 0
507 21 0 0 0
508 21 0 0 0
509 21 0 0 0
510 21 0 0 0
511 21 0 0 0
512 21 0 0 0
513 21 0 0 0
514 21 0 0 0
515 21 0 0 0
516 21 0 0 0
517 21 0 0 0
518 21 0 0 0
519 21 0 0 0
520 21 0 0 0
521 21 0 0 0
522 21 0 0 0
523 21 0 0 0
524 21 0 0 0
525 21 0 0 0
526 21 0 0 0
527 21 0 0 0
528 21 0 0 0
529 21 0 0 0
530 21 0 0 0
531 21 0 0 0
532 21 0 0 0
533 21 0 0 0
534 21 0 0 0
535 21 0 0 0
536 21 0 0 0
537 21 0 0 0
538 21 0 0 0
539 21 0 0 0
540 21 0 0 0
541 21 0 0 0
542 21 0 0 0
543 21 0 0 0
544 21 0 0 0
545 21 0 0 0
546 21 0 0 0
547 21 0 0 0
548 21 0 0 0
549 21 0 0 0
550 21 0 0 0
551 21 0 0 0
552 21 0 0 0
553 21 0 0 0
554 21 0 0 0
555 21 0 0 0
556 21 0 0 0
557 21 0 0 0
558 21 0 0 0
559 21 0 0 0
560 21 0 0 0
561 21 0 0 0
562 21 0 0 0
563 21 0 0 0
564 21 0 0 0
565 21 0 0 0
566 21 0 0 0
567 21 0 0 0
568 21 0 0 0
569 21 0 0 0
570 21 0 0 0
571 21 0 0 0
572 21 0 0 0
573 21 0 0 0
574 21 0 0 0
575 21 0 0 0
576 21 0 0 0
577 21 0 0 0
578 21 0 0 0
579 21 0 0 0
580 21 0 0 0
581 21 0 0 0
582 21 0 0 0
583 21 0 0 0
584 21 0 0 0
585 21 0 0 0
586 21 0 0 0
587 21 0 0 0
588 21 0 0 0
589 21 0 0 0
590 21 0 0 0
591 21 0 0 0
592 21 0 0 0
593 21 0 0 0
594 21 0 0 0
595 21 0 0 0
596 21 0 0 0
597 21 0 0 0
598 21 0 0 0
599 21 0 0 0
600 21 0 0 0
601 21 0 0 0
602 21 0 0 0
603 21 0 0 0
604 21 0 0 0
605 21 0 0 0
606 21 0 0 0
607 21 0 0 0
608 21 0 0 0
609 21 0 0 0
610 21 0 0 0
611 21 0 0 0
612 21 0 0 0
613 21 0 0 0
614 21 0 0 0
615 21 0 0 0
616 21 0 0 0
617 21 0 0 0
618 21 0 0 0
619 21 0 0 0
620 21 0 0 0
621 21 0 0 0
622 21 0 0 0
623 21 0 0 0
624 21 0 0 0
625 21 0 0 0
626 21 0 0 0
627 21 0 0 0
628 21 0 0 0
629 21 0 0 0
630 21 0 0 0
631 21 0 0 0
632 21 0 0 0
633 21 0 0 0
634 21 0 0 0
635 21 0 0 0
636 21 0 0 0
637 21 0 0 0
638 21 0 0 0
639 21 0 0 0
0 22 0 0 0
1 22 0 0 0
2 22 0 0 0
3 22 0 0 0
4 22 0 0 0
5 22 0 0 0
6 22 0 0 0
7 22 0 0 0
8 22 0 0 0
9 22 0 0 0
10 22 0 0 0
11 22 0 0 0
12 22 0 0 0
13 22 0 0 0
14 22 0 0 0
15 22 0 0 0
16 22 0 0 0
17 22 0 0 0
18 22 0 0 0
19 22 0 0 0
20 22 0 0 0
21 22 0 0 0
22 22 0 0 0
23 22 0 0 0
24 22 0 0 0
25 22 0 0 0
26 22 0 0 0
27 22 0 0 0
28 22 0 0 0
29 22 0 0 0
30 22 0 0 0
31 22 0 0 0
32 22 0 0 0
33 22 0 0 0
34 22 0 0 0
35 22 0 0 0
36 22 0 0 0
37 22 0 0 0
38 22 0 0 0
39 22 0 0 0
40 22 0 0 0
41 22 0 0 0
42 22 0 0 0
43 22 0 0 0
44 22 0 0 0
45 22 0 0 0
46 22 0 0 0
47 22 0 0 0
48 22 0 0 0
49 22 0 0 0
50 22 0 0 0
51 22 0 0 0
52 22 0 0 0
53 22 0 0 0
54 22 0 0 0
55 22 0 0 0
56 22 0 0 0
57 22 0 0 0
58 22 0 0 0
59 22 0 0 0
60 22 0 0 0
61 22 0 0 0
62 22 0 0 0
63 22 0 0 0
64 22 0 0 0
65 22 0 0 0
66 22 0 0 0
67 22 0 0 0
68 22 0 0 0
69 22 0 0 0
70 22 0 0 0
71 22 0 0 0
72 22 0 0 0
73 22 0 0 0
74 22 0 0 0
75 22 0 0 0
76 22 0 0 0
77 22 0 0 0
78 22 0 0 0
79 22 0 0 0
80 22 0 0 0
81 22 0 0 0
82 22 0 0 0
83 22 0 0 0
84 22 0 0 0
85 22 0 0 0
86 22 0 0 0
87 22 0 0 0
88 22 0 0 0
89 22 0 0 0
90 22 0 0 0
91 22 0 0 0
92 22 0 0 0
93 22 0 0 0
94 22 0 0 0
95 22 0 0 0
96 22 0 0 0
97 22 0 0 0
98 22 0 0 0
99 22 0 0 0
100 22 0 0 0
101 22 0 0 0
102 22 0 0 0
103 22 0 0 0
104 22 0 0 0
105 22 0 0 0
106 22 0 0 0
107 22 0 0 0
108 22 0 0 0
109 22 0 0 0
110 22 0 0 0
111 22 0 0 0
112 22 0 0 0
113 22 0 0 0
114 22 0 0 0
115 22 0 0 0
116 22 0 0 0
117 22 0 0 0
118 22 0 0 0
119 22 0 0 0
120 22 0 0 0
121 22 0 0 0
122 22 0 0 0
123 22 0 0 0
124 22 0 0 0
125 22 0 0 0
126 22 0 0 0
127 22 0 0 0
128 22 0 0 0
129 22 0 0 0
130 22 0 0 0
131 22 0 0 0
132 22 0 0 0
133 22 0 0 0
134 22 0 0 0
135 22 0 0 0
136 22 0 0 0
137 22 0 0 0
138 22 0 0 0
139 22 0 0 0
140 22 0 0 0
141 22 0 0 0
142 22 0 0 0
143 22 0 0 0
144 22 0 0 0
145 22 0 0 0
146 22 0 0 0
147 22 0 0 0
148 22 0 0 0
149 22 0 0 0
150 22 0 0 0
151 22 0 0 0
152 22 0 0 0
153 22 0 0 0
154 22 0 0 0
155 22 0 0 0
156 22 0 0 0
157 22 0 0 0
158 22 0 0 0
159 22 0 0 0
160 22 0 0 0
161 22 0 0 0
162 22 0 0 0
163 22 0 0 0
164 22 0 0 0
165 22 0 0 0
166 22 0 0 0
167 22 0 0 0
168 22 0 0 0
169 22 0 0 0
170 22 0 0 0
171 22 0 0 0
172 22 0 0 0
173 22 0 0 0
174 22 0 0 0
175 22 0 0 0
176 22 0 0 0
177 22 0 0 0
178 22 0 0 0
179 22 0 0 0
180 22 0 0 0
181 22 0 0 0
182 22 0 0 0
183 22 0 0 0
184 22 0 0 0
185 22 0 0 0
186 22 0 0 0
187 22 0 0 0
188 22 0 0 0
189 22 0 0 0
190 22 0 0 0
191 22 0 0 0
192 22 0 0 0
193 22 0 0 0
194 22 0 0 0
195 22 0 0 0
196 22 0 0 0
197 22 0 0 0
198 22 0 0 0
199 22 0 0 0
200 22 0 0 0
201 22 0 0 0
202 22 0 0 0
203 22 0 0 0
204 22 0 0 0
205 22 0 0 0
206 22 0 0 0
207 22 0 0 0
208 22 0 0 0
209 22 0 0 0
210 22 0 0 0
211 22 0 0 0
212 22 0 0 0
213 22 0 0 0
214 22 0 0 0
215 22 0 0 0
216 22 0 0 0
217 22 0 0 0
218 22 0 0 0
219 22 0 0 0
220 22 0 0 0
221 22 0 0 0
222 22 0 0 0
223 22 0 0 0
224 22 0 0 0
225 22 0 0 0
226 22 0 0 0
227 22 0 0 0
228 22 0 0 0
229 22 0 0 0
230 22 0 0 0
231 22 0 0 0
232 22 0 0 0
233 22 0 0 0
234 22 0 0 0
235 22 0 0 0
236 22 0 0 0
237 22 0 0 0
238 22 0 0 0
239 22 0 0 0
240 22 0 0 0
241 22 0 0 0
242 22 0 0 0
243 22 0 0 0
244 22 0 0 0
245 22 0 0 0
246 22 0 0 0
247 22 0 0 0
248 22 0 0 0
249 22 0 0 0
250 22 0 0 0
251 22 0 0 0
252 22 0 0 0
253 22 0 0 0
254 22 0 0 0
255 22 0 0 0
256 22 0 0 0
257 22 0 0 0
258 22 0 0 0
259 22 0 0 0
260 22 0 0 0
261 22 0 0 0
262 22 0 0 0
263 22 0 0 0
264 22 0 0 0
265 22 0 0 0
266 22 0 0 0
267 22 0 0 0
268 22 0 0 0
269 22 0 0 0
270 22 0 0 0
271 22 0 0 0
272 22 0 0 0
273 22 0 0 0
274 22 0 0 0
275 22 0 0 0
276 22 0 0 0
277 22 0 0 0
278 22 0 0 0
279 22 0 0 0
280 22 0 0 0
281 22 0 0 0
282 22 0 0 0
283 22 1 1 1
284 22 1 1 1
285 22 1 1 1
286 22 1 1 1
287 22 0 0 0
288 22 0 0 0
289 22 0 0 0
290 22 0 0 0
291 22 0 0 0
292 22 0 0 0
293 22 4 4 4
294 22 4 4 4
295 22 4 4 4
296 22 4 4 4
297 22 2 2 2
298 22 2 2 2
299 22 0 0 0
300 22 0 0 0
301 22 0 0 0
302 22 0 0 0
303 22 0 0 0
304 22 0 0 0
305 22 0 0 0
306 22 0 0 0
307 22 0 0 0
308 22 0 0 0
309 22 0 0 0
310 22 0 0 0
311 22 0 0 0
312 22 0 0 0
313 22 0 0 0
314 22 0 0 0
315 22 0 0 0
316 22 0 0 0
317 22 0 0 0
318 22 0 0 0
319 22 0 0 0
320 22 0 0 0
321 22 0 0 0
322 22 0 0 0
323 22 0 0 0
324 22 0 0 0
325 22 0 0 0
326 22 0 0 0
327 22 0 0 0
328 22 0 0 0
329 22 0 0 0
330 22 0 0 0
331 22 0 0 0
332 22 0 0 0
333 22 0 0 0
334 22 0 0 0
335 22 0 0 0
336 22 0 0 0
337 22 0 0 0
338 22 0 0 0
339 22 0 0 0
340 22 0 0 0
341 22 0 0 0
342 22 0 0 0
343 22 0 0 0
344 22 0 0 0
345 22 0 0 0
346 22 0 0 0
347 22 0 0 0
348 22 0 0 0
349 22 0 0 0
350 22 0 0 0
351 22 0 0 0
352 22 0 0 0
353 22 0 0 0
354 22 0 0 0
355 22 0 0 0
356 22 0 0 0
357 22 0 0 0
358 22 0 0 0
359 22 0 0 0
360 22 0 0 0
361 22 0 0 0
362 22 0 0 0
363 22 0 0 0
364 22 0 0 0
365 22 0 0 0
366 22 0 0 0
367 22 0 0 0
368 22 0 0 0
369 22 0 0 0
370 22 0 0 0
371 22 0 0 0
372 22 0 0 0
373 22 0 0 0
374 22 0 0 0
375 22 0 0 0
376 22 0 0 0
377 22 0 0 0
378 22 0 0 0
379 22 0 0 0
380 22 0 0 0
381 22 0 0 0
382 22 0 0 0
383 22 0 0 0
384 22 0 0 0
385 22 0 0 0
386 22 0 0 0
387 22 0 0 0
388 22 0 0 0
389 22 0 0 0
390 22 0 0 0
391 22 0 0 0
392 22 0 0 0
393 22 0 0 0
394 22 0 0 0
395 22 0 0 0
396 22 0 0 0
397 22 0 0 0
398 22 0 0 0
399 22 0 0 0
400 22 0 0 0
401 22 0 0 0
402 22 0 0 0
403 22 0 0 0
404 22 0 0 0
405 22 0 0 0
406 22 0 0 0
407 22 0 0 0
408 22 0 0 0
409 22 2 2 2
410 22 2 2 2
411 22 0 0 0
412 22 0 0 0
413 22 0 0 0
414 22 0 0 0
415 22 0 0 0
416 22 0 0 0
417 22 0 0 0
418 22 0 0 0
419 22 0 0 0
420 22 0 0 0
421 22 0 0 0
422 22 0 0 0
423 22 0 0 0
424 22 0 0 0
425 22 0 0 0
426 22 0 0 0
427 22 0 0 0
428 22 0 0 0
429 22 0 0 0
430 22 0 0 0
431 22 0 0 0
432 22 0 0 0
433 22 0 0 0
434 22 0 0 0
435 22 0 0 0
436 22 0 0 0
437 22 0 0 0
438 22 0 0 0
439 22 0 0 0
440 22 0 0 0
441 22 0 0 0
442 22 0 0 0
443 22 0 0 0
444 22 0 0 0
445 22 0 0 0
446 22 0 0 0
447 22 0 0 0
448 22 0 0 0
449 22 0 0 0
450 22 0 0 0
451 22 0 0 0
452 22 0 0 0
453 22 0 0 0
454 22 0 0 0
455 22 1 1 1
456 22 1 1 1
457 22 3 3 3
458 22 3 3 3
459 22 4 4 4
460 22 4 4 4
461 22 3 3 3
462 22 3 3 3
463 22 3 3 3
464 22 3 3 3
465 22 3 3 3
466 22 3 3 3
467 22 3 3 3
468 22 3 3 3
469 22 3 3 3
470 22 3 3 3
471 22 0 0 0
472 22 0 0 0
473 22 0 0 0
474 22 0 0 0
475 22 0 0 0
476 22 0 0 0
477 22 0 0 0
478 22 0 0 0
479 22 0 0 0
480 22 0 0 0
481 22 0 0 0
482 22 0 0 0
483 22 0 0 0
484 22 0 0 0
485 22 0 0 0
486 22 0 0 0
487 22 0 0 0
488 22 0 0 0
489 22 0 0 0
490 22 0 0 0
491 22 0 0 0
492 22 0 0 0
493 22 0 0 0
494 22 0 0 0
495 22 0 0 0
496 22 0 0 0
497 22 0 0 0
498 22 0 0 0
499 22 0 0 0
500 22 0 0 0
501 22 0 0 0
502 22 0 0 0
503 22 0 0 0
504 22 0 0 0
505 22 0 0 0
506 22 0 0 0
507 22 0 0 0
508 22 0 0 0
509 22 0 0 0
510 22 0 0 0
511 22 0 0 0
512 22 0 0 0
513 22 0 0 0
514 22 0 0 0
515 22 0 0 0
516 22 0 0 0
517 22 0 0 0
518 22 0 0 0
519 22 0 0 0
520 22 0 0 0
521 22 0 0 0
522 22 0 0 0
523 22 0 0 0
524 22 0 0 0
525 22 0 0 0
526 22 0 0 0
527 22 0 0 0
528 22 0 0 0
529 22 0 0 0
530 22 0 0 0
531 22 0 0 0
532 22 0 0 0
533 22 0 0 0
534 22 0 0 0
535 22 0 0 0
536 22 0 0 0
537 22 0 0 0
538 22 0 0 0
539 22 0 0 0
540 22 0 0 0
541 22 0 0 0
542 22 0 0 0
543 22 0 0 0
544 22 0 0 0
545 22 0 0 0
546 22 0 0 0
547 22 0 0 0
548 22 0 0 0
549 22 0 0 0
550 22 0 0 0
551 22 0 0 0
552 22 0 0 0
553 22 0 0 0
554 22 0 0 0
555 22 0 0 0
556 22 0 0 0
557 22 0 0 0
558 22 0 0 0
559 22 0 0 0
560 22 0 0 0
561 22 0 0 0
562 22 0 0 0
563 22 0 0 0
564 22 0 0 0
565 22 0 0 0
566 22 0 0 0
567 22 0 0 0
568 22 0 0 0
569 22 0 0 0
570 22 0 0 0
571 22 0 0 0
572 22 0 0 0
573 22 0 0 0
574 22 0 0 0
575 22 0 0 0
576 22 0 0 0
577 22 0 0 0
578 22 0 0 0
579 22 0 0 0
580 22 0 0 0
581 22 0 0 0
582 22 0 0 0
583 22 0 0 0
584 22 0 0 0
585 22 0 0 0
586 22 0 0 0
587 22 0 0 0
588 22 0 0 0
589 22 0 0 0
590 22 0 0 0
591 22 0 0 0
592 22 0 0 0
593 22 0 0 0
594 22 0 0 0
595 22 0 0 0
596 22 0 0 0
597 22 0 0 0
598 22 0 0 0
599 22 0 0 0
600 22 0 0 0
601 22 0 0 0
602 22 0 0 0
603 22 0 0 0
604 22 0 0 0
605 22 0 0 0
606 22 0 0 0
607 22 0 0 0
608 22 0 0 0
609 22 0 0 0
610 22 0 0 0
611 22 0 0 0
612 22 0 0 0
613 22 0 0 0
614 22 0 0 0
615 22 0 0 0
616 22 0 0 0
617 22 0 0 0
618 22 0 0 0
619 22 0 0 0
620 22 0 0 0
621 22 0 0 0
622 22 0 0 0
623 22 0 0 0
624 22 0 0 0
625 22 0 0 0
626 22 0 0 0
627 22 0 0 0
628 22 0 0 0
629 22 0 0 0
630 22 0 0 0
631 22 0 0 0
632 22 0 0 0
633 22 0 0 0
634 22 0 0 0
635 22 0 0 0
636 22 0 0 0
637 22 0 0 0
638 22 0 0 0
639 22 0 0 0
0 23 0 0 0
1 23 0 0 0
2 23 0 0 0
3 23 0 0 0
4 23 0 0 0
5 23 0 0 0
6 23 0 0 0
7 23 0 0 0
8 23 0 0 0
9 23 0 0 0
10 23 0 0 0
11 23 0 0 0
12 23 0 0 0
13 23 0 0 0
14 23 0 0 0
15 23 0 0 0
16 23 0 0 0
17 23 0 0 0
18 23 0 0 0
19 23 0 0 0
20 23 0 0 0
21 23 0 0 0
22 23 0 0 0
23 23 0 0 0
24 23 0 0 0
25 23 0 0 0
26 23 0 0 0
27 23 0 0 0
28 23 0 0 0
29 23 0 0 0
30 23 0 0 0
31 23 0 0 0
32 23 0 0 0
33 23 0 0 0
34 23 0 0 0
35 23 0 0 0
36 23 0 0 0
37 23 0 0 0
38 23 0 0 0
39 23 0 0 0
40 23 0 0 0
41 23 0 0 0
42 23 0 0 0
43 23 0 0 0
44 23 0 0 0
45 23 0 0 0
46 23 0 0 0
47 23 0 0 0
48 23 0 0 0
49 23 0 0 0
50 23 0 0 0
51 23 0 0 0
52 23 0 0 0
53 23 0 0 0
54 23 0 0 0
55 23 0 0 0
56 23 0 0 0
57 23 0 0 0
58 23 0 0 0
59 23 0 0 0
60 23 0 0 0
61 23 0 0 0
62 23 0 0 0
63 23 0 0 0
64 23 0 0 0
65 23 0 0 0
66 23 0 0 0
67 23 0 0 0
68 23 0 0 0
69 23 0 0 0
70 23 0 0 0
71 23 0 0 0
72 23 0 0 0
73 23 0 0 0
74 23 0 0 0
75 23 0 0 0
76 23 0 0 0
77 23 0 0 0
78 23 0 0 0
79 23 0 0 0
80 23 0 0 0
81 23 0 0 0
82 23 0 0 0
83 23 0 0 0
84 23 0 0 0
85 23 0 0 0
86 23 0 0 0
87 23 0 0 0
88 23 0 0 0
89 23 0 0 0
90 23 0 0 0
91 23 0 0 0
92 23 0 0 0
93 23 0 0 0
94 23 0 0 0
95 23 0 0 0
96 23 0 0 0
97 23 0 0 0
98 23 0 0 0
99 23 0 0 0
100 23 0 0 0
101 23 0 0 0
102 23 0 0 0
103 23 0 0 0
104 23 0 0 0
105 23 0 0 0
106 23 0 0 0
107 23 0 0 0
108 23 0 0 0
109 23 0 0 0
110 23 0 0 0
111 23 0 0 0
112 23 0 0 0
113 23 0 0 0
114 23 0 0 0
115 23 0 0 0
116 23 0 0 0
117 23 0 0 0
118 23 0 0 0
119 23 0 0 0
120 23 0 0 0
121 23 0 0 0
122 23 0 0 0
123 23 0 0 0
124 23 0 0 0
125 23 0 0 0
126 23 0 0 0
127 23 0 0 0
128 23 0 0 0
129 23 0 0 0
130 23 0 0 0
131 23 0 0 0
132 23 0 0 0
133 23 0 0 0
134 23 0 0 0
135 23 0 0 0
136 23 0 0 0
137 23 0 0 0
138 23 0 0 0
139 23 0 0 0
140 23 0 0 0
141 23 0 0 0
142 23 0 0 0
143 23 0 0 0
144 23 0 0 0
145 23 0 0 0
146 23 0 0 0
147 23 0 0 0
148 23 0 0 0
149 23 0 0 0
150 23 0 0 0
151 23 0 0 0
152 23 0 0 0
153 23 0 0 0
154 23 0 0 0
155 23 0 0 0
156 23 0 0 0
157 23 0 0 0
158 23 0 0 0
159 23 0 0 0
160 23 0 0 0
161 23 0 0 0
162 23 0 0 0
163 23 0 0 0
164 23 0 0 0
165 23 0 0 0
166 23 0 0 0
167 23 0 0 0
168 23 0 0 0
169 23 0 0 0
170 23 0 0 0
171 23 0 0 0
172 23 0 0 0
173 23 0 0 0
174 23 0 0 0
175 23 0 0 0
176 23 0 0 0
177 23 0 0 0
178 23 0 0 0
179 23 0 0 0
180 23 0 0 0
181 23 0 0 0
182 23 0 0 0
183 23 0 0 0
184 23 0 0 0
185 23 0 0 0
186 23 0 0 0
187 23 0 0 0
188 23 0 0 0
189 23 0 0 0
190 23 0 0 0
191 23 0 0 0
192 23 0 0 0
193 23 0 0 0
194 23 0 0 0
195 23 0 0 0
196 23 0 0 0
197 23 0 0 0
198 23 0 0 0
199 23 0 0 0
200 23 0 0 0
201 23 0 0 0
202 23 0 0 0
203 23 0 0 0
204 23 0 0 0
205 23 0 0 0
206 23 0 0 0
207 23 0 0 0
208 23 0 0 0
209 23 0 0 0
210 23 0 0 0
211 23 0 0 0
212 23 0 0 0
213 23 0 0 0
214 23 0 0 0
215 23 0 0 0
216 23 0 0 0
217 23 0 0 0
218 23 0 0 0
219 23 0 0 0
220 23 0 0 0
221 23 0 0 0
222 23 0 0 0
223 23 0 0 0
224 23 0 0 0
225 23 0 0 0
226 23 0 0 0
227 23 0 0 0
228 23 0 0 0
229 23 0 0 0
230 23 0 0 0
231 23 0 0 0
232 23 0 0 0
233 23 0 0 0
234 23 0 0 0
235 23 0 0 0
236 23 0 0 0
237 23 0 0 0
238 23 0 0 0
239 23 0 0 0
240 23 0 0 0
241 23 0 0 0
242 23 0 0 0
243 23 0 0 0
244 23 0 0 0
245 23 0 0 0
246 23 0 0 0
247 23 0 0 0
248 23 0 0 0
249 23 0 0 0
250 23 0 0 0
251 23 0 0 0
252 23 0 0 0
253 23 0 0 0
254 23 0 0 0
255 23 0 0 0
256 23 0 0 0
257 23 0 0 0
258 23 0 0 0
259 23 0 0 0
260 23 0 0 0
261 23 0 0 0
262 23 0 0 0
263 23 0 0 0
264 23 0 0 0
265 23 0 0 0
266 23 0 0 0
267 23 0 0 0
268 23 0 0 0
269 23 0 0 0
270 23 0 0 0
271 23 0 0 0
272 23 0 0 0
273 23 0 0 0
274 23 0 0 0
275 23 0 0 0
276 23 0 0 0
277 23 0 0 0
278 23 0 0 0
279 23 0 0 0
280 23 0 0 0
281 23 0 0 0
282 23 0 0 0
283 23 1 1 1
284 23 1 1 1
285 23 1 1 1
286 23 1 1 1
287 23 0 0 0
288 23 0 0 0
289 23 0 0 0
290 23 0 0 0
291 23 0 0 0
292 23 0 0 0
293 23 4 4 4
294 23 4 4 4
295 23 4 4 4
296 23 4 4 4
297 23 2 2 2
298 23 2 2 2
299 23 0 0 0
300 23 0 0 0
301 23 0 0 0
302 23 0 0 0
303 23 0 0 0
304 23 0 0 0
305 23 0 0 0
306 23 0 0 0
307 23 0 0 0
308 23 0 0 0
309 23 0 0 0
310 23 0 0 0
311 23 0 0 0
312 23 0 0 0
313 23 0 0 0
314 23 0 0 0
315 23 0 0 0
316 23 0 0 0
317 23 0 0 0
318 23 0 0 0
319 23 0 0 0
320 23 0 0 0
321 23 0 0 0
322 23 0 0 0
323 23 0 0 0
324 23 0 0 0
325 23 0 0 0
326 23 0 0 0
327 23 0 0 0
328 23 0 0 0
329 23 0 0 0
330 23 0 0 0
331 23 0 0 0
332 23 0 0 0
333 23 0 0 0
334 23 0 0 0
335 23 0 0 0
336 23 0 0 0
337 23 0 0 0
338 23 0 0 0
339 23 0 0 0
340 23 0 0 0
341 23 0 0 0
342 23 0 0 0
343 23 0 0 0
344 23 0 0 0
345 23 0 0 0
346 23 0 0 0
347 23 0 0 0
348 23 0 0 0
349 23 0 0 0
350 23 0 0 0
351 23 0 0 0
352 23 0 0 0
353 23 0 0 0
354 23 0 0 0
355 23 0 0 0
356 23 0 0 0
357 23 0 0 0
358 23 0 0 0
359 23 0 0 0
360 23 0 0 0
361 23 0 0 0
362 23 0 0 0
363 23 0 0 0
364 23 0 0 0
365 23 0 0 0
366 23 0 0 0
367 23 0 0 0
368 23 0 0 0
369 23 0 0 0
370 23 0 0 0
371 23 0 0 0
372 23 0 0 0
373 23 0 0 0
374 23 0 0 0
375 23 0 0 0
376 23 0 0 0
377 23 0 0 0
378 23 0 0 0
379 23 0 0 0
380 23 0 0 0
381 23 0 0 0
382 23 0 0 0
383 23 0 0 0
384 23 0 0 0
385 23 0 0 0
386 23 0 0 0
387 23 0 0 0
388 23 0 0 0
389 23 0 0 0
390 23 0 0 0
391 23 0 0 0
392 23 0 0 0
393 23 0 0 0
394 23 0 0 0
395 23 0 0 0
396 23 0 0 0
397 23 0 0 0
398 23 0 0 0
399 23 0 0 0
400 23 0 0 0
401 23 0 0 0
402 23 0 0 0
403 23 0 0 0
404 23 0 0 0
405 23 0 0 0
406 23 0 0 0
407 23 0 0 0
408 23 0 0 0
409 23 2 2 2
410 23 2 2 2
411 23 0 0 0
412 23 0 0 0
413 23 0 0 0
414 23 0 0 0
415 23 0 0 0
416 23 0 0 0
417 23 0 0 0
418 23 0 0 0
419 23 0 0 0
420 23 0 0 0
421 23 0 0 0
422 23 0 0 0
423 23 0 0 0
424 23 0 0 0
425 23 0 0 0
426 23 0 0 0
427 23 0 0 0
428 23 0 0 0
429 23 0 0 0
430 23 0 0 0
431 23 0 0 0
432 23 0 0 0
433 23 0 0 0
434 23 0 0 0
435 23 0 0 0
436 23 0 0 0
437 23 0 0 0
438 23 0 0 0
439 23 0 0 0
440 23 0 0 0
441 23 0 0 0
442 23 0 0 0
443 23 0 0 0
444 23 0 0 0
445 23 0 0 0
446 23 0 0 0
447 23 0 0 0
448 23 0 0 0
449 23 0 0 0
450 23 0 0 0
451 23 0 0 0
452 23 0 0 0
453 23 0 0 0
454 23 0 0 0
455 23 1 1 1
456 23 1 1 1
457 23 3 3 3
458 23 3 3 3
459 23 4 4 4
460 23 4 4 4
461 23 3 3 3
462 23 3 3 3
463 23 3 3 3
464 23 3 3 3
465 23 3 3 3
466 23 3 3 3
467 23 3 3 3
468 23 3 3 3
469 23 3 3 3
470 23 3 3 3
471 23 0 0 0
472 23 0 0 0
473 23 0 0 0
474 23 0 0 0
475 23 0 0 0
476 23 0 0 0
477 23 0 0 0
478 23 0 0 0
479 23 0 0 0
480 23 0 0 0
481 23 0 0 0
482 23 0 0 0
483 23 0 0 0
484 23 0 0 0
485 23 0 0 0
486 23 0 0 0
487 23 0 0 0
488 23 0 0 0
489 23 0 0 0
490 23 0 0 0
491 23 0 0 0
492 23 0 0 0
493 23 0 0 0
494 23 0 0 0
495 23 0 0 0
496 23 0 0 0
497 23 0 0 0
498 23 0 0 0
499 23 0 0 0
500 23 0 0 0
501 23 0 0 0
502 23 0 0 0
503 23 0 0 0
504 23 0 0 0
505 23 0 0 0
506 23 0 0 0
507 23 0 0 0
508 23 0 0 0
509 23 0 0 0
510 23 0 0 0
511 23 0 0 0
512 23 0 0 0
513 23 0 0 0
514 23 0 0 0
515 23 0 0 0
516 23 0 0 0
517 23 0 0 0
518 23 0 0 0
519 23 0 0 0
520 23 0 0 0
521 23 0 0 0
522 23 0 0 0
523 23 0 0 0
524 23 0 0 0
525 23 0 0 0
526 23 0 0 0
527 23 0 0 0
528 23 0 0 0
529 23 0 0 0
530 23 0 0 0
531 23 0 0 0
532 23 0 0 0
533 23 0 0 0
534 23 0 0 0
535 23 0 0 0
536 23 0 0 0
537 23 0 0 0
538 23 0 0 0
539 23 0 0 0
540 23 0 0 0
541 23 0 0 0
542 23 0 0 0
543 23 0 0 0
544 23 0 0 0
545 23 0 0 0
546 23 0 0 0
547 23 0 0 0
548 23 0 0 0
549 23 0 0 0
550 23 0 0 0
551 23 0 0 0
552 23 0 0 0
553 23 0 0 0
554 23 0 0 0
555 23 0 0 0
556 23 0 0 0
557 23 0 0 0
558 23 0 0 0
559 23 0 0 0
560 23 0 0 0
561 23 0 0 0
562 23 0 0 0
563 23 0 0 0
564 23 0 0 0
565 23 0 0 0
566 23 0 0 0
567 23 0 0 0
568 23 0 0 0
569 23 0 0 0
570 23 0 0 0
571 23 0 0 0
572 23 0 0 0
573 23 0 0 0
574 23 0 0 0
575 23 0 0 0
576 23 0 0 0
577 23 0 0 0
578 23 0 0 0
579 23 0 0 0
580 23 0 0 0
581 23 0 0 0
582 23 0 0 0
583 23 0 0 0
584 23 0 0 0
585 23 0 0 0
586 23 0 0 0
587 23 0 0 0
588 23 0 0 0
589 23 0 0 0
590 23 0 0 0
591 23 0 0 0
592 23 0 0 0
593 23 0 0 0
594 23 0 0 0
595 23 0 0 0
596 23 0 0 0
597 23 0 0 0
598 23 0 0 0
599 23 0 0 0
600 23 0 0 0
601 23 0 0 0
602 23 0 0 0
603 23 0 0 0
604 23 0 0 0
605 23 0 0 0
606 23 0 0 0
607 23 0 0 0
608 23 0 0 0
609 23 0 0 0
610 23 0 0 0
611 23 0 0 0
612 23 0 0 0
613 23 0 0 0
614 23 0 0 0
615 23 0 0 0
616 23 0 0 0
617 23 0 0 0
618 23 0 0 0
619 23 0 0 0
620 23 0 0 0
621 23 0 0 0
622 23 0 0 0
623 23 0 0 0
624 23 0 0 0
625 23 0 0 0
626 23 0 0 0
627 23 0 0 0
628 23 0 0 0
629 23 0 0 0
630 23 0 0 0
631 23 0 0 0
632 23 0 0 0
633 23 0 0 0
634 23 0 0 0
635 23 0 0 0
636 23 0 0 0
637 23 0 0 0
638 23 0 0 0
639 23 0 0 0
0 24 0 0 0
1 24 0 0 0
2 24 0 0 0
3 24 0 0 0
4 24 0 0 0
5 24 0 0 0
6 24 0 0 0
7 24 0 0 0
8 24 0 0 0
9 24 0 0 0
10 24 0 0 0
11 24 0 0 0
12 24 0 0 0
13 24 0 0 0
14 24 0 0 0
15 24 0 0 0
16 24 0 0 0
17 24 0 0 0
18 24 0 0 0
19 24 0 0 0
20 24 0 0 0
21 24 0 0 0
22 24 0 0 0
23 24 0 0 0
24 24 0 0 0
25 24 0 0 0
26 24 0 0 0
27 24 0 0 0
28 24 0 0 0
29 24 0 0 0
30 24 0 0 0
31 24 0 0 0
32 24 0 0 0
33 24 0 0 0
34 24 0 0 0
35 24 0 0 0
36 24 0 0 0
37 24 0 0 0
38 24 0 0 0
39 24 0 0 0
40 24 0 0 0
41 24 0 0 0
42 24 0 0 0
43 24 0 0 0
44 24 0 0 0
45 24 0 0 0
46 24 0 0 0
47 24 0 0 0
48 24 0 0 0
49 24 0 0 0
50 24 0 0 0
51 24 0 0 0
52 24 0 0 0
53 24 0 0 0
54 24 0 0 0
55 24 0 0 0
56 24 0 0 0
57 24 0 0 0
58 24 0 0 0
59 24 0 0 0
60 24 0 0 0
61 24 0 0 0
62 24 0 0 0
63 24 0 0 0
64 24 0 0 0
65 24 0 0 0
66 24 0 0 0
67 24 0 0 0
68 24 0 0 0
69 24 0 0 0
70 24 0 0 0
71 24 0 0 0
72 24 0 0 0
73 24 0 0 0
74 24 0 0 0
75 24 0 0 0
76 24 0 0 0
77 24 0 0 0
78 24 0 0 0
79 24 0 0 0
80 24 0 0 0
81 24 0 0 0
82 24 0 0 0
83 24 0 0 0
84 24 0 0 0
85 24 0 0 0
86 24 0 0 0
87 24 0 0 0
88 24 0 0 0
89 24 0 0 0
90 24 0 0 0
91 24 0 0 0
92 24 0 0 0
93 24 0 0 0
94 24 0 0 0
95 24 0 0 0
96 24 0 0 0
97 24 0 0 0
98 24 0 0 0
99 24 0 0 0
100 24 0 0 0
101 24 0 0 0
102 24 0 0 0
103 24 0 0 0
104 24 0 0 0
105 24 0 0 0
106 24 0 0 0
107 24 0 0 0
108 24 0 0 0
109 24 0 0 0
110 24 0 0 0
111 24 0 0 0
112 24 0 0 0
113 24 0 0 0
114 24 0 0 0
115 24 0 0 0
116 24 0 0 0
117 24 0 0 0
118 24 0 0 0
119 24 0 0 0
120 24 0 0 0
121 24 0 0 0
122 24 0 0 0
123 24 0 0 0
124 24 0 0 0
125 24 0 0 0
126 24 0 0 0
127 24 0 0 0
128 24 0 0 0
129 24 0 0 0
130 24 0 0 0
131 24 0 0 0
132 24 0 0 0
133 24 0 0 0
134 24 0 0 0
135 24 0 0 0
136 24 0 0 0
137 24 0 0 0
138 24 0 0 0
139 24 0 0 0
140 24 0 0 0
141 24 0 0 0
142 24 0 0 0
143 24 0 0 0
144 24 0 0 0
145 24 0 0 0
146 24 0 0 0
147 24 0 0 0
148 24 0 0 0
149 24 0 0 0
150 24 0 0 0
151 24 0 0 0
152 24 0 0 0
153 24 0 0 0
154 24 0 0 0
155 24 0 0 0
156 24 0 0 0
157 24 0 0 0
158 24 0 0 0
159 24 0 0 0
160 24 0 0 0
161 24 0 0 0
162 24 0 0 0
163 24 0 0 0
164 24 0 0 0
165 24 0 0 0
166 24 0 0 0
167 24 0 0 0
168 24 0 0 0
169 24 0 0 0
170 24 0 0 0
171 24 0 0 0
172 24 0 0 0
173 24 0 0 0
174 24 0 0 0
175 24 0 0 0
176 24 0 0 0
177 24 0 0 0
178 24 0 0 0
179 24 0 0 0
180 24 0 0 0
181 24 0 0 0
182 24 0 0 0
183 24 0 0 0
184 24 0 0 0
185 24 0 0 0
186 24 0 0 0
187 24 0 0 0
188 24 0 0 0
189 24 0 0 0
190 24 0 0 0
191 24 0 0 0
192 24 0 0 0
193 24 0 0 0
194 24 0 0 0
195 24 0 0 0
196 24 0 0 0
197 24 0 0 0
198 24 0 0 0
199 24 0 0 0
200 24 0 0 0
201 24 0 0 0
202 24 0 0 0
203 24 0 0 0
204 24 0 0 0
205 24 0 0 0
206 24 0 0 0
207 24 0 0 0
208 24 0 0 0
209 24 0 0 0
210 24 0 0 0
211 24 0 0 0
212 24 0 0 0
213 24 0 0 0
214 24 0 0 0
215 24 0 0 0
216 24 0 0 0
217 24 0 0 0
218 24 0 0 0
219 24 0 0 0
220 24 0 0 0
221 24 0 0 0
222 24 0 0 0
223 24 0 0 0
224 24 0 0 0
225 24 0 0 0
226 24 0 0 0
227 24 0 0 0
228 24 0 0 0
229 24 0 0 0
230 24 0 0 0
231 24 0 0 0
232 24 0 0 0
233 24 0 0 0
234 24 0 0 0
235 24 0 0 0
236 24 0 0 0
237 24 0 0 0
238 24 0 0 0
239 24 0 0 0
240 24 0 0 0
241 24 0 0 0
242 24 0 0 0
243 24 0 0 0
244 24 0 0 0
245 24 0 0 0
246 24 0 0 0
247 24 0 0 0
248 24 0 0 0
249 24 0 0 0
250 24 0 0 0
251 24 0 0 0
252 24 0 0 0
253 24 0 0 0
254 24 0 0 0
255 24 0 0 0
256 24 0 0 0
257 24 0 0 0
258 24 0 0 0
259 24 0 0 0
260 24 0 0 0
261 24 0 0 0
262 24 0 0 0
263 24 0 0 0
264 24 0 0 0
265 24 0 0 0
266 24 0 0 0
267 24 0 0 0
268 24 0 0 0
269 24 0 0 0
270 24 0 0 0
271 24 0 0 0
272 24 0 0 0
273 24 0 0 0
274 24 0 0 0
275 24 0 0 0
276 24 0 0 0
277 24 0 0 0
278 24 0 0 0
279 24 0 0 0
280 24 0 0 0
281 24 0 0 0
282 24 0 0 0
283 24 1 1 1
284 24 1 1 1
285 24 6 6 6
286 24 6 6 6
287 24 4 4 4
288 24 4 4 4
289 24 0 0 0
290 24 0 0 0
291 24 0 0 0
292 24 0 0 0
293 24 3 3 3
294 24 3 3 3
295 24 4 4 4
296 24 4 4 4
297 24 4 4 4
298 24 4 4 4
299 24 2 2 2
300 24 2 2 2
301 24 0 0 0
302 24 0 0 0
303 24 0 0 0
304 24 0 0 0
305 24 0 0 0
306 24 0 0 0
307 24 0 0 0
308 24 0 0 0
309 24 0 0 0
310 24 0 0 0
311 24 0 0 0
312 24 0 0 0
313 24 0 0 0
314 24 0 0 0
315 24 0 0 0
316 24 0 0 0
317 24 0 0 0
318 24 0 0 0
319 24 0 0 0
320 24 0 0 0
321 24 0 0 0
322 24 0 0 0
323 24 1 1 1
324 24 1 1 1
325 24 5 5 5
326 24 5 5 5
327 24 0 0 0
328 24 0 0 0
329 24 0 0 0
330 24 0 0 0
331 24 0 0 0
332 24 0 0 0
333 24 0 0 0
334 24 0 0 0
335 24 0 0 0
336 24 0 0 0
337 24 0 0 0
338 24 0 0 0
339 24 0 0 0
340 24 0 0 0
341 24 0 0 0
342 24 0 0 0
343 24 0 0 0
344 24 0 0 0
345 24 0 0 0
346 24 0 0 0
347 24 0 0 0
348 24 0 0 0
349 24 0 0 0
350 24 0 0 0
351 24 0 0 0
352 24 0 0 0
353 24 0 0 0
354 24 0 0 0
355 24 0 0 0
356 24 0 0 0
357 24 0 0 0
358 24 0 0 0
359 24 0 0 0
360 24 0 0 0
361 24 0 0 0
362 24 0 0 0
363 24 0 0 0
364 24 0 0 0
365 24 0 0 0
366 24 0 0 0
367 24 0 0 0
368 24 0 0 0
369 24 0 0 0
370 24 0 0 0
371 24 0 0 0
372 24 0 0 0
373 24 0 0 0
374 24 0 0 0
375 24 0 0 0
376 24 0 0 0
377 24 0 0 0
378 24 0 0 0
379 24 0 0 0
380 24 0 0 0
381 24 0 0 0
382 24 0 0 0
383 24 0 0 0
384 24 0 0 0
385 24 0 0 0
386 24 0 0 0
387 24 0 0 0
388 24 0 0 0
389 24 0 0 0
390 24 0 0 0
391 24 0 0 0
392 24 0 0 0
393 24 0 0 0
394 24 0 0 0
395 24 0 0 0
396 24 0 0 0
397 24 0 0 0
398 24 0 0 0
399 24 0 0 0
400 24 0 0 0
401 24 0 0 0
402 24 0 0 0
403 24 0 0 0
404 24 0 0 0
405 24 0 0 0
406 24 0 0 0
407 24 3 3 3
408 24 3 3 3
409 24 5 5 5
410 24 5 5 5
411 24 0 0 0
412 24 0 0 0
413 24 0 0 0
414 24 0 0 0
415 24 0 0 0
416 24 0 0 0
417 24 0 0 0
418 24 0 0 0
419 24 0 0 0
420 24 0 0 0
421 24 0 0 0
422 24 0 0 0
423 24 0 0 0
424 24 0 0 0
425 24 0 0 0
426 24 0 0 0
427 24 0 0 0
428 24 0 0 0
429 24 0 0 0
430 24 0 0 0
431 24 0 0 0
432 24 0 0 0
433 24 0 0 0
434 24 0 0 0
435 24 0 0 0
436 24 0 0 0
437 24 0 0 0
438 24 0 0 0
439 24 0 0 0
440 24 0 0 0
441 24 0 0 0
442 24 0 0 0
443 24 0 0 0
444 24 0 0 0
445 24 0 0 0
446 24 0 0 0
447 24 0 0 0
448 24 0 0 0
449 24 1 1 1
450 24 1 1 1
451 24 3 3 3
452 24 3 3 3
453 24 4 4 4
454 24 4 4 4
455 24 4 4 4
456 24 4 4 4
457 24 4 4 4
458 24 4 4 4
459 24 3 3 3
460 24 3 3 3
461 24 3 3 3
462 24 3 3 3
463 24 3 3 3
464 24 3 3 3
465 24 3 3 3
466 24 3 3 3
467 24 3 3 3
468 24 3 3 3
469 24 4 4 4
470 24 4 4 4
471 24 1 1 1
472 24 1 1 1
473 24 0 0 0
474 24 0 0 0
475 24 0 0 0
476 24 0 0 0
477 24 0 0 0
478 24 0 0 0
479 24 0 0 0
480 24 0 0 0
481 24 0 0 0
482 24 0 0 0
483 24 0 0 0
484 24 0 0 0
485 24 0 0 0
486 24 0 0 0
487 24 0 0 0
488 24 0 0 0
489 24 0 0 0
490 24 0 0 0
491 24 0 0 0
492 24 0 0 0
493 24 0 0 0
494 24 0 0 0
495 24 0 0 0
496 24 0 0 0
497 24 0 0 0
498 24 0 0 0
499 24 0 0 0
500 24 0 0 0
501 24 0 0 0
502 24 0 0 0
503 24 0 0 0
504 24 0 0 0
505 24 0 0 0
506 24 0 0 0
507 24 0 0 0
508 24 0 0 0
509 24 0 0 0
510 24 0 0 0
511 24 0 0 0
512 24 0 0 0
513 24 0 0 0
514 24 0 0 0
515 24 0 0 0
516 24 0 0 0
517 24 0 0 0
518 24 0 0 0
519 24 0 0 0
520 24 0 0 0
521 24 0 0 0
522 24 0 0 0
523 24 0 0 0
524 24 0 0 0
525 24 0 0 0
526 24 0 0 0
527 24 0 0 0
528 24 0 0 0
529 24 0 0 0
530 24 0 0 0
531 24 0 0 0
532 24 0 0 0
533 24 0 0 0
534 24 0 0 0
535 24 0 0 0
536 24 0 0 0
537 24 0 0 0
538 24 0 0 0
539 24 0 0 0
540 24 0 0 0
541 24 0 0 0
542 24 0 0 0
543 24 0 0 0
544 24 0 0 0
545 24 0 0 0
546 24 0 0 0
547 24 0 0 0
548 24 0 0 0
549 24 0 0 0
550 24 0 0 0
551 24 0 0 0
552 24 0 0 0
553 24 0 0 0
554 24 0 0 0
555 24 0 0 0
556 24 0 0 0
557 24 0 0 0
558 24 0 0 0
559 24 0 0 0
560 24 0 0 0
561 24 0 0 0
562 24 0 0 0
563 24 0 0 0
564 24 0 0 0
565 24 0 0 0
566 24 0 0 0
567 24 0 0 0
568 24 0 0 0
569 24 0 0 0
570 24 0 0 0
571 24 0 0 0
572 24 0 0 0
573 24 0 0 0
574 24 0 0 0
575 24 0 0 0
576 24 0 0 0
577 24 0 0 0
578 24 0 0 0
579 24 0 0 0
580 24 0 0 0
581 24 0 0 0
582 24 0 0 0
583 24 0 0 0
584 24 0 0 0
585 24 0 0 0
586 24 0 0 0
587 24 0 0 0
588 24 0 0 0
589 24 0 0 0
590 24 0 0 0
591 24 0 0 0
592 24 0 0 0
593 24 0 0 0
594 24 0 0 0
595 24 0 0 0
596 24 0 0 0
597 24 0 0 0
598 24 0 0 0
599 24 0 0 0
600 24 0 0 0
601 24 0 0 0
602 24 0 0 0
603 24 0 0 0
604 24 0 0 0
605 24 0 0 0
606 24 0 0 0
607 24 0 0 0
608 24 0 0 0
609 24 0 0 0
610 24 0 0 0
611 24 0 0 0
612 24 0 0 0
613 24 0 0 0
614 24 0 0 0
615 24 0 0 0
616 24 0 0 0
617 24 0 0 0
618 24 0 0 0
619 24 0 0 0
620 24 0 0 0
621 24 0 0 0
622 24 0 0 0
623 24 0 0 0
624 24 0 0 0
625 24 0 0 0
626 24 0 0 0
627 24 0 0 0
628 24 0 0 0
629 24 0 0 0
630 24 0 0 0
631 24 0 0 0
632 24 0 0 0
633 24 0 0 0
634 24 0 0 0
635 24 0 0 0
636 24 0 0 0
637 24 0 0 0
638 24 0 0 0
639 24 0 0 0
0 25 0 0 0
1 25 0 0 0
2 25 0 0 0
3 25 0 0 0
4 25 0 0 0
5 25 0 0 0
6 25 0 0 0
7 25 0 0 0
8 25 0 0 0
9 25 0 0 0
10 25 0 0 0
11 25 0 0 0
12 25 0 0 0
13 25 0 0 0
14 25 0 0 0
15 25 0 0 0
16 25 0 0 0
17 25 0 0 0
18 25 0 0 0
19 25 0 0 0
20 25 0 0 0
21 25 0 0 0
22 25 0 0 0
23 25 0 0 0
24 25 0 0 0
25 25 0 0 0
26 25 0 0 0
27 25 0 0 0
28 25 0 0 0
29 25 0 0 0
30 25 0 0 0
31 25 0 0 0
32 25 0 0 0
33 25 0 0 0
34 25 0 0 0
35 25 0 0 0
36 25 0 0 0
37 25 0 0 0
38 25 0 0 0
39 25 0 0 0
40 25 0 0 0
41 25 0 0 0
42 25 0 0 0
43 25 0 0 0
44 25 0 0 0
45 25 0 0 0
46 25 0 0 0
47 25 0 0 0
48 25 0 0 0
49 25 0 0 0
50 25 0 0 0
51 25 0 0 0
52 25 0 0 0
53 25 0 0 0
54 25 0 0 0
55 25 0 0 0
56 25 0 0 0
57 25 0 0 0
58 25 0 0 0
59 25 0 0 0
60 25 0 0 0
61 25 0 0 0
62 25 0 0 0
63 25 0 0 0
64 25 0 0 0
65 25 0 0 0
66 25 0 0 0
67 25 0 0 0
68 25 0 0 0
69 25 0 0 0
70 25 0 0 0
71 25 0 0 0
72 25 0 0 0
73 25 0 0 0
74 25 0 0 0
75 25 0 0 0
76 25 0 0 0
77 25 0 0 0
78 25 0 0 0
79 25 0 0 0
80 25 0 0 0
81 25 0 0 0
82 25 0 0 0
83 25 0 0 0
84 25 0 0 0
85 25 0 0 0
86 25 0 0 0
87 25 0 0 0
88 25 0 0 0
89 25 0 0 0
90 25 0 0 0
91 25 0 0 0
92 25 0 0 0
93 25 0 0 0
94 25 0 0 0
95 25 0 0 0
96 25 0 0 0
97 25 0 0 0
98 25 0 0 0
99 25 0 0 0
100 25 0 0 0
101 25 0 0 0
102 25 0 0 0
103 25 0 0 0
104 25 0 0 0
105 25 0 0 0
106 25 0 0 0
107 25 0 0 0
108 25 0 0 0
109 25 0 0 0
110 25 0 0 0
111 25 0 0 0
112 25 0 0 0
113 25 0 0 0
114 25 0 0 0
115 25 0 0 0
116 25 0 0 0
117 25 0 0 0
118 25 0 0 0
119 25 0 0 0
120 25 0 0 0
121 25 0 0 0
122 25 0 0 0
123 25 0 0 0
124 25 0 0 0
125 25 0 0 0
126 25 0 0 0
127 25 0 0 0
128 25 0 0 0
129 25 0 0 0
130 25 0 0 0
131 25 0 0 0
132 25 0 0 0
133 25 0 0 0
134 25 0 0 0
135 25 0 0 0
136 25 0 0 0
137 25 0 0 0
138 25 0 0 0
139 25 0 0 0
140 25 0 0 0
141 25 0 0 0
142 25 0 0 0
143 25 0 0 0
144 25 0 0 0
145 25 0 0 0
146 25 0 0 0
147 25 0 0 0
148 25 0 0 0
149 25 0 0 0
150 25 0 0 0
151 25 0 0 0
152 25 0 0 0
153 25 0 0 0
154 25 0 0 0
155 25 0 0 0
156 25 0 0 0
157 25 0 0 0
158 25 0 0 0
159 25 0 0 0
160 25 0 0 0
161 25 0 0 0
162 25 0 0 0
163 25 0 0 0
164 25 0 0 0
165 25 0 0 0
166 25 0 0 0
167 25 0 0 0
168 25 0 0 0
169 25 0 0 0
170 25 0 0 0
171 25 0 0 0
172 25 0 0 0
173 25 0 0 0
174 25 0 0 0
175 25 0 0 0
176 25 0 0 0
177 25 0 0 0
178 25 0 0 0
179 25 0 0 0
180 25 0 0 0
181 25 0 0 0
182 25 0 0 0
183 25 0 0 0
184 25 0 0 0
185 25 0 0 0
186 25 0 0 0
187 25 0 0 0
188 25 0 0 0
189 25 0 0 0
190 25 0 0 0
191 25 0 0 0
192 25 0 0 0
193 25 0 0 0
194 25 0 0 0
195 25 0 0 0
196 25 0 0 0
197 25 0 0 0
198 25 0 0 0
199 25 0 0 0
200 25 0 0 0
201 25 0 0 0
202 25 0 0 0
203 25 0 0 0
204 25 0 0 0
205 25 0 0 0
206 25 0 0 0
207 25 0 0 0
208 25 0 0 0
209 25 0 0 0
210 25 0 0 0
211 25 0 0 0
212 25 0 0 0
213 25 0 0 0
214 25 0 0 0
215 25 0 0 0
216 25 0 0 0
217 25 0 0 0
218 25 0 0 0
219 25 0 0 0
220 25 0 0 0
221 25 0 0 0
222 25 0 0 0
223 25 0 0 0
224 25 0 0 0
225 25 0 0 0
226 25 0 0 0
227 25 0 0 0
228 25 0 0 0
229 25 0 0 0
230 25 0 0 0
231 25 0 0 0
232 25 0 0 0
233 25 0 0 0
234 25 0 0 0
235 25 0 0 0
236 25 0 0 0
237 25 0 0 0
238 25 0 0 0
239 25 0 0 0
240 25 0 0 0
241 25 0 0 0
242 25 0 0 0
243 25 0 0 0
244 25 0 0 0
245 25 0 0 0
246 25 0 0 0
247 25 0 0 0
248 25 0 0 0
249 25 0 0 0
250 25 0 0 0
251 25 0 0 0
252 25 0 0 0
253 25 0 0 0
254 25 0 0 0
255 25 0 0 0
256 25 0 0 0
257 25 0 0 0
258 25 0 0 0
259 25 0 0 0
260 25 0 0 0
261 25 0 0 0
262 25 0 0 0
263 25 0 0 0
264 25 0 0 0
265 25 0 0 0
266 25 0 0 0
267 25 0 0 0
268 25 0 0 0
269 25 0 0 0
270 25 0 0 0
271 25 0 0 0
272 25 0 0 0
273 25 0 0 0
274 25 0 0 0
275 25 0 0 0
276 25 0 0 0
277 25 0 0 0
278 25 0 0 0
279 25 0 0 0
280 25 0 0 0
281 25 0 0 0
282 25 0 0 0
283 25 1 1 1
284 25 1 1 1
285 25 6 6 6
286 25 6 6 6
287 25 4 4 4
288 25 4 4 4
289 25 0 0 0
290 25 0 0 0
291 25 0 0 0
292 25 0 0 0
293 25 3 3 3
294 25 3 3 3
295 25 4 4 4
296 25 4 4 4
297 25 4 4 4
298 25 4 4 4
299 25 2 2 2
300 25 2 2 2
301 25 0 0 0
302 25 0 0 0
303 25 0 0 0
304 25 0 0 0
305 25 0 0 0
306 25 0 0 0
307 25 0 0 0
308 25 0 0 0
309 25 0 0 0
310 25 0 0 0
311 25 0 0 0
312 25 0 0 0
313 25 0 0 0
314 25 0 0 0
315 25 0 0 0
316 25 0 0 0
317 25 0 0 0
318 25 0 0 0
319 25 0 0 0
320 25 0 0 0
321 25 0 0 0
322 25 0 0 0
323 25 1 1 1
324 25 1 1 1
325 25 5 5 5
326 25 5 5 5
327 25 0 0 0
328 25 0 0 0
329 25 0 0 0
330 25 0 0 0
331 25 0 0 0
332 25 0 0 0
333 25 0 0 0
334 25 0 0 0
335 25 0 0 0
336 25 0 0 0
337 25 0 0 0
338 25 0 0 0
339 25 0 0 0
340 25 0 0 0
341 25 0 0 0
342 25 0 0 0
343 25 0 0 0
344 25 0 0 0
345 25 0 0 0
346 25 0 0 0
347 25 0 0 0
348 25 0 0 0
349 25 0 0 0
350 25 0 0 0
351 25 0 0 0
352 25 0 0 0
353 25 0 0 0
354 25 0 0 0
355 25 0 0 0
356 25 0 0 0
357 25 0 0 0
358 25 0 0 0
359 25 0 0 0
360 25 0 0 0
361 25 0 0 0
362 25 0 0 0
363 25 0 0 0
364 25 0 0 0
365 25 0 0 0
366 25 0 0 0
367 25 0 0 0
368 25 0 0 0
369 25 0 0 0
370 25 0 0 0
371 25 0 0 0
372 25 0 0 0
373 25 0 0 0
374 25 0 0 0
375 25 0 0 0
376 25 0 0 0
377 25 0 0 0
378 25 0 0 0
379 25 0 0 0
380 25 0 0 0
381 25 0 0 0
382 25 0 0 0
383 25 0 0 0
384 25 0 0 0
385 25 0 0 0
386 25 0 0 0
387 25 0 0 0
388 25 0 0 0
389 25 0 0 0
390 25 0 0 0
391 25 0 0 0
392 25 0 0 0
393 25 0 0 0
394 25 0 0 0
395 25 0 0 0
396 25 0 0 0
397 25 0 0 0
398 25 0 0 0
399 25 0 0 0
400 25 0 0 0
401 25 0 0 0
402 25 0 0 0
403 25 0 0 0
404 25 0 0 0
405 25 0 0 0
406 25 0 0 0
407 25 3 3 3
408 25 3 3 3
409 25 5 5 5
410 25 5 5 5
411 25 0 0 0
412 25 0 0 0
413 25 0 0 0
414 25 0 0 0
415 25 0 0 0
416 25 0 0 0
417 25 0 0 0
418 25 0 0 0
419 25 0 0 0
420 25 0 0 0
421 25 0 0 0
422 25 0 0 0
423 25 0 0 0
424 25 0 0 0
425 25 0 0 0
426 25 0 0 0
427 25 0 0 0
428 25 0 0 0
429 25 0 0 0
430 25 0 0 0
431 25 0 0 0
432 25 0 0 0
433 25 0 0 0
434 25 0 0 0
435 25 0 0 0
436 25 0 0 0
437 25 0 0 0
438 25 0 0 0
439 25 0 0 0
440 25 0 0 0
441 25 0 0 0
442 25 0 0 0
443 25 0 0 0
444 25 0 0 0
445 25 0 0 0
446 25 0 0 0
447 25 0 0 0
448 25 0 0 0
449 25 1 1 1
450 25 1 1 1
451 25 3 3 3
452 25 3 3 3
453 25 4 4 4
454 25 4 4 4
455 25 4 4 4
456 25 4 4 4
457 25 4 4 4
458 25 4 4 4
459 25 3 3 3
460 25 3 3 3
461 25 3 3 3
462 25 3 3 3
463 25 3 3 3
464 25 3 3 3
465 25 3 3 3
466 25 3 3 3
467 25 3 3 3
468 25 3 3 3
469 25 4 4 4
470 25 4 4 4
471 25 1 1 1
472 25 1 1 1
473 25 0 0 0
474 25 0 0 0
475 25 0 0 0
476 25 0 0 0
477 25 0 0 0
478 25 0 0 0
479 25 0 0 0
480 25 0 0 0
481 25 0 0 0
482 25 0 0 0
483 25 0 0 0
484 25 0 0 0
485 25 0 0 0
486 25 0 0 0
487 25 0 0 0
488 25 0 0 0
489 25 0 0 0
490 25 0 0 0
491 25 0 0 0
492 25 0 0 0
493 25 0 0 0
494 25 0 0 0
495 25 0 0 0
496 25 0 0 0
497 25 0 0 0
498 25 0 0 0
499 25 0 0 0
500 25 0 0 0
501 25 0 0 0
502 25 0 0 0
503 25 0 0 0
504 25 0 0 0
505 25 0 0 0
506 25 0 0 0
507 25 0 0 0
508 25 0 0 0
509 25 0 0 0
510 25 0 0 0
511 25 0 0 0
512 25 0 0 0
513 25 0 0 0
514 25 0 0 0
515 25 0 0 0
516 25 0 0 0
517 25 0 0 0
518 25 0 0 0
519 25 0 0 0
520 25 0 0 0
521 25 0 0 0
522 25 0 0 0
523 25 0 0 0
524 25 0 0 0
525 25 0 0 0
526 25 0 0 0
527 25 0 0 0
528 25 0 0 0
529 25 0 0 0
530 25 0 0 0
531 25 0 0 0
532 25 0 0 0
533 25 0 0 0
534 25 0 0 0
535 25 0 0 0
536 25 0 0 0
537 25 0 0 0
538 25 0 0 0
539 25 0 0 0
540 25 0 0 0
541 25 0 0 0
542 25 0 0 0
543 25 0 0 0
544 25 0 0 0
545 25 0 0 0
546 25 0 0 0
547 25 0 0 0
548 25 0 0 0
549 25 0 0 0
550 25 0 0 0
551 25 0 0 0
552 25 0 0 0
553 25 0 0 0
554 25 0 0 0
555 25 0 0 0
556 25 0 0 0
557 25 0 0 0
558 25 0 0 0
559 25 0 0 0
560 25 0 0 0
561 25 0 0 0
562 25 0 0 0
563 25 0 0 0
564 25 0 0 0
565 25 0 0 0
566 25 0 0 0
567 25 0 0 0
568 25 0 0 0
569 25 0 0 0
570 25 0 0 0
571 25 0 0 0
572 25 0 0 0
573 25 0 0 0
574 25 0 0 0
575 25 0 0 0
576 25 0 0 0
577 25 0 0 0
578 25 0 0 0
579 25 0 0 0
580 25 0 0 0
581 25 0 0 0
582 25 0 0 0
583 25 0 0 0
584 25 0 0 0
585 25 0 0 0
586 25 0 0 0
587 25 0 0 0
588 25 0 0 0
589 25 0 0 0
590 25 0 0 0
591 25 0 0 0
592 25 0 0 0
593 25 0 0 0
594 25 0 0 0
595 25 0 0 0
596 25 0 0 0
597 25 0 0 0
598 25 0 0 0
599 25 0 0 0
600 25 0 0 0
601 25 0 0 0
602 25 0 0 0
603 25 0 0 0
604 25 0 0 0
605 25 0 0 0
606 25 0 0 0
607 25 0 0 0
608 25 0 0 0
609 25 0 0 0
610 25 0 0 0
611 25 0 0 0
612 25 0 0 0
613 25 0 0 0
614 25 0 0 0
615 25 0 0 0
616 25 0 0 0
617 25 0 0 0
618 25 0 0 0
619 25 0 0 0
620 25 0 0 0
621 25 0 0 0
622 25 0 0 0
623 25 0 0 0
624 25 0 0 0
625 25 0 0 0
626 25 0 0 0
627 25 0 0 0
628 25 0 0 0
629 25 0 0 0
630 25 0 0 0
631 25 0 0 0
632 25 0 0 0
633 25 0 0 0
634 25 0 0 0
635 25 0 0 0
636 25 0 0 0
637 25 0 0 0
638 25 0 0 0
639 25 0 0 0
0 26 0 0 0
1 26 0 0 0
2 26 0 0 0
3 26 0 0 0
4 26 0 0 0
5 26 0 0 0
6 26 0 0 0
7 26 0 0 0
8 26 0 0 0
9 26 0 0 0
10 26 0 0 0
11 26 0 0 0
12 26 0 0 0
13 26 0 0 0
14 26 0 0 0
15 26 0 0 0
16 26 0 0 0
17 26 0 0 0
18 26 0 0 0
19 26 0 0 0
20 26 0 0 0
21 26 0 0 0
22 26 0 0 0
23 26 0 0 0
24 26 0 0 0
25 26 0 0 0
26 26 0 0 0
27 26 0 0 0
28 26 0 0 0
29 26 0 0 0
30 26 0 0 0
31 26 0 0 0
32 26 0 0 0
33 26 0 0 0
34 26 0 0 0
35 26 0 0 0
36 26 0 0 0
37 26 0 0 0
38 26 0 0 0
39 26 0 0 0
40 26 0 0 0
41 26 0 0 0
42 26 0 0 0
43 26 0 0 0
44 26 0 0 0
45 26 0 0 0
46 26 0 0 0
47 26 0 0 0
48 26 0 0 0
49 26 0 0 0
50 26 0 0 0
51 26 0 0 0
52 26 0 0 0
53 26 0 0 0
54 26 0 0 0
55 26 0 0 0
56 26 0 0 0
57 26 0 0 0
58 26 0 0 0
59 26 0 0 0
60 26 0 0 0
61 26 0 0 0
62 26 0 0 0
63 26 0 0 0
64 26 0 0 0
65 26 0 0 0
66 26 0 0 0
67 26 0 0 0
68 26 0 0 0
69 26 0 0 0
70 26 0 0 0
71 26 0 0 0
72 26 0 0 0
73 26 0 0 0
74 26 0 0 0
75 26 0 0 0
76 26 0 0 0
77 26 0 0 0
78 26 0 0 0
79 26 0 0 0
80 26 0 0 0
81 26 0 0 0
82 26 0 0 0
83 26 0 0 0
84 26 0 0 0
85 26 0 0 0
86 26 0 0 0
87 26 0 0 0
88 26 0 0 0
89 26 0 0 0
90 26 0 0 0
91 26 0 0 0
92 26 0 0 0
93 26 0 0 0
94 26 0 0 0
95 26 0 0 0
96 26 0 0 0
97 26 0 0 0
98 26 0 0 0
99 26 0 0 0
100 26 0 0 0
101 26 0 0 0
102 26 0 0 0
103 26 0 0 0
104 26 0 0 0
105 26 0 0 0
106 26 0 0 0
107 26 0 0 0
108 26 0 0 0
109 26 0 0 0
110 26 0 0 0
111 26 0 0 0
112 26 0 0 0
113 26 0 0 0
114 26 0 0 0
115 26 0 0 0
116 26 0 0 0
117 26 0 0 0
118 26 0 0 0
119 26 0 0 0
120 26 0 0 0
121 26 0 0 0
122 26 0 0 0
123 26 0 0 0
124 26 0 0 0
125 26 0 0 0
126 26 0 0 0
127 26 0 0 0
128 26 0 0 0
129 26 0 0 0
130 26 0 0 0
131 26 0 0 0
132 26 0 0 0
133 26 0 0 0
134 26 0 0 0
135 26 0 0 0
136 26 0 0 0
137 26 0 0 0
138 26 0 0 0
139 26 0 0 0
140 26 0 0 0
141 26 0 0 0
142 26 0 0 0
143 26 0 0 0
144 26 0 0 0
145 26 0 0 0
146 26 0 0 0
147 26 0 0 0
148 26 0 0 0
149 26 0 0 0
150 26 0 0 0
151 26 0 0 0
152 26 0 0 0
153 26 0 0 0
154 26 0 0 0
155 26 0 0 0
156 26 0 0 0
157 26 0 0 0
158 26 0 0 0
159 26 0 0 0
160 26 0 0 0
161 26 0 0 0
162 26 0 0 0
163 26 0 0 0
164 26 0 0 0
165 26 0 0 0
166 26 0 0 0
167 26 0 0 0
168 26 0 0 0
169 26 0 0 0
170 26 0 0 0
171 26 0 0 0
172 26 0 0 0
173 26 0 0 0
174 26 0 0 0
175 26 0 0 0
176 26 0 0 0
177 26 0 0 0
178 26 0 0 0
179 26 0 0 0
180 26 0 0 0
181 26 0 0 0
182 26 0 0 0
183 26 0 0 0
184 26 0 0 0
185 26 0 0 0
186 26 0 0 0
187 26 0 0 0
188 26 0 0 0
189 26 0 0 0
190 26 0 0 0
191 26 0 0 0
192 26 0 0 0
193 26 0 0 0
194 26 0 0 0
195 26 0 0 0
196 26 0 0 0
197 26 0 0 0
198 26 0 0 0
199 26 0 0 0
200 26 0 0 0
201 26 0 0 0
202 26 0 0 0
203 26 0 0 0
204 26 0 0 0
205 26 0 0 0
206 26 0 0 0
207 26 0 0 0
208 26 0 0 0
209 26 0 0 0
210 26 0 0 0
211 26 0 0 0
212 26 0 0 0
213 26 0 0 0
214 26 0 0 0
215 26 0 0 0
216 26 0 0 0
217 26 0 0 0
218 26 0 0 0
219 26 0 0 0
220 26 0 0 0
221 26 0 0 0
222 26 0 0 0
223 26 0 0 0
224 26 0 0 0
225 26 0 0 0
226 26 0 0 0
227 26 0 0 0
228 26 0 0 0
229 26 0 0 0
230 26 0 0 0
231 26 0 0 0
232 26 0 0 0
233 26 0 0 0
234 26 0 0 0
235 26 0 0 0
236 26 0 0 0
237 26 0 0 0
238 26 0 0 0
239 26 0 0 0
240 26 0 0 0
241 26 0 0 0
242 26 0 0 0
243 26 0 0 0
244 26 0 0 0
245 26 0 0 0
246 26 0 0 0
247 26 0 0 0
248 26 0 0 0
249 26 0 0 0
250 26 0 0 0
251 26 0 0 0
252 26 0 0 0
253 26 0 0 0
254 26 0 0 0
255 26 0 0 0
256 26 0 0 0
257 26 0 0 0
258 26 0 0 0
259 26 0 0 0
260 26 0 0 0
261 26 0 0 0
262 26 0 0 0
263 26 0 0 0
264 26 0 0 0
265 26 0 0 0
266 26 0 0 0
267 26 0 0 0
268 26 0 0 0
269 26 0 0 0
270 26 0 0 0
271 26 0 0 0
272 26 0 0 0
273 26 0 0 0
274 26 0 0 0
275 26 0 0 0
276 26 0 0 0
277 26 0 0 0
278 26 0 0 0
279 26 0 0 0
280 26 0 0 0
281 26 0 0 0
282 26 0 0 0
283 26 0 0 0
284 26 0 0 0
285 26 0 0 0
286 26 0 0 0
287 26 5 5 5
288 26 5 5 5
289 26 4 4 4
290 26 4 4 4
291 26 0 0 0
292 26 0 0 0
293 26 1 1 1
294 26 1 1 1
295 26 4 4 4
296 26 4 4 4
297 26 4 4 4
298 26 4 4 4
299 26 4 4 4
300 26 4 4 4
301 26 2 2 2
302 26 2 2 2
303 26 0 0 0
304 26 0 0 0
305 26 0 0 0
306 26 0 0 0
307 26 0 0 0
308 26 0 0 0
309 26 0 0 0
310 26 0 0 0
311 26 0 0 0
312 26 0 0 0
313 26 0 0 0
314 26 0 0 0
315 26 0 0 0
316 26 0 0 0
317 26 0 0 0
318 26 0 0 0
319 26 0 0 0
320 26 0 0 0
321 26 0 0 0
322 26 0 0 0
323 26 4 4 4
324 26 4 4 4
325 26 3 3 3
326 26 3 3 3
327 26 0 0 0
328 26 0 0 0
329 26 0 0 0
330 26 0 0 0
331 26 0 0 0
332 26 0 0 0
333 26 0 0 0
334 26 0 0 0
335 26 0 0 0
336 26 0 0 0
337 26 0 0 0
338 26 0 0 0
339 26 0 0 0
340 26 0 0 0
341 26 0 0 0
342 26 0 0 0
343 26 0 0 0
344 26 0 0 0
345 26 0 0 0
346 26 0 0 0
347 26 0 0 0
348 26 0 0 0
349 26 0 0 0
350 26 0 0 0
351 26 0 0 0
352 26 0 0 0
353 26 0 0 0
354 26 0 0 0
355 26 0 0 0
356 26 0 0 0
357 26 0 0 0
358 26 0 0 0
359 26 0 0 0
360 26 0 0 0
361 26 0 0 0
362 26 0 0 0
363 26 0 0 0
364 26 0 0 0
365 26 0 0 0
366 26 0 0 0
367 26 0 0 0
368 26 0 0 0
369 26 0 0 0
370 26 0 0 0
371 26 0 0 0
372 26 0 0 0
373 26 0 0 0
374 26 0 0 0
375 26 0 0 0
376 26 0 0 0
377 26 0 0 0
378 26 0 0 0
379 26 0 0 0
380 26 0 0 0
381 26 0 0 0
382 26 0 0 0
383 26 0 0 0
384 26 0 0 0
385 26 0 0 0
386 26 0 0 0
387 26 0 0 0
388 26 0 0 0
389 26 0 0 0
390 26 0 0 0
391 26 0 0 0
392 26 0 0 0
393 26 0 0 0
394 26 0 0 0
395 26 0 0 0
396 26 0 0 0
397 26 0 0 0
398 26 0 0 0
399 26 0 0 0
400 26 0 0 0
401 26 0 0 0
402 26 0 0 0
403 26 0 0 0
404 26 0 0 0
405 26 1 1 1
406 26 1 1 1
407 26 6 6 6
408 26 6 6 6
409 26 2 2 2
410 26 2 2 2
411 26 0 0 0
412 26 0 0 0
413 26 0 0 0
414 26 0 0 0
415 26 0 0 0
416 26 0 0 0
417 26 0 0 0
418 26 0 0 0
419 26 0 0 0
420 26 0 0 0
421 26 0 0 0
422 26 0 0 0
423 26 0 0 0
424 26 0 0 0
425 26 0 0 0
426 26 0 0 0
427 26 0 0 0
428 26 0 0 0
429 26 0 0 0
430 26 0 0 0
431 26 0 0 0
432 26 0 0 0
433 26 0 0 0
434 26 0 0 0
435 26 0 0 0
436 26 0 0 0
437 26 0 0 0
438 26 0 0 0
439 26 0 0 0
440 26 0 0 0
441 26 0 0 0
442 26 0 0 0
443 26 0 0 0
444 26 0 0 0
445 26 1 1 1
446 26 1 1 1
447 26 3 3 3
448 26 3 3 3
449 26 4 4 4
450 26 4 4 4
451 26 4 4 4
452 26 4 4 4
453 26 3 3 3
454 26 3 3 3
455 26 3 3 3
456 26 3 3 3
457 26 3 3 3
458 26 3 3 3
459 26 3 3 3
460 26 3 3 3
461 26 3 3 3
462 26 3 3 3
463 26 3 3 3
464 26 3 3 3
465 26 3 3 3
466 26 3 3 3
467 26 3 3 3
468 26 3 3 3
469 26 3 3 3
470 26 3 3 3
471 26 3 3 3
472 26 3 3 3
473 26 0 0 0
474 26 0 0 0
475 26 0 0 0
476 26 0 0 0
477 26 0 0 0
478 26 0 0 0
479 26 0 0 0
480 26 0 0 0
481 26 0 0 0
482 26 0 0 0
483 26 0 0 0
484 26 0 0 0
485 26 0 0 0
486 26 0 0 0
487 26 0 0 0
488 26 0 0 0
489 26 0 0 0
490 26 0 0 0
491 26 0 0 0
492 26 0 0 0
493 26 0 0 0
494 26 0 0 0
495 26 0 0 0
496 26 0 0 0
497 26 0 0 0
498 26 0 0 0
499 26 0 0 0
500 26 0 0 0
501 26 0 0 0
502 26 0 0 0
503 26 0 0 0
504 26 0 0 0
505 26 0 0 0
506 26 0 0 0
507 26 0 0 0
508 26 0 0 0
509 26 0 0 0
510 26 0 0 0
511 26 0 0 0
512 26 0 0 0
513 26 0 0 0
514 26 0 0 0
515 26 0 0 0
516 26 0 0 0
517 26 0 0 0
518 26 0 0 0
519 26 0 0 0
520 26 0 0 0
521 26 0 0 0
522 26 0 0 0
523 26 0 0 0
524 26 0 0 0
525 26 0 0 0
526 26 0 0 0
527 26 0 0 0
528 26 0 0 0
529 26 0 0 0
530 26 0 0 0
531 26 0 0 0
532 26 0 0 0
533 26 0 0 0
534 26 0 0 0
535 26 0 0 0
536 26 0 0 0
537 26 0 0 0
538 26 0 0 0
539 26 0 0 0
540 26 0 0 0
541 26 0 0 0
542 26 0 0 0
543 26 0 0 0
544 26 0 0 0
545 26 0 0 0
546 26 0 0 0
547 26 0 0 0
548 26 0 0 0
549 26 0 0 0
550 26 0 0 0
551 26 0 0 0
552 26 0 0 0
553 26 0 0 0
554 26 0 0 0
555 26 0 0 0
556 26 0 0 0
557 26 0 0 0
558 26 0 0 0
559 26 0 0 0
560 26 0 0 0
561 26 0 0 0
562 26 0 0 0
563 26 0 0 0
564 26 0 0 0
565 26 0 0 0
566 26 0 0 0
567 26 0 0 0
568 26 0 0 0
569 26 0 0 0
570 26 0 0 0
571 26 0 0 0
572 26 0 0 0
573 26 0 0 0
574 26 0 0 0
575 26 0 0 0
576 26 0 0 0
577 26 0 0 0
578 26 0 0 0
579 26 0 0 0
580 26 0 0 0
581 26 0 0 0
582 26 0 0 0
583 26 0 0 0
584 26 0 0 0
585 26 0 0 0
586 26 0 0 0
587 26 0 0 0
588 26 0 0 0
589 26 0 0 0
590 26 0 0 0
591 26 0 0 0
592 26 0 0 0
593 26 0 0 0
594 26 0 0 0
595 26 0 0 0
596 26 0 0 0
597 26 0 0 0
598 26 0 0 0
599 26 0 0 0
600 26 0 0 0
601 26 0 0 0
602 26 0 0 0
603 26 0 0 0
604 26 0 0 0
605 26 0 0 0
606 26 0 0 0
607 26 0 0 0
608 26 0 0 0
609 26 0 0 0
610 26 0 0 0
611 26 0 0 0
612 26 0 0 0
613 26 0 0 0
614 26 0 0 0
615 26 0 0 0
616 26 0 0 0
617 26 0 0 0
618 26 0 0 0
619 26 0 0 0
620 26 0 0 0
621 26 0 0 0
622 26 0 0 0
623 26 0 0 0
624 26 0 0 0
625 26 0 0 0
626 26 0 0 0
627 26 0 0 0
628 26 0 0 0
629 26 0 0 0
630 26 0 0 0
631 26 0 0 0
632 26 0 0 0
633 26 0 0 0
634 26 0 0 0
635 26 0 0 0
636 26 0 0 0
637 26 0 0 0
638 26 0 0 0
639 26 0 0 0
0 27 0 0 0
1 27 0 0 0
2 27 0 0 0
3 27 0 0 0
4 27 0 0 0
5 27 0 0 0
6 27 0 0 0
7 27 0 0 0
8 27 0 0 0
9 27 0 0 0
10 27 0 0 0
11 27 0 0 0
12 27 0 0 0
13 27 0 0 0
14 27 0 0 0
15 27 0 0 0
16 27 0 0 0
17 27 0 0 0
18 27 0 0 0
19 27 0 0 0
20 27 0 0 0
21 27 0 0 0
22 27 0 0 0
23 27 0 0 0
24 27 0 0 0
25 27 0 0 0
26 27 0 0 0
27 27 0 0 0
28 27 0 0 0
29 27 0 0 0
30 27 0 0 0
31 27 0 0 0
32 27 0 0 0
33 27 0 0 0
34 27 0 0 0
35 27 0 0 0
36 27 0 0 0
37 27 0 0 0
38 27 0 0 0
39 27 0 0 0
40 27 0 0 0
41 27 0 0 0
42 27 0 0 0
43 27 0 0 0
44 27 0 0 0
45 27 0 0 0
46 27 0 0 0
47 27 0 0 0
48 27 0 0 0
49 27 0 0 0
50 27 0 0 0
51 27 0 0 0
52 27 0 0 0
53 27 0 0 0
54 27 0 0 0
55 27 0 0 0
56 27 0 0 0
57 27 0 0 0
58 27 0 0 0
59 27 0 0 0
60 27 0 0 0
61 27 0 0 0
62 27 0 0 0
63 27 0 0 0
64 27 0 0 0
65 27 0 0 0
66 27 0 0 0
67 27 0 0 0
68 27 0 0 0
69 27 0 0 0
70 27 0 0 0
71 27 0 0 0
72 27 0 0 0
73 27 0 0 0
74 27 0 0 0
75 27 0 0 0
76 27 0 0 0
77 27 0 0 0
78 27 0 0 0
79 27 0 0 0
80 27 0 0 0
81 27 0 0 0
82 27 0 0 0
83 27 0 0 0
84 27 0 0 0
85 27 0 0 0
86 27 0 0 0
87 27 0 0 0
88 27 0 0 0
89 27 0 0 0
90 27 0 0 0
91 27 0 0 0
92 27 0 0 0
93 27 0 0 0
94 27 0 0 0
95 27 0 0 0
96 27 0 0 0
97 27 0 0 0
98 27 0 0 0
99 27 0 0 0
100 27 0 0 0
101 27 0 0 0
102 27 0 0 0
103 27 0 0 0
104 27 0 0 0
105 27 0 0 0
106 27 0 0 0
107 27 0 0 0
108 27 0 0 0
109 27 0 0 0
110 27 0 0 0
111 27 0 0 0
112 27 0 0 0
113 27 0 0 0
114 27 0 0 0
115 27 0 0 0
116 27 0 0 0
117 27 0 0 0
118 27 0 0 0
119 27 0 0 0
120 27 0 0 0
121 27 0 0 0
122 27 0 0 0
123 27 0 0 0
124 27 0 0 0
125 27 0 0 0
126 27 0 0 0
127 27 0 0 0
128 27 0 0 0
129 27 0 0 0
130 27 0 0 0
131 27 0 0 0
132 27 0 0 0
133 27 0 0 0
134 27 0 0 0
135 27 0 0 0
136 27 0 0 0
137 27 0 0 0
138 27 0 0 0
139 27 0 0 0
140 27 0 0 0
141 27 0 0 0
142 27 0 0 0
143 27 0 0 0
144 27 0 0 0
145 27 0 0 0
146 27 0 0 0
147 27 0 0 0
148 27 0 0 0
149 27 0 0 0
150 27 0 0 0
151 27 0 0 0
152 27 0 0 0
153 27 0 0 0
154 27 0 0 0
155 27 0 0 0
156 27 0 0 0
157 27 0 0 0
158 27 0 0 0
159 27 0 0 0
160 27 0 0 0
161 27 0 0 0
162 27 0 0 0
163 27 0 0 0
164 27 0 0 0
165 27 0 0 0
166 27 0 0 0
167 27 0 0 0
168 27 0 0 0
169 27 0 0 0
170 27 0 0 0
171 27 0 0 0
172 27 0 0 0
173 27 0 0 0
174 27 0 0 0
175 27 0 0 0
176 27 0 0 0
177 27 0 0 0
178 27 0 0 0
179 27 0 0 0
180 27 0 0 0
181 27 0 0 0
182 27 0 0 0
183 27 0 0 0
184 27 0 0 0
185 27 0 0 0
186 27 0 0 0
187 27 0 0 0
188 27 0 0 0
189 27 0 0 0
190 27 0 0 0
191 27 0 0 0
192 27 0 0 0
193 27 0 0 0
194 27 0 0 0
195 27 0 0 0
196 27 0 0 0
197 27 0 0 0
198 27 0 0 0
199 27 0 0 0
200 27 0 0 0
201 27 0 0 0
202 27 0 0 0
203 27 0 0 0
204 27 0 0 0
205 27 0 0 0
206 27 0 0 0
207 27 0 0 0
208 27 0 0 0
209 27 0 0 0
210 27 0 0 0
211 27 0 0 0
212 27 0 0 0
213 27 0 0 0
214 27 0 0 0
215 27 0 0 0
216 27 0 0 0
217 27 0 0 0
218 27 0 0 0
219 27 0 0 0
220 27 0 0 0
221 27 0 0 0
222 27 0 0 0
223 27 0 0 0
224 27 0 0 0
225 27 0 0 0
226 27 0 0 0
227 27 0 0 0
228 27 0 0 0
229 27 0 0 0
230 27 0 0 0
231 27 0 0 0
232 27 0 0 0
233 27 0 0 0
234 27 0 0 0
235 27 0 0 0
236 27 0 0 0
237 27 0 0 0
238 27 0 0 0
239 27 0 0 0
240 27 0 0 0
241 27 0 0 0
242 27 0 0 0
243 27 0 0 0
244 27 0 0 0
245 27 0 0 0
246 27 0 0 0
247 27 0 0 0
248 27 0 0 0
249 27 0 0 0
250 27 0 0 0
251 27 0 0 0
252 27 0 0 0
253 27 0 0 0
254 27 0 0 0
255 27 0 0 0
256 27 0 0 0
257 27 0 0 0
258 27 0 0 0
259 27 0 0 0
260 27 0 0 0
261 27 0 0 0
262 27 0 0 0
263 27 0 0 0
264 27 0 0 0
265 27 0 0 0
266 27 0 0 0
267 27 0 0 0
268 27 0 0 0
269 27 0 0 0
270 27 0 0 0
271 27 0 0 0
272 27 0 0 0
273 27 0 0 0
274 27 0 0 0
275 27 0 0 0
276 27 0 0 0
277 27 0 0 0
278 27 0 0 0
279 27 0 0 0
280 27 0 0 0
281 27 0 0 0
282 27 0 0 0
283 27 0 0 0
284 27 0 0 0
285 27 0 0 0
286 27 0 0 0
287 27 5 5 5
288 27 5 5 5
289 27 4 4 4
290 27 4 4 4
291 27 0 0 0
292 27 0 0 0
293 27 1 1 1
294 27 1 1 1
295 27 4 4 4
296 27 4 4 4
297 27 4 4 4
298 27 4 4 4
299 27 4 4 4
300 27 4 4 4
301 27 2 2 2
302 27 2 2 2
303 27 0 0 0
304 27 0 0 0
305 27 0 0 0
306 27 0 0 0
307 27 0 0 0
308 27 0 0 0
309 27 0 0 0
310 27 0 0 0
311 27 0 0 0
312 27 0 0 0
313 27 0 0 0
314 27 0 0 0
315 27 0 0 0
316 27 0 0 0
317 27 0 0 0
318 27 0 0 0
319 27 0 0 0
320 27 0 0 0
321 27 0 0 0
322 27 0 0 0
323 27 4 4 4
324 27 4 4 4
325 27 3 3 3
326 27 3 3 3
327 27 0 0 0
328 27 0 0 0
329 27 0 0 0
330 27 0 0 0
331 27 0 0 0
332 27 0 0 0
333 27 0 0 0
334 27 0 0 0
335 27 0 0 0
336 27 0 0 0
337 27 0 0 0
338 27 0 0 0
339 27 0 0 0
340 27 0 0 0
341 27 0 0 0
342 27 0 0 0
343 27 0 0 0
344 27 0 0 0
345 27 0 0 0
346 27 0 0 0
347 27 0 0 0
348 27 0 0 0
349 27 0 0 0
350 27 0 0 0
351 27 0 0 0
352 27 0 0 0
353 27 0 0 0
354 27 0 0 0
355 27 0 0 0
356 27 0 0 0
357 27 0 0 0
358 27 0 0 0
359 27 0 0 0
360 27 0 0 0
361 27 0 0 0
362 27 0 0 0
363 27 0 0 0
364 27 0 0 0
365 27 0 0 0
366 27 0 0 0
367 27 0 0 0
368 27 0 0 0
369 27 0 0 0
370 27 0 0 0
371 27 0 0 0
372 27 0 0 0
373 27 0 0 0
374 27 0 0 0
375 27 0 0 0
376 27 0 0 0
377 27 0 0 0
378 27 0 0 0
379 27 0 0 0
380 27 0 0 0
381 27 0 0 0
382 27 0 0 0
383 27 0 0 0
384 27 0 0 0
385 27 0 0 0
386 27 0 0 0
387 27 0 0 0
388 27 0 0 0
389 27 0 0 0
390 27 0 0 0
391 27 0 0 0
392 27 0 0 0
393 27 0 0 0
394 27 0 0 0
395 27 0 0 0
396 27 0 0 0
397 27 0 0 0
398 27 0 0 0
399 27 0 0 0
400 27 0 0 0
401 27 0 0 0
402 27 0 0 0
403 27 0 0 0
404 27 0 0 0
405 27 1 1 1
406 27 1 1 1
407 27 6 6 6
408 27 6 6 6
409 27 2 2 2
410 27 2 2 2
411 27 0 0 0
412 27 0 0 0
413 27 0 0 0
414 27 0 0 0
415 27 0 0 0
416 27 0 0 0
417 27 0 0 0
418 27 0 0 0
419 27 0 0 0
420 27 0 0 0
421 27 0 0 0
422 27 0 0 0
423 27 0 0 0
424 27 0 0 0
425 27 0 0 0
426 27 0 0 0
427 27 0 0 0
428 27 0 0 0
429 27 0 0 0
430 27 0 0 0
431 27 0 0 0
432 27 0 0 0
433 27 0 0 0
434 27 0 0 0
435 27 0 0 0
436 27 0 0 0
437 27 0 0 0
438 27 0 0 0
439 27 0 0 0
440 27 0 0 0
441 27 0 0 0
442 27 0 0 0
443 27 0 0 0
444 27 0 0 0
445 27 1 1 1
446 27 1 1 1
447 27 3 3 3
448 27 3 3 3
449 27 4 4 4
450 27 4 4 4
451 27 4 4 4
452 27 4 4 4
453 27 3 3 3
454 27 3 3 3
455 27 3 3 3
456 27 3 3 3
457 27 3 3 3
458 27 3 3 3
459 27 3 3 3
460 27 3 3 3
461 27 3 3 3
462 27 3 3 3
463 27 3 3 3
464 27 3 3 3
465 27 3 3 3
466 27 3 3 3
467 27 3 3 3
468 27 3 3 3
469 27 3 3 3
470 27 3 3 3
471 27 3 3 3
472 27 3 3 3
473 27 0 0 0
474 27 0 0 0
475 27 0 0 0
476 27 0 0 0
477 27 0 0 0
478 27 0 0 0
479 27 0 0 0
480 27 0 0 0
481 27 0 0 0
482 27 0 0 0
483 27 0 0 0
484 27 0 0 0
485 27 0 0 0
486 27 0 0 0
487 27 0 0 0
488 27 0 0 0
489 27 0 0 0
490 27 0 0 0
491 27 0 0 0
492 27 0 0 0
493 27 0 0 0
494 27 0 0 0
495 27 0 0 0
496 27 0 0 0
497 27 0 0 0
498 27 0 0 0
499 27 0 0 0
500 27 0 0 0
501 27 0 0 0
502 27 0 0 0
503 27 0 0 0
504 27 0 0 0
505 27 0 0 0
506 27 0 0 0
507 27 0 0 0
508 27 0 0 0
509 27 0 0 0
510 27 0 0 0
511 27 0 0 0
512 27 0 0 0
513 27 0 0 0
514 27 0 0 0
515 27 0 0 0
516 27 0 0 0
517 27 0 0 0
518 27 0 0 0
519 27 0 0 0
520 27 0 0 0
521 27 0 0 0
522 27 0 0 0
523 27 0 0 0
524 27 0 0 0
525 27 0 0 0
526 27 0 0 0
527 27 0 0 0
528 27 0 0 0
529 27 0 0 0
530 27 0 0 0
531 27 0 0 0
532 27 0 0 0
533 27 0 0 0
534 27 0 0 0
535 27 0 0 0
536 27 0 0 0
537 27 0 0 0
538 27 0 0 0
539 27 0 0 0
540 27 0 0 0
541 27 0 0 0
542 27 0 0 0
543 27 0 0 0
544 27 0 0 0
545 27 0 0 0
546 27 0 0 0
547 27 0 0 0
548 27 0 0 0
549 27 0 0 0
550 27 0 0 0
551 27 0 0 0
552 27 0 0 0
553 27 0 0 0
554 27 0 0 0
555 27 0 0 0
556 27 0 0 0
557 27 0 0 0
558 27 0 0 0
559 27 0 0 0
560 27 0 0 0
561 27 0 0 0
562 27 0 0 0
563 27 0 0 0
564 27 0 0 0
565 27 0 0 0
566 27 0 0 0
567 27 0 0 0
568 27 0 0 0
569 27 0 0 0
570 27 0 0 0
571 27 0 0 0
572 27 0 0 0
573 27 0 0 0
574 27 0 0 0
575 27 0 0 0
576 27 0 0 0
577 27 0 0 0
578 27 0 0 0
579 27 0 0 0
580 27 0 0 0
581 27 0 0 0
582 27 0 0 0
583 27 0 0 0
584 27 0 0 0
585 27 0 0 0
586 27 0 0 0
587 27 0 0 0
588 27 0 0 0
589 27 0 0 0
590 27 0 0 0
591 27 0 0 0
592 27 0 0 0
593 27 0 0 0
594 27 0 0 0
595 27 0 0 0
596 27 0 0 0
597 27 0 0 0
598 27 0 0 0
599 27 0 0 0
600 27 0 0 0
601 27 0 0 0
602 27 0 0 0
603 27 0 0 0
604 27 0 0 0
605 27 0 0 0
606 27 0 0 0
607 27 0 0 0
608 27 0 0 0
609 27 0 0 0
610 27 0 0 0
611 27 0 0 0
612 27 0 0 0
613 27 0 0 0
614 27 0 0 0
615 27 0 0 0
616 27 0 0 0
617 27 0 0 0
618 27 0 0 0
619 27 0 0 0
620 27 0 0 0
621 27 0 0 0
622 27 0 0 0
623 27 0 0 0
624 27 0 0 0
625 27 0 0 0
626 27 0 0 0
627 27 0 0 0
628 27 0 0 0
629 27 0 0 0
630 27 0 0 0
631 27 0 0 0
632 27 0 0 0
633 27 0 0 0
634 27 0 0 0
635 27 0 0 0
636 27 0 0 0
637 27 0 0 0
638 27 0 0 0
639 27 0 0 0
0 28 0 0 0
1 28 0 0 0
2 28 0 0 0
3 28 0 0 0
4 28 0 0 0
5 28 0 0 0
6 28 0 0 0
7 28 0 0 0
8 28 0 0 0
9 28 0 0 0
10 28 0 0 0
11 28 0 0 0
12 28 0 0 0
13 28 0 0 0
14 28 0 0 0
15 28 0 0 0
16 28 0 0 0
17 28 0 0 0
18 28 0 0 0
19 28 0 0 0
20 28 0 0 0
21 28 0 0 0
22 28 0 0 0
23 28 0 0 0
24 28 0 0 0
25 28 0 0 0
26 28 0 0 0
27 28 0 0 0
28 28 0 0 0
29 28 0 0 0
30 28 0 0 0
31 28 0 0 0
32 28 0 0 0
33 28 0 0 0
34 28 0 0 0
35 28 0 0 0
36 28 0 0 0
37 28 0 0 0
38 28 0 0 0
39 28 0 0 0
40 28 0 0 0
41 28 0 0 0
42 28 0 0 0
43 28 0 0 0
44 28 0 0 0
45 28 0 0 0
46 28 0 0 0
47 28 0 0 0
48 28 0 0 0
49 28 0 0 0
50 28 0 0 0
51 28 0 0 0
52 28 0 0 0
53 28 0 0 0
54 28 0 0 0
55 28 0 0 0
56 28 0 0 0
57 28 0 0 0
58 28 0 0 0
59 28 0 0 0
60 28 0 0 0
61 28 0 0 0
62 28 0 0 0
63 28 0 0 0
64 28 0 0 0
65 28 0 0 0
66 28 0 0 0
67 28 0 0 0
68 28 0 0 0
69 28 0 0 0
70 28 0 0 0
71 28 0 0 0
72 28 0 0 0
73 28 0 0 0
74 28 0 0 0
75 28 0 0 0
76 28 0 0 0
77 28 0 0 0
78 28 0 0 0
79 28 0 0 0
80 28 0 0 0
81 28 0 0 0
82 28 0 0 0
83 28 0 0 0
84 28 0 0 0
85 28 0 0 0
86 28 0 0 0
87 28 0 0 0
88 28 0 0 0
89 28 0 0 0
90 28 0 0 0
91 28 0 0 0
92 28 0 0 0
93 28 0 0 0
94 28 0 0 0
95 28 0 0 0
96 28 0 0 0
97 28 0 0 0
98 28 0 0 0
99 28 0 0 0
100 28 0 0 0
101 28 0 0 0
102 28 0 0 0
103 28 0 0 0
104 28 0 0 0
105 28 0 0 0
106 28 0 0 0
107 28 0 0 0
108 28 0 0 0
109 28 0 0 0
110 28 0 0 0
111 28 0 0 0
112 28 0 0 0
113 28 0 0 0
114 28 0 0 0
115 28 0 0 0
116 28 0 0 0
117 28 0 0 0
118 28 0 0 0
119 28 0 0 0
120 28 0 0 0
121 28 0 0 0
122 28 0 0 0
123 28 0 0 0
124 28 0 0 0
125 28 0 0 0
126 28 0 0 0
127 28 0 0 0
128 28 0 0 0
129 28 0 0 0
130 28 0 0 0
131 28 0 0 0
132 28 0 0 0
133 28 0 0 0
134 28 0 0 0
135 28 0 0 0
136 28 0 0 0
137 28 0 0 0
138 28 0 0 0
139 28 0 0 0
140 28 0 0 0
141 28 0 0 0
142 28 0 0 0
143 28 0 0 0
144 28 0 0 0
145 28 0 0 0
146 28 0 0 0
147 28 0 0 0
148 28 0 0 0
149 28 0 0 0
150 28 0 0 0
151 28 0 0 0
152 28 0 0 0
153 28 0 0 0
154 28 0 0 0
155 28 0 0 0
156 28 0 0 0
157 28 0 0 0
158 28 0 0 0
159 28 0 0 0
160 28 0 0 0
161 28 0 0 0
162 28 0 0 0
163 28 0 0 0
164 28 0 0 0
165 28 0 0 0
166 28 0 0 0
167 28 0 0 0
168 28 0 0 0
169 28 0 0 0
170 28 0 0 0
171 28 0 0 0
172 28 0 0 0
173 28 0 0 0
174 28 0 0 0
175 28 0 0 0
176 28 0 0 0
177 28 0 0 0
178 28 0 0 0
179 28 0 0 0
180 28 0 0 0
181 28 0 0 0
182 28 0 0 0
183 28 0 0 0
184 28 0 0 0
185 28 0 0 0
186 28 0 0 0
187 28 0 0 0
188 28 0 0 0
189 28 0 0 0
190 28 0 0 0
191 28 0 0 0
192 28 0 0 0
193 28 0 0 0
194 28 0 0 0
195 28 0 0 0
196 28 0 0 0
197 28 0 0 0
198 28 0 0 0
199 28 0 0 0
200 28 0 0 0
201 28 0 0 0
202 28 0 0 0
203 28 0 0 0
204 28 0 0 0
205 28 0 0 0
206 28 0 0 0
207 28 0 0 0
208 28 0 0 0
209 28 0 0 0
210 28 0 0 0
211 28 0 0 0
212 28 0 0 0
213 28 0 0 0
214 28 0 0 0
215 28 0 0 0
216 28 0 0 0
217 28 0 0 0
218 28 0 0 0
219 28 0 0 0
220 28 0 0 0
221 28 0 0 0
222 28 0 0 0
223 28 0 0 0
224 28 0 0 0
225 28 0 0 0
226 28 0 0 0
227 28 0 0 0
228 28 0 0 0
229 28 0 0 0
230 28 0 0 0
231 28 0 0 0
232 28 0 0 0
233 28 0 0 0
234 28 0 0 0
235 28 0 0 0
236 28 0 0 0
237 28 0 0 0
238 28 0 0 0
239 28 0 0 0
240 28 0 0 0
241 28 0 0 0
242 28 0 0 0
243 28 0 0 0
244 28 0 0 0
245 28 0 0 0
246 28 0 0 0
247 28 0 0 0
248 28 0 0 0
249 28 0 0 0
250 28 0 0 0
251 28 0 0 0
252 28 0 0 0
253 28 0 0 0
254 28 0 0 0
255 28 0 0 0
256 28 0 0 0
257 28 0 0 0
258 28 0 0 0
259 28 0 0 0
260 28 0 0 0
261 28 0 0 0
262 28 0 0 0
263 28 0 0 0
264 28 0 0 0
265 28 0 0 0
266 28 0 0 0
267 28 0 0 0
268 28 0 0 0
269 28 0 0 0
270 28 0 0 0
271 28 0 0 0
272 28 0 0 0
273 28 0 0 0
274 28 0 0 0
275 28 0 0 0
276 28 0 0 0
277 28 0 0 0
278 28 0 0 0
279 28 0 0 0
280 28 0 0 0
281 28 0 0 0
282 28 0 0 0
283 28 0 0 0
284 28 0 0 0
285 28 0 0 0
286 28 0 0 0
287 28 0 0 0
288 28 0 0 0
289 28 5 5 5
290 28 5 5 5
291 28 4 4 4
292 28 4 4 4
293 28 1 1 1
294 28 1 1 1
295 28 4 4 4
296 28 4 4 4
297 28 6 6 6
298 28 6 6 6
299 28 5 5 5
300 28 5 5 5
301 28 4 4 4
302 28 4 4 4
303 28 3 3 3
304 28 3 3 3
305 28 0 0 0
306 28 0 0 0
307 28 0 0 0
308 28 0 0 0
309 28 0 0 0
310 28 0 0 0
311 28 0 0 0
312 28 0 0 0
313 28 0 0 0
314 28 0 0 0
315 28 0 0 0
316 28 0 0 0
317 28 0 0 0
318 28 0 0 0
319 28 0 0 0
320 28 0 0 0
321 28 2 2 2
322 28 2 2 2
323 28 5 5 5
324 28 5 5 5
325 28 1 1 1
326 28 1 1 1
327 28 0 0 0
328 28 0 0 0
329 28 0 0 0
330 28 0 0 0
331 28 0 0 0
332 28 0 0 0
333 28 0 0 0
334 28 0 0 0
335 28 0 0 0
336 28 0 0 0
337 28 0 0 0
338 28 0 0 0
339 28 0 0 0
340 28 0 0 0
341 28 0 0 0
342 28 0 0 0
343 28 0 0 0
344 28 0 0 0
345 28 0 0 0
346 28 0 0 0
347 28 0 0 0
348 28 0 0 0
349 28 0 0 0
350 28 0 0 0
351 28 0 0 0
352 28 0 0 0
353 28 0 0 0
354 28 0 0 0
355 28 0 0 0
356 28 0 0 0
357 28 0 0 0
358 28 0 0 0
359 28 0 0 0
360 28 0 0 0
361 28 0 0 0
362 28 0 0 0
363 28 0 0 0
364 28 0 0 0
365 28 0 0 0
366 28 0 0 0
367 28 0 0 0
368 28 0 0 0
369 28 0 0 0
370 28 0 0 0
371 28 0 0 0
372 28 0 0 0
373 28 0 0 0
374 28 0 0 0
375 28 0 0 0
376 28 0 0 0
377 28 0 0 0
378 28 0 0 0
379 28 0 0 0
380 28 0 0 0
381 28 0 0 0
382 28 0 0 0
383 28 0 0 0
384 28 0 0 0
385 28 0 0 0
386 28 0 0 0
387 28 0 0 0
388 28 0 0 0
389 28 0 0 0
390 28 0 0 0
391 28 0 0 0
392 28 0 0 0
393 28 0 0 0
394 28 0 0 0
395 28 0 0 0
396 28 0 0 0
397 28 0 0 0
398 28 0 0 0
399 28 0 0 0
400 28 0 0 0
401 28 0 0 0
402 28 0 0 0
403 28 0 0 0
404 28 0 0 0
405 28 3 3 3
406 28 3 3 3
407 28 5 5 5
408 28 5 5 5
409 28 2 2 2
410 28 2 2 2
411 28 0 0 0
412 28 0 0 0
413 28 0 0 0
414 28 0 0 0
415 28 0 0 0
416 28 0 0 0
417 28 0 0 0
418 28 0 0 0
419 28 0 0 0
420 28 0 0 0
421 28 0 0 0
422 28 0 0 0
423 28 0 0 0
424 28 0 0 0
425 28 0 0 0
426 28 0 0 0
427 28 0 0 0
428 28 0 0 0
429 28 0 0 0
430 28 0 0 0
431 28 0 0 0
432 28 0 0 0
433 28 0 0 0
434 28 0 0 0
435 28 0 0 0
436 28 0 0 0
437 28 0 0 0
438 28 0 0 0
439 28 0 0 0
440 28 0 0 0
441 28 2 2 2
442 28 2 2 2
443 28 3 3 3
444 28 3 3 3
445 28 4 4 4
446 28 4 4 4
447 28 4 4 4
448 28 4 4 4
449 28 3 3 3
450 28 3 3 3
451 28 3 3 3
452 28 3 3 3
453 28 3 3 3
454 28 3 3 3
455 28 3 3 3
456 28 3 3 3
457 28 3 3 3
458 28 3 3 3
459 28 3 3 3
460 28 3 3 3
461 28 3 3 3
462 28 3 3 3
463 28 3 3 3
464 28 3 3 3
465 28 3 3 3
466 28 3 3 3
467 28 3 3 3
468 28 3 3 3
469 28 3 3 3
470 28 3 3 3
471 28 3 3 3
472 28 3 3 3
473 28 2 2 2
474 28 2 2 2
475 28 0 0 0
476 28 0 0 0
477 28 0 0 0
478 28 0 0 0
479 28 0 0 0
480 28 0 0 0
481 28 0 0 0
482 28 0 0 0
483 28 0 0 0
484 28 0 0 0
485 28 0 0 0
486 28 0 0 0
487 28 0 0 0
488 28 0 0 0
489 28 0 0 0
490 28 0 0 0
491 28 0 0 0
492 28 0 0 0
493 28 0 0 0
494 28 0 0 0
495 28 0 0 0
496 28 0 0 0
497 28 0 0 0
498 28 0 0 0
499 28 0 0 0
500 28 0 0 0
501 28 0 0 0
502 28 0 0 0
503 28 0 0 0
504 28 0 0 0
505 28 0 0 0
506 28 0 0 0
507 28 0 0 0
508 28 0 0 0
509 28 0 0 0
510 28 0 0 0
511 28 0 0 0
512 28 0 0 0
513 28 0 0 0
514 28 0 0 0
515 28 0 0 0
516 28 0 0 0
517 28 0 0 0
518 28 0 0 0
519 28 0 0 0
520 28 0 0 0
521 28 0 0 0
522 28 0 0 0
523 28 0 0 0
524 28 0 0 0
525 28 0 0 0
526 28 0 0 0
527 28 0 0 0
528 28 0 0 0
529 28 0 0 0
530 28 0 0 0
531 28 0 0 0
532 28 0 0 0
533 28 0 0 0
534 28 0 0 0
535 28 0 0 0
536 28 0 0 0
537 28 0 0 0
538 28 0 0 0
539 28 0 0 0
540 28 0 0 0
541 28 0 0 0
542 28 0 0 0
543 28 0 0 0
544 28 0 0 0
545 28 0 0 0
546 28 0 0 0
547 28 0 0 0
548 28 0 0 0
549 28 0 0 0
550 28 0 0 0
551 28 0 0 0
552 28 0 0 0
553 28 0 0 0
554 28 0 0 0
555 28 0 0 0
556 28 0 0 0
557 28 0 0 0
558 28 0 0 0
559 28 0 0 0
560 28 0 0 0
561 28 0 0 0
562 28 0 0 0
563 28 0 0 0
564 28 0 0 0
565 28 0 0 0
566 28 0 0 0
567 28 0 0 0
568 28 0 0 0
569 28 0 0 0
570 28 0 0 0
571 28 0 0 0
572 28 0 0 0
573 28 0 0 0
574 28 0 0 0
575 28 0 0 0
576 28 0 0 0
577 28 0 0 0
578 28 0 0 0
579 28 0 0 0
580 28 0 0 0
581 28 0 0 0
582 28 0 0 0
583 28 0 0 0
584 28 0 0 0
585 28 0 0 0
586 28 0 0 0
587 28 0 0 0
588 28 0 0 0
589 28 0 0 0
590 28 0 0 0
591 28 0 0 0
592 28 0 0 0
593 28 0 0 0
594 28 0 0 0
595 28 0 0 0
596 28 0 0 0
597 28 0 0 0
598 28 0 0 0
599 28 0 0 0
600 28 0 0 0
601 28 0 0 0
602 28 0 0 0
603 28 0 0 0
604 28 0 0 0
605 28 0 0 0
606 28 0 0 0
607 28 0 0 0
608 28 0 0 0
609 28 0 0 0
610 28 0 0 0
611 28 0 0 0
612 28 0 0 0
613 28 0 0 0
614 28 0 0 0
615 28 0 0 0
616 28 0 0 0
617 28 0 0 0
618 28 0 0 0
619 28 0 0 0
620 28 0 0 0
621 28 0 0 0
622 28 0 0 0
623 28 0 0 0
624 28 0 0 0
625 28 0 0 0
626 28 0 0 0
627 28 0 0 0
628 28 0 0 0
629 28 0 0 0
630 28 0 0 0
631 28 0 0 0
632 28 0 0 0
633 28 0 0 0
634 28 0 0 0
635 28 0 0 0
636 28 0 0 0
637 28 0 0 0
638 28 0 0 0
639 28 0 0 0
0 29 0 0 0
1 29 0 0 0
2 29 0 0 0
3 29 0 0 0
4 29 0 0 0
5 29 0 0 0
6 29 0 0 0
7 29 0 0 0
8 29 0 0 0
9 29 0 0 0
10 29 0 0 0
11 29 0 0 0
12 29 0 0 0
13 29 0 0 0
14 29 0 0 0
15 29 0 0 0
16 29 0 0 0
17 29 0 0 0
18 29 0 0 0
19 29 0 0 0
20 29 0 0 0
21 29 0 0 0
22 29 0 0 0
23 29 0 0 0
24 29 0 0 0
25 29 0 0 0
26 29 0 0 0
27 29 0 0 0
28 29 0 0 0
29 29 0 0 0
30 29 0 0 0
31 29 0 0 0
32 29 0 0 0
33 29 0 0 0
34 29 0 0 0
35 29 0 0 0
36 29 0 0 0
37 29 0 0 0
38 29 0 0 0
39 29 0 0 0
40 29 0 0 0
41 29 0 0 0
42 29 0 0 0
43 29 0 0 0
44 29 0 0 0
45 29 0 0 0
46 29 0 0 0
47 29 0 0 0
48 29 0 0 0
49 29 0 0 0
50 29 0 0 0
51 29 0 0 0
52 29 0 0 0
53 29 0 0 0
54 29 0 0 0
55 29 0 0 0
56 29 0 0 0
57 29 0 0 0
58 29 0 0 0
59 29 0 0 0
60 29 0 0 0
61 29 0 0 0
62 29 0 0 0
63 29 0 0 0
64 29 0 0 0
65 29 0 0 0
66 29 0 0 0
67 29 0 0 0
68 29 0 0 0
69 29 0 0 0
70 29 0 0 0
71 29 0 0 0
72 29 0 0 0
73 29 0 0 0
74 29 0 0 0
75 29 0 0 0
76 29 0 0 0
77 29 0 0 0
78 29 0 0 0
79 29 0 0 0
80 29 0 0 0
81 29 0 0 0
82 29 0 0 0
83 29 0 0 0
84 29 0 0 0
85 29 0 0 0
86 29 0 0 0
87 29 0 0 0
88 29 0 0 0
89 29 0 0 0
90 29 0 0 0
91 29 0 0 0
92 29 0 0 0
93 29 0 0 0
94 29 0 0 0
95 29 0 0 0
96 29 0 0 0
97 29 0 0 0
98 29 0 0 0
99 29 0 0 0
100 29 0 0 0
101 29 0 0 0
102 29 0 0 0
103 29 0 0 0
104 29 0 0 0
105 29 0 0 0
106 29 0 0 0
107 29 0 0 0
108 29 0 0 0
109 29 0 0 0
110 29 0 0 0
111 29 0 0 0
112 29 0 0 0
113 29 0 0 0
114 29 0 0 0
115 29 0 0 0
116 29 0 0 0
117 29 0 0 0
118 29 0 0 0
119 29 0 0 0
120 29 0 0 0
121 29 0 0 0
122 29 0 0 0
123 29 0 0 0
124 29 0 0 0
125 29 0 0 0
126 29 0 0 0
127 29 0 0 0
128 29 0 0 0
129 29 0 0 0
130 29 0 0 0
131 29 0 0 0
132 29 0 0 0
133 29 0 0 0
134 29 0 0 0
135 29 0 0 0
136 29 0 0 0
137 29 0 0 0
138 29 0 0 0
139 29 0 0 0
140 29 0 0 0
141 29 0 0 0
142 29 0 0 0
143 29 0 0 0
144 29 0 0 0
145 29 0 0 0
146 29 0 0 0
147 29 0 0 0
148 29 0 0 0
149 29 0 0 0
150 29 0 0 0
151 29 0 0 0
152 29 0 0 0
153 29 0 0 0
154 29 0 0 0
155 29 0 0 0
156 29 0 0 0
157 29 0 0 0
158 29 0 0 0
159 29 0 0 0
160 29 0 0 0
161 29 0 0 0
162 29 0 0 0
163 29 0 0 0
164 29 0 0 0
165 29 0 0 0
166 29 0 0 0
167 29 0 0 0
168 29 0 0 0
169 29 0 0 0
170 29 0 0 0
171 29 0 0 0
172 29 0 0 0
173 29 0 0 0
174 29 0 0 0
175 29 0 0 0
176 29 0 0 0
177 29 0 0 0
178 29 0 0 0
179 29 0 0 0
180 29 0 0 0
181 29 0 0 0
182 29 0 0 0
183 29 0 0 0
184 29 0 0 0
185 29 0 0 0
186 29 0 0 0
187 29 0 0 0
188 29 0 0 0
189 29 0 0 0
190 29 0 0 0
191 29 0 0 0
192 29 0 0 0
193 29 0 0 0
194 29 0 0 0
195 29 0 0 0
196 29 0 0 0
197 29 0 0 0
198 29 0 0 0
199 29 0 0 0
200 29 0 0 0
201 29 0 0 0
202 29 0 0 0
203 29 0 0 0
204 29 0 0 0
205 29 0 0 0
206 29 0 0 0
207 29 0 0 0
208 29 0 0 0
209 29 0 0 0
210 29 0 0 0
211 29 0 0 0
212 29 0 0 0
213 29 0 0 0
214 29 0 0 0
215 29 0 0 0
216 29 0 0 0
217 29 0 0 0
218 29 0 0 0
219 29 0 0 0
220 29 0 0 0
221 29 0 0 0
222 29 0 0 0
223 29 0 0 0
224 29 0 0 0
225 29 0 0 0
226 29 0 0 0
227 29 0 0 0
228 29 0 0 0
229 29 0 0 0
230 29 0 0 0
231 29 0 0 0
232 29 0 0 0
233 29 0 0 0
234 29 0 0 0
235 29 0 0 0
236 29 0 0 0
237 29 0 0 0
238 29 0 0 0
239 29 0 0 0
240 29 0 0 0
241 29 0 0 0
242 29 0 0 0
243 29 0 0 0
244 29 0 0 0
245 29 0 0 0
246 29 0 0 0
247 29 0 0 0
248 29 0 0 0
249 29 0 0 0
250 29 0 0 0
251 29 0 0 0
252 29 0 0 0
253 29 0 0 0
254 29 0 0 0
255 29 0 0 0
256 29 0 0 0
257 29 0 0 0
258 29 0 0 0
259 29 0 0 0
260 29 0 0 0
261 29 0 0 0
262 29 0 0 0
263 29 0 0 0
264 29 0 0 0
265 29 0 0 0
266 29 0 0 0
267 29 0 0 0
268 29 0 0 0
269 29 0 0 0
270 29 0 0 0
271 29 0 0 0
272 29 0 0 0
273 29 0 0 0
274 29 0 0 0
275 29 0 0 0
276 29 0 0 0
277 29 0 0 0
278 29 0 0 0
279 29 0 0 0
280 29 0 0 0
281 29 0 0 0
282 29 0 0 0
283 29 0 0 0
284 29 0 0 0
285 29 0 0 0
286 29 0 0 0
287 29 0 0 0
288 29 0 0 0
289 29 5 5 5
290 29 5 5 5
291 29 4 4 4
292 29 4 4 4
293 29 1 1 1
294 29 1 1 1
295 29 4 4 4
296 29 4 4 4
297 29 6 6 6
298 29 6 6 6
299 29 5 5 5
300 29 5 5 5
301 29 4 4 4
302 29 4 4 4
303 29 3 3 3
304 29 3 3 3
305 29 0 0 0
306 29 0 0 0
307 29 0 0 0
308 29 0 0 0
309 29 0 0 0
310 29 0 0 0
311 29 0 0 0
312 29 0 0 0
313 29 0 0 0
314 29 0 0 0
315 29 0 0 0
316 29 0 0 0
317 29 0 0 0
318 29 0 0 0
319 29 0 0 0
320 29 0 0 0
321 29 2 2 2
322 29 2 2 2
323 29 5 5 5
324 29 5 5 5
325 29 1 1 1
326 29 1 1 1
327 29 0 0 0
328 29 0 0 0
329 29 0 0 0
330 29 0 0 0
331 29 0 0 0
332 29 0 0 0
333 29 0 0 0
334 29 0 0 0
335 29 0 0 0
336 29 0 0 0
337 29 0 0 0
338 29 0 0 0
339 29 0 0 0
340 29 0 0 0
341 29 0 0 0
342 29 0 0 0
343 29 0 0 0
344 29 0 0 0
345 29 0 0 0
346 29 0 0 0
347 29 0 0 0
348 29 0 0 0
349 29 0 0 0
350 29 0 0 0
351 29 0 0 0
352 29 0 0 0
353 29 0 0 0
354 29 0 0 0
355 29 0 0 0
356 29 0 0 0
357 29 0 0 0
358 29 0 0 0
359 29 0 0 0
360 29 0 0 0
361 29 0 0 0
362 29 0 0 0
363 29 0 0 0
364 29 0 0 0
365 29 0 0 0
366 29 0 0 0
367 29 0 0 0
368 29 0 0 0
369 29 0 0 0
370 29 0 0 0
371 29 0 0 0
372 29 0 0 0
373 29 0 0 0
374 29 0 0 0
375 29 0 0 0
376 29 0 0 0
377 29 0 0 0
378 29 0 0 0
379 29 0 0 0
380 29 0 0 0
381 29 0 0 0
382 29 0 0 0
383 29 0 0 0
384 29 0 0 0
385 29 0 0 0
386 29 0 0 0
387 29 0 0 0
388 29 0 0 0
389 29 0 0 0
390 29 0 0 0
391 29 0 0 0
392 29 0 0 0
393 29 0 0 0
394 29 0 0 0
395 29 0 0 0
396 29 0 0 0
397 29 0 0 0
398 29 0 0 0
399 29 0 0 0
400 29 0 0 0
401 29 0 0 0
402 29 0 0 0
403 29 0 0 0
404 29 0 0 0
405 29 3 3 3
406 29 3 3 3
407 29 5 5 5
408 29 5 5 5
409 29 2 2 2
410 29 2 2 2
411 29 0 0 0
412 29 0 0 0
413 29 0 0 0
414 29 0 0 0
415 29 0 0 0
416 29 0 0 0
417 29 0 0 0
418 29 0 0 0
419 29 0 0 0
420 29 0 0 0
421 29 0 0 0
422 29 0 0 0
423 29 0 0 0
424 29 0 0 0
425 29 0 0 0
426 29 0 0 0
427 29 0 0 0
428 29 0 0 0
429 29 0 0 0
430 29 0 0 0
431 29 0 0 0
432 29 0 0 0
433 29 0 0 0
434 29 0 0 0
435 29 0 0 0
436 29 0 0 0
437 29 0 0 0
438 29 0 0 0
439 29 0 0 0
440 29 0 0 0
441 29 2 2 2
442 29 2 2 2
443 29 3 3 3
444 29 3 3 3
445 29 4 4 4
446 29 4 4 4
447 29 4 4 4
448 29 4 4 4
449 29 3 3 3
450 29 3 3 3
451 29 3 3 3
452 29 3 3 3
453 29 3 3 3
454 29 3 3 3
455 29 3 3 3
456 29 3 3 3
457 29 3 3 3
458 29 3 3 3
459 29 3 3 3
460 29 3 3 3
461 29 3 3 3
462 29 3 3 3
463 29 3 3 3
464 29 3 3 3
465 29 3 3 3
466 29 3 3 3
467 29 3 3 3
468 29 3 3 3
469 29 3 3 3
470 29 3 3 3
471 29 3 3 3
472 29 3 3 3
473 29 2 2 2
474 29 2 2 2
475 29 0 0 0
476 29 0 0 0
477 29 0 0 0
478 29 0 0 0
479 29 0 0 0
480 29 0 0 0
481 29 0 0 0
482 29 0 0 0
483 29 0 0 0
484 29 0 0 0
485 29 0 0 0
486 29 0 0 0
487 29 0 0 0
488 29 0 0 0
489 29 0 0 0
490 29 0 0 0
491 29 0 0 0
492 29 0 0 0
493 29 0 0 0
494 29 0 0 0
495 29 0 0 0
496 29 0 0 0
497 29 0 0 0
498 29 0 0 0
499 29 0 0 0
500 29 0 0 0
501 29 0 0 0
502 29 0 0 0
503 29 0 0 0
504 29 0 0 0
505 29 0 0 0
506 29 0 0 0
507 29 0 0 0
508 29 0 0 0
509 29 0 0 0
510 29 0 0 0
511 29 0 0 0
512 29 0 0 0
513 29 0 0 0
514 29 0 0 0
515 29 0 0 0
516 29 0 0 0
517 29 0 0 0
518 29 0 0 0
519 29 0 0 0
520 29 0 0 0
521 29 0 0 0
522 29 0 0 0
523 29 0 0 0
524 29 0 0 0
525 29 0 0 0
526 29 0 0 0
527 29 0 0 0
528 29 0 0 0
529 29 0 0 0
530 29 0 0 0
531 29 0 0 0
532 29 0 0 0
533 29 0 0 0
534 29 0 0 0
535 29 0 0 0
536 29 0 0 0
537 29 0 0 0
538 29 0 0 0
539 29 0 0 0
540 29 0 0 0
541 29 0 0 0
542 29 0 0 0
543 29 0 0 0
544 29 0 0 0
545 29 0 0 0
546 29 0 0 0
547 29 0 0 0
548 29 0 0 0
549 29 0 0 0
550 29 0 0 0
551 29 0 0 0
552 29 0 0 0
553 29 0 0 0
554 29 0 0 0
555 29 0 0 0
556 29 0 0 0
557 29 0 0 0
558 29 0 0 0
559 29 0 0 0
560 29 0 0 0
561 29 0 0 0
562 29 0 0 0
563 29 0 0 0
564 29 0 0 0
565 29 0 0 0
566 29 0 0 0
567 29 0 0 0
568 29 0 0 0
569 29 0 0 0
570 29 0 0 0
571 29 0 0 0
572 29 0 0 0
573 29 0 0 0
574 29 0 0 0
575 29 0 0 0
576 29 0 0 0
577 29 0 0 0
578 29 0 0 0
579 29 0 0 0
580 29 0 0 0
581 29 0 0 0
582 29 0 0 0
583 29 0 0 0
584 29 0 0 0
585 29 0 0 0
586 29 0 0 0
587 29 0 0 0
588 29 0 0 0
589 29 0 0 0
590 29 0 0 0
591 29 0 0 0
592 29 0 0 0
593 29 0 0 0
594 29 0 0 0
595 29 0 0 0
596 29 0 0 0
597 29 0 0 0
598 29 0 0 0
599 29 0 0 0
600 29 0 0 0
601 29 0 0 0
602 29 0 0 0
603 29 0 0 0
604 29 0 0 0
605 29 0 0 0
606 29 0 0 0
607 29 0 0 0
608 29 0 0 0
609 29 0 0 0
610 29 0 0 0
611 29 0 0 0
612 29 0 0 0
613 29 0 0 0
614 29 0 0 0
615 29 0 0 0
616 29 0 0 0
617 29 0 0 0
618 29 0 0 0
619 29 0 0 0
620 29 0 0 0
621 29 0 0 0
622 29 0 0 0
623 29 0 0 0
624 29 0 0 0
625 29 0 0 0
626 29 0 0 0
627 29 0 0 0
628 29 0 0 0
629 29 0 0 0
630 29 0 0 0
631 29 0 0 0
632 29 0 0 0
633 29 0 0 0
634 29 0 0 0
635 29 0 0 0
636 29 0 0 0
637 29 0 0 0
638 29 0 0 0
639 29 0 0 0
0 30 0 0 0
1 30 0 0 0
2 30 0 0 0
3 30 0 0 0
4 30 0 0 0
5 30 0 0 0
6 30 0 0 0
7 30 0 0 0
8 30 0 0 0
9 30 0 0 0
10 30 0 0 0
11 30 0 0 0
12 30 0 0 0
13 30 0 0 0
14 30 0 0 0
15 30 0 0 0
16 30 0 0 0
17 30 0 0 0
18 30 0 0 0
19 30 0 0 0
20 30 0 0 0
21 30 0 0 0
22 30 0 0 0
23 30 0 0 0
24 30 0 0 0
25 30 0 0 0
26 30 0 0 0
27 30 0 0 0
28 30 0 0 0
29 30 0 0 0
30 30 0 0 0
31 30 0 0 0
32 30 0 0 0
33 30 0 0 0
34 30 0 0 0
35 30 0 0 0
36 30 0 0 0
37 30 0 0 0
38 30 0 0 0
39 30 0 0 0
40 30 0 0 0
41 30 0 0 0
42 30 0 0 0
43 30 0 0 0
44 30 0 0 0
45 30 0 0 0
46 30 0 0 0
47 30 0 0 0
48 30 0 0 0
49 30 0 0 0
50 30 0 0 0
51 30 0 0 0
52 30 0 0 0
53 30 0 0 0
54 30 0 0 0
55 30 0 0 0
56 30 0 0 0
57 30 0 0 0
58 30 0 0 0
59 30 0 0 0
60 30 0 0 0
61 30 0 0 0
62 30 0 0 0
63 30 0 0 0
64 30 0 0 0
65 30 0 0 0
66 30 0 0 0
67 30 0 0 0
68 30 0 0 0
69 30 0 0 0
70 30 0 0 0
71 30 0 0 0
72 30 0 0 0
73 30 0 0 0
74 30 0 0 0
75 30 0 0 0
76 30 0 0 0
77 30 0 0 0
78 30 0 0 0
79 30 0 0 0
80 30 0 0 0
81 30 0 0 0
82 30 0 0 0
83 30 0 0 0
84 30 0 0 0
85 30 0 0 0
86 30 0 0 0
87 30 0 0 0
88 30 0 0 0
89 30 0 0 0
90 30 0 0 0
91 30 0 0 0
92 30 0 0 0
93 30 0 0 0
94 30 0 0 0
95 30 0 0 0
96 30 0 0 0
97 30 0 0 0
98 30 0 0 0
99 30 0 0 0
100 30 0 0 0
101 30 0 0 0
102 30 0 0 0
103 30 0 0 0
104 30 0 0 0
105 30 0 0 0
106 30 0 0 0
107 30 0 0 0
108 30 0 0 0
109 30 0 0 0
110 30 0 0 0
111 30 0 0 0
112 30 0 0 0
113 30 0 0 0
114 30 0 0 0
115 30 0 0 0
116 30 0 0 0
117 30 0 0 0
118 30 0 0 0
119 30 0 0 0
120 30 0 0 0
121 30 0 0 0
122 30 0 0 0
123 30 0 0 0
124 30 0 0 0
125 30 0 0 0
126 30 0 0 0
127 30 0 0 0
128 30 0 0 0
129 30 0 0 0
130 30 0 0 0
131 30 0 0 0
132 30 0 0 0
133 30 0 0 0
134 30 0 0 0
135 30 0 0 0
136 30 0 0 0
137 30 0 0 0
138 30 0 0 0
139 30 0 0 0
140 30 0 0 0
141 30 0 0 0
142 30 0 0 0
143 30 0 0 0
144 30 0 0 0
145 30 0 0 0
146 30 0 0 0
147 30 0 0 0
148 30 0 0 0
149 30 0 0 0
150 30 0 0 0
151 30 0 0 0
152 30 0 0 0
153 30 0 0 0
154 30 0 0 0
155 30 0 0 0
156 30 0 0 0
157 30 0 0 0
158 30 0 0 0
159 30 0 0 0
160 30 0 0 0
161 30 0 0 0
162 30 0 0 0
163 30 0 0 0
164 30 0 0 0
165 30 0 0 0
166 30 0 0 0
167 30 0 0 0
168 30 0 0 0
169 30 0 0 0
170 30 0 0 0
171 30 0 0 0
172 30 0 0 0
173 30 0 0 0
174 30 0 0 0
175 30 0 0 0
176 30 0 0 0
177 30 0 0 0
178 30 0 0 0
179 30 0 0 0
180 30 0 0 0
181 30 0 0 0
182 30 0 0 0
183 30 0 0 0
184 30 0 0 0
185 30 0 0 0
186 30 0 0 0
187 30 0 0 0
188 30 0 0 0
189 30 0 0 0
190 30 0 0 0
191 30 0 0 0
192 30 0 0 0
193 30 0 0 0
194 30 0 0 0
195 30 0 0 0
196 30 0 0 0
197 30 0 0 0
198 30 0 0 0
199 30 0 0 0
200 30 0 0 0
201 30 0 0 0
202 30 0 0 0
203 30 0 0 0
204 30 0 0 0
205 30 0 0 0
206 30 0 0 0
207 30 0 0 0
208 30 0 0 0
209 30 0 0 0
210 30 0 0 0
211 30 0 0 0
212 30 0 0 0
213 30 0 0 0
214 30 0 0 0
215 30 0 0 0
216 30 0 0 0
217 30 0 0 0
218 30 0 0 0
219 30 0 0 0
220 30 0 0 0
221 30 0 0 0
222 30 0 0 0
223 30 0 0 0
224 30 0 0 0
225 30 0 0 0
226 30 0 0 0
227 30 0 0 0
228 30 0 0 0
229 30 0 0 0
230 30 0 0 0
231 30 0 0 0
232 30 0 0 0
233 30 0 0 0
234 30 0 0 0
235 30 0 0 0
236 30 0 0 0
237 30 0 0 0
238 30 0 0 0
239 30 0 0 0
240 30 0 0 0
241 30 0 0 0
242 30 0 0 0
243 30 0 0 0
244 30 0 0 0
245 30 0 0 0
246 30 0 0 0
247 30 0 0 0
248 30 0 0 0
249 30 0 0 0
250 30 0 0 0
251 30 0 0 0
252 30 0 0 0
253 30 0 0 0
254 30 0 0 0
255 30 0 0 0
256 30 0 0 0
257 30 0 0 0
258 30 0 0 0
259 30 0 0 0
260 30 0 0 0
261 30 0 0 0
262 30 0 0 0
263 30 0 0 0
264 30 0 0 0
265 30 0 0 0
266 30 0 0 0
267 30 1 1 1
268 30 1 1 1
269 30 1 1 1
270 30 1 1 1
271 30 1 1 1
272 30 1 1 1
273 30 1 1 1
274 30 1 1 1
275 30 0 0 0
276 30 0 0 0
277 30 0 0 0
278 30 0 0 0
279 30 0 0 0
280 30 0 0 0
281 30 0 0 0
282 30 0 0 0
283 30 0 0 0
284 30 0 0 0
285 30 0 0 0
286 30 0 0 0
287 30 0 0 0
288 30 0 0 0
289 30 2 2 2
290 30 2 2 2
291 30 4 4 4
292 30 4 4 4
293 30 4 4 4
294 30 4 4 4
295 30 5 5 5
296 30 5 5 5
297 30 5 5 5
298 30 5 5 5
299 30 8 8 8
300 30 8 8 8
301 30 4 4 4
302 30 4 4 4
303 30 7 7 7
304 30 7 7 7
305 30 3 3 3
306 30 3 3 3
307 30 0 0 0
308 30 0 0 0
309 30 0 0 0
310 30 0 0 0
311 30 0 0 0
312 30 0 0 0
313 30 0 0 0
314 30 0 0 0
315 30 0 0 0
316 30 0 0 0
317 30 0 0 0
318 30 0 0 0
319 30 0 0 0
320 30 0 0 0
321 30 3 3 3
322 30 3 3 3
323 30 5 5 5
324 30 5 5 5
325 30 1 1 1
326 30 1 1 1
327 30 0 0 0
328 30 0 0 0
329 30 0 0 0
330 30 0 0 0
331 30 0 0 0
332 30 0 0 0
333 30 0 0 0
334 30 0 0 0
335 30 0 0 0
336 30 0 0 0
337 30 0 0 0
338 30 0 0 0
339 30 0 0 0
340 30 0 0 0
341 30 0 0 0
342 30 0 0 0
343 30 0 0 0
344 30 0 0 0
345 30 0 0 0
346 30 0 0 0
347 30 0 0 0
348 30 0 0 0
349 30 0 0 0
350 30 0 0 0
351 30 0 0 0
352 30 0 0 0
353 30 0 0 0
354 30 0 0 0
355 30 0 0 0
356 30 0 0 0
357 30 0 0 0
358 30 0 0 0
359 30 0 0 0
360 30 0 0 0
361 30 0 0 0
362 30 0 0 0
363 30 0 0 0
364 30 0 0 0
365 30 0 0 0
366 30 0 0 0
367 30 0 0 0
368 30 0 0 0
369 30 0 0 0
370 30 0 0 0
371 30 0 0 0
372 30 0 0 0
373 30 0 0 0
374 30 0 0 0
375 30 0 0 0
376 30 0 0 0
377 30 0 0 0
378 30 0 0 0
379 30 0 0 0
380 30 0 0 0
381 30 0 0 0
382 30 0 0 0
383 30 0 0 0
384 30 0 0 0
385 30 0 0 0
386 30 0 0 0
387 30 0 0 0
388 30 0 0 0
389 30 0 0 0
390 30 0 0 0
391 30 0 0 0
392 30 0 0 0
393 30 0 0 0
394 30 0 0 0
395 30 0 0 0
396 30 0 0 0
397 30 0 0 0
398 30 0 0 0
399 30 0 0 0
400 30 0 0 0
401 30 0 0 0
402 30 0 0 0
403 30 0 0 0
404 30 0 0 0
405 30 4 4 4
406 30 4 4 4
407 30 5 5 5
408 30 5 5 5
409 30 2 2 2
410 30 2 2 2
411 30 0 0 0
412 30 0 0 0
413 30 0 0 0
414 30 0 0 0
415 30 0 0 0
416 30 0 0 0
417 30 0 0 0
418 30 0 0 0
419 30 0 0 0
420 30 0 0 0
421 30 0 0 0
422 30 0 0 0
423 30 0 0 0
424 30 0 0 0
425 30 0 0 0
426 30 0 0 0
427 30 0 0 0
428 30 0 0 0
429 30 0 0 0
430 30 0 0 0
431 30 0 0 0
432 30 0 0 0
433 30 0 0 0
434 30 0 0 0
435 30 0 0 0
436 30 0 0 0
437 30 2 2 2
438 30 2 2 2
439 30 4 4 4
440 30 4 4 4
441 30 4 4 4
442 30 4 4 4
443 30 3 3 3
444 30 3 3 3
445 30 3 3 3
446 30 3 3 3
447 30 3 3 3
448 30 3 3 3
449 30 3 3 3
450 30 3 3 3
451 30 3 3 3
452 30 3 3 3
453 30 3 3 3
454 30 3 3 3
455 30 3 3 3
456 30 3 3 3
457 30 3 3 3
458 30 3 3 3
459 30 3 3 3
460 30 3 3 3
461 30 3 3 3
462 30 3 3 3
463 30 3 3 3
464 30 3 3 3
465 30 3 3 3
466 30 3 3 3
467 30 3 3 3
468 30 3 3 3
469 30 3 3 3
470 30 3 3 3
471 30 2 2 2
472 30 2 2 2
473 30 3 3 3
474 30 3 3 3
475 30 2 2 2
476 30 2 2 2
477 30 0 0 0
478 30 0 0 0
479 30 0 0 0
480 30 0 0 0
481 30 0 0 0
482 30 0 0 0
483 30 0 0 0
484 30 0 0 0
485 30 0 0 0
486 30 0 0 0
487 30 0 0 0
488 30 0 0 0
489 30 0 0 0
490 30 0 0 0
491 30 0 0 0
492 30 0 0 0
493 30 0 0 0
494 30 0 0 0
495 30 0 0 0
496 30 0 0 0
497 30 0 0 0
498 30 0 0 0
499 30 0 0 0
500 30 0 0 0
501 30 0 0 0
502 30 0 0 0
503 30 0 0 0
504 30 0 0 0
505 30 0 0 0
506 30 0 0 0
507 30 0 0 0
508 30 0 0 0
509 30 0 0 0
510 30 0 0 0
511 30 0 0 0
512 30 0 0 0
513 30 0 0 0
514 30 0 0 0
515 30 0 0 0
516 30 0 0 0
517 30 0 0 0
518 30 0 0 0
519 30 0 0 0
520 30 0 0 0
521 30 0 0 0
522 30 0 0 0
523 30 0 0 0
524 30 0 0 0
525 30 0 0 0
526 30 0 0 0
527 30 0 0 0
528 30 0 0 0
529 30 0 0 0
530 30 0 0 0
531 30 0 0 0
532 30 0 0 0
533 30 0 0 0
534 30 0 0 0
535 30 0 0 0
536 30 0 0 0
537 30 0 0 0
538 30 0 0 0
539 30 0 0 0
540 30 0 0 0
541 30 0 0 0
542 30 0 0 0
543 30 0 0 0
544 30 0 0 0
545 30 0 0 0
546 30 0 0 0
547 30 0 0 0
548 30 0 0 0
549 30 0 0 0
550 30 0 0 0
551 30 0 0 0
552 30 0 0 0
553 30 0 0 0
554 30 0 0 0
555 30 0 0 0
556 30 0 0 0
557 30 0 0 0
558 30 0 0 0
559 30 0 0 0
560 30 0 0 0
561 30 0 0 0
562 30 0 0 0
563 30 0 0 0
564 30 0 0 0
565 30 0 0 0
566 30 0 0 0
567 30 0 0 0
568 30 0 0 0
569 30 0 0 0
570 30 0 0 0
571 30 0 0 0
572 30 0 0 0
573 30 0 0 0
574 30 0 0 0
575 30 0 0 0
576 30 0 0 0
577 30 0 0 0
578 30 0 0 0
579 30 0 0 0
580 30 0 0 0
581 30 0 0 0
582 30 0 0 0
583 30 0 0 0
584 30 0 0 0
585 30 0 0 0
586 30 0 0 0
587 30 1 1 1
588 30 1 1 1
589 30 1 1 1
590 30 1 1 1
591 30 1 1 1
592 30 1 1 1
593 30 1 1 1
594 30 1 1 1
595 30 0 0 0
596 30 0 0 0
597 30 0 0 0
598 30 0 0 0
599 30 0 0 0
600 30 0 0 0
601 30 0 0 0
602 30 0 0 0
603 30 0 0 0
604 30 0 0 0
605 30 0 0 0
606 30 0 0 0
607 30 0 0 0
608 30 0 0 0
609 30 0 0 0
610 30 0 0 0
611 30 0 0 0
612 30 0 0 0
613 30 0 0 0
614 30 0 0 0
615 30 0 0 0
616 30 0 0 0
617 30 0 0 0
618 30 0 0 0
619 30 0 0 0
620 30 0 0 0
621 30 0 0 0
622 30 0 0 0
623 30 0 0 0
624 30 0 0 0
625 30 0 0 0
626 30 0 0 0
627 30 0 0 0
628 30 0 0 0
629 30 0 0 0
630 30 0 0 0
631 30 0 0 0
632 30 0 0 0
633 30 0 0 0
634 30 0 0 0
635 30 0 0 0
636 30 0 0 0
637 30 0 0 0
638 30 0 0 0
639 30 0 0 0
0 31 0 0 0
1 31 0 0 0
2 31 0 0 0
3 31 0 0 0
4 31 0 0 0
5 31 0 0 0
6 31 0 0 0
7 31 0 0 0
8 31 0 0 0
9 31 0 0 0
10 31 0 0 0
11 31 0 0 0
12 31 0 0 0
13 31 0 0 0
14 31 0 0 0
15 31 0 0 0
16 31 0 0 0
17 31 0 0 0
18 31 0 0 0
19 31 0 0 0
20 31 0 0 0
21 31 0 0 0
22 31 0 0 0
23 31 0 0 0
24 31 0 0 0
25 31 0 0 0
26 31 0 0 0
27 31 0 0 0
28 31 0 0 0
29 31 0 0 0
30 31 0 0 0
31 31 0 0 0
32 31 0 0 0
33 31 0 0 0
34 31 0 0 0
35 31 0 0 0
36 31 0 0 0
37 31 0 0 0
38 31 0 0 0
39 31 0 0 0
40 31 0 0 0
41 31 0 0 0
42 31 0 0 0
43 31 0 0 0
44 31 0 0 0
45 31 0 0 0
46 31 0 0 0
47 31 0 0 0
48 31 0 0 0
49 31 0 0 0
50 31 0 0 0
51 31 0 0 0
52 31 0 0 0
53 31 0 0 0
54 31 0 0 0
55 31 0 0 0
56 31 0 0 0
57 31 0 0 0
58 31 0 0 0
59 31 0 0 0
60 31 0 0 0
61 31 0 0 0
62 31 0 0 0
63 31 0 0 0
64 31 0 0 0
65 31 0 0 0
66 31 0 0 0
67 31 0 0 0
68 31 0 0 0
69 31 0 0 0
70 31 0 0 0
71 31 0 0 0
72 31 0 0 0
73 31 0 0 0
74 31 0 0 0
75 31 0 0 0
76 31 0 0 0
77 31 0 0 0
78 31 0 0 0
79 31 0 0 0
80 31 0 0 0
81 31 0 0 0
82 31 0 0 0
83 31 0 0 0
84 31 0 0 0
85 31 0 0 0
86 31 0 0 0
87 31 0 0 0
88 31 0 0 0
89 31 0 0 0
90 31 0 0 0
91 31 0 0 0
92 31 0 0 0
93 31 0 0 0
94 31 0 0 0
95 31 0 0 0
96 31 0 0 0
97 31 0 0 0
98 31 0 0 0
99 31 0 0 0
100 31 0 0 0
101 31 0 0 0
102 31 0 0 0
103 31 0 0 0
104 31 0 0 0
105 31 0 0 0
106 31 0 0 0
107 31 0 0 0
108 31 0 0 0
109 31 0 0 0
110 31 0 0 0
111 31 0 0 0
112 31 0 0 0
113 31 0 0 0
114 31 0 0 0
115 31 0 0 0
116 31 0 0 0
117 31 0 0 0
118 31 0 0 0
119 31 0 0 0
120 31 0 0 0
121 31 0 0 0
122 31 0 0 0
123 31 0 0 0
124 31 0 0 0
125 31 0 0 0
126 31 0 0 0
127 31 0 0 0
128 31 0 0 0
129 31 0 0 0
130 31 0 0 0
131 31 0 0 0
132 31 0 0 0
133 31 0 0 0
134 31 0 0 0
135 31 0 0 0
136 31 0 0 0
137 31 0 0 0
138 31 0 0 0
139 31 0 0 0
140 31 0 0 0
141 31 0 0 0
142 31 0 0 0
143 31 0 0 0
144 31 0 0 0
145 31 0 0 0
146 31 0 0 0
147 31 0 0 0
148 31 0 0 0
149 31 0 0 0
150 31 0 0 0
151 31 0 0 0
152 31 0 0 0
153 31 0 0 0
154 31 0 0 0
155 31 0 0 0
156 31 0 0 0
157 31 0 0 0
158 31 0 0 0
159 31 0 0 0
160 31 0 0 0
161 31 0 0 0
162 31 0 0 0
163 31 0 0 0
164 31 0 0 0
165 31 0 0 0
166 31 0 0 0
167 31 0 0 0
168 31 0 0 0
169 31 0 0 0
170 31 0 0 0
171 31 0 0 0
172 31 0 0 0
173 31 0 0 0
174 31 0 0 0
175 31 0 0 0
176 31 0 0 0
177 31 0 0 0
178 31 0 0 0
179 31 0 0 0
180 31 0 0 0
181 31 0 0 0
182 31 0 0 0
183 31 0 0 0
184 31 0 0 0
185 31 0 0 0
186 31 0 0 0
187 31 0 0 0
188 31 0 0 0
189 31 0 0 0
190 31 0 0 0
191 31 0 0 0
192 31 0 0 0
193 31 0 0 0
194 31 0 0 0
195 31 0 0 0
196 31 0 0 0
197 31 0 0 0
198 31 0 0 0
199 31 0 0 0
200 31 0 0 0
201 31 0 0 0
202 31 0 0 0
203 31 0 0 0
204 31 0 0 0
205 31 0 0 0
206 31 0 0 0
207 31 0 0 0
208 31 0 0 0
209 31 0 0 0
210 31 0 0 0
211 31 0 0 0
212 31 0 0 0
213 31 0 0 0
214 31 0 0 0
215 31 0 0 0
216 31 0 0 0
217 31 0 0 0
218 31 0 0 0
219 31 0 0 0
220 31 0 0 0
221 31 0 0 0
222 31 0 0 0
223 31 0 0 0
224 31 0 0 0
225 31 0 0 0
226 31 0 0 0
227 31 0 0 0
228 31 0 0 0
229 31 0 0 0
230 31 0 0 0
231 31 0 0 0
232 31 0 0 0
233 31 0 0 0
234 31 0 0 0
235 31 0 0 0
236 31 0 0 0
237 31 0 0 0
238 31 0 0 0
239 31 0 0 0
240 31 0 0 0
241 31 0 0 0
242 31 0 0 0
243 31 0 0 0
244 31 0 0 0
245 31 0 0 0
246 31 0 0 0
247 31 0 0 0
248 31 0 0 0
249 31 0 0 0
250 31 0 0 0
251 31 0 0 0
252 31 0 0 0
253 31 0 0 0
254 31 0 0 0
255 31 0 0 0
256 31 0 0 0
257 31 0 0 0
258 31 0 0 0
259 31 0 0 0
260 31 0 0 0
261 31 0 0 0
262 31 0 0 0
263 31 0 0 0
264 31 0 0 0
265 31 0 0 0
266 31 0 0 0
267 31 1 1 1
268 31 1 1 1
269 31 1 1 1
270 31 1 1 1
271 31 1 1 1
272 31 1 1 1
273 31 1 1 1
274 31 1 1 1
275 31 0 0 0
276 31 0 0 0
277 31 0 0 0
278 31 0 0 0
279 31 0 0 0
280 31 0 0 0
281 31 0 0 0
282 31 0 0 0
283 31 0 0 0
284 31 0 0 0
285 31 0 0 0
286 31 0 0 0
287 31 0 0 0
288 31 0 0 0
289 31 2 2 2
290 31 2 2 2
291 31 4 4 4
292 31 4 4 4
293 31 4 4 4
294 31 4 4 4
295 31 5 5 5
296 31 5 5 5
297 31 5 5 5
298 31 5 5 5
299 31 8 8 8
300 31 8 8 8
301 31 4 4 4
302 31 4 4 4
303 31 7 7 7
304 31 7 7 7
305 31 3 3 3
306 31 3 3 3
307 31 0 0 0
308 31 0 0 0
309 31 0 0 0
310 31 0 0 0
311 31 0 0 0
312 31 0 0 0
313 31 0 0 0
314 31 0 0 0
315 31 0 0 0
316 31 0 0 0
317 31 0 0 0
318 31 0 0 0
319 31 0 0 0
320 31 0 0 0
321 31 3 3 3
322 31 3 3 3
323 31 5 5 5
324 31 5 5 5
325 31 1 1 1
326 31 1 1 1
327 31 0 0 0
328 31 0 0 0
329 31 0 0 0
330 31 0 0 0
331 31 0 0 0
332 31 0 0 0
333 31 0 0 0
334 31 0 0 0
335 31 0 0 0
336 31 0 0 0
337 31 0 0 0
338 31 0 0 0
339 31 0 0 0
340 31 0 0 0
341 31 0 0 0
342 31 0 0 0
343 31 0 0 0
344 31 0 0 0
345 31 0 0 0
346 31 0 0 0
347 31 0 0 0
348 31 0 0 0
349 31 0 0 0
350 31 0 0 0
351 31 0 0 0
352 31 0 0 0
353 31 0 0 0
354 31 0 0 0
355 31 0 0 0
356 31 0 0 0
357 31 0 0 0
358 31 0 0 0
359 31 0 0 0
360 31 0 0 0
361 31 0 0 0
362 31 0 0 0
363 31 0 0 0
364 31 0 0 0
365 31 0 0 0
366 31 0 0 0
367 31 0 0 0
368 31 0 0 0
369 31 0 0 0
370 31 0 0 0
371 31 0 0 0
372 31 0 0 0
373 31 0 0 0
374 31 0 0 0
375 31 0 0 0
376 31 0 0 0
377 31 0 0 0
378 31 0 0 0
379 31 0 0 0
380 31 0 0 0
381 31 0 0 0
382 31 0 0 0
383 31 0 0 0
384 31 0 0 0
385 31 0 0 0
386 31 0 0 0
387 31 0 0 0
388 31 0 0 0
389 31 0 0 0
390 31 0 0 0
391 31 0 0 0
392 31 0 0 0
393 31 0 0 0
394 31 0 0 0
395 31 0 0 0
396 31 0 0 0
397 31 0 0 0
398 31 0 0 0
399 31 0 0 0
400 31 0 0 0
401 31 0 0 0
402 31 0 0 0
403 31 0 0 0
404 31 0 0 0
405 31 4 4 4
406 31 4 4 4
407 31 5 5 5
408 31 5 5 5
409 31 2 2 2
410 31 2 2 2
411 31 0 0 0
412 31 0 0 0
413 31 0 0 0
414 31 0 0 0
415 31 0 0 0
416 31 0 0 0
417 31 0 0 0
418 31 0 0 0
419 31 0 0 0
420 31 0 0 0
421 31 0 0 0
422 31 0 0 0
423 31 0 0 0
424 31 0 0 0
425 31 0 0 0
426 31 0 0 0
427 31 0 0 0
428 31 0 0 0
429 31 0 0 0
430 31 0 0 0
431 31 0 0 0
432 31 0 0 0
433 31 0 0 0
434 31 0 0 0
435 31 0 0 0
436 31 0 0 0
437 31 2 2 2
438 31 2 2 2
439 31 4 4 4
440 31 4 4 4
441 31 4 4 4
442 31 4 4 4
443 31 3 3 3
444 31 3 3 3
445 31 3 3 3
446 31 3 3 3
447 31 3 3 3
448 31 3 3 3
449 31 3 3 3
450 31 3 3 3
451 31 3 3 3
452 31 3 3 3
453 31 3 3 3
454 31 3 3 3
455 31 3 3 3
456 31 3 3 3
457 31 3 3 3
458 31 3 3 3
459 31 3 3 3
460 31 3 3 3
461 31 3 3 3
462 31 3 3 3
463 31 3 3 3
464 31 3 3 3
465 31 3 3 3
466 31 3 3 3
467 31 3 3 3
468 31 3 3 3
469 31 3 3 3
470 31 3 3 3
471 31 2 2 2
472 31 2 2 2
473 31 3 3 3
474 31 3 3 3
475 31 2 2 2
476 31 2 2 2
477 31 0 0 0
478 31 0 0 0
479 31 0 0 0
480 31 0 0 0
481 31 0 0 0
482 31 0 0 0
483 31 0 0 0
484 31 0 0 0
485 31 0 0 0
486 31 0 0 0
487 31 0 0 0
488 31 0 0 0
489 31 0 0 0
490 31 0 0 0
491 31 0 0 0
492 31 0 0 0
493 31 0 0 0
494 31 0 0 0
495 31 0 0 0
496 31 0 0 0
497 31 0 0 0
498 31 0 0 0
499 31 0 0 0
500 31 0 0 0
501 31 0 0 0
502 31 0 0 0
503 31 0 0 0
504 31 0 0 0
505 31 0 0 0
506 31 0 0 0
507 31 0 0 0
508 31 0 0 0
509 31 0 0 0
510 31 0 0 0
511 31 0 0 0
512 31 0 0 0
513 31 0 0 0
514 31 0 0 0
515 31 0 0 0
516 31 0 0 0
517 31 0 0 0
518 31 0 0 0
519 31 0 0 0
520 31 0 0 0
521 31 0 0 0
522 31 0 0 0
523 31 0 0 0
524 31 0 0 0
525 31 0 0 0
526 31 0 0 0
527 31 0 0 0
528 31 0 0 0
529 31 0 0 0
530 31 0 0 0
531 31 0 0 0
532 31 0 0 0
533 31 0 0 0
534 31 0 0 0
535 31 0 0 0
536 31 0 0 0
537 31 0 0 0
538 31 0 0 0
539 31 0 0 0
540 31 0 0 0
541 31 0 0 0
542 31 0 0 0
543 31 0 0 0
544 31 0 0 0
545 31 0 0 0
546 31 0 0 0
547 31 0 0 0
548 31 0 0 0
549 31 0 0 0
550 31 0 0 0
551 31 0 0 0
552 31 0 0 0
553 31 0 0 0
554 31 0 0 0
555 31 0 0 0
556 31 0 0 0
557 31 0 0 0
558 31 0 0 0
559 31 0 0 0
560 31 0 0 0
561 31 0 0 0
562 31 0 0 0
563 31 0 0 0
564 31 0 0 0
565 31 0 0 0
566 31 0 0 0
567 31 0 0 0
568 31 0 0 0
569 31 0 0 0
570 31 0 0 0
571 31 0 0 0
572 31 0 0 0
573 31 0 0 0
574 31 0 0 0
575 31 0 0 0
576 31 0 0 0
577 31 0 0 0
578 31 0 0 0
579 31 0 0 0
580 31 0 0 0
581 31 0 0 0
582 31 0 0 0
583 31 0 0 0
584 31 0 0 0
585 31 0 0 0
586 31 0 0 0
587 31 1 1 1
588 31 1 1 1
589 31 1 1 1
590 31 1 1 1
591 31 1 1 1
592 31 1 1 1
593 31 1 1 1
594 31 1 1 1
595 31 0 0 0
596 31 0 0 0
597 31 0 0 0
598 31 0 0 0
599 31 0 0 0
600 31 0 0 0
601 31 0 0 0
602 31 0 0 0
603 31 0 0 0
604 31 0 0 0
605 31 0 0 0
606 31 0 0 0
607 31 0 0 0
608 31 0 0 0
609 31 0 0 0
610 31 0 0 0
611 31 0 0 0
612 31 0 0 0
613 31 0 0 0
614 31 0 0 0
615 31 0 0 0
616 31 0 0 0
617 31 0 0 0
618 31 0 0 0
619 31 0 0 0
620 31 0 0 0
621 31 0 0 0
622 31 0 0 0
623 31 0 0 0
624 31 0 0 0
625 31 0 0 0
626 31 0 0 0
627 31 0 0 0
628 31 0 0 0
629 31 0 0 0
630 31 0 0 0
631 31 0 0 0
632 31 0 0 0
633 31 0 0 0
634 31 0 0 0
635 31 0 0 0
636 31 0 0 0
637 31 0 0 0
638 31 0 0 0
639 31 0 0 0
0 32 0 0 0
1 32 0 0 0
2 32 0 0 0
3 32 0 0 0
4 32 0 0 0
5 32 0 0 0
6 32 0 0 0
7 32 0 0 0
8 32 0 0 0
9 32 0 0 0
10 32 0 0 0
11 32 0 0 0
12 32 0 0 0
13 32 0 0 0
14 32 0 0 0
15 32 0 0 0
16 32 0 0 0
17 32 0 0 0
18 32 0 0 0
19 32 0 0 0
20 32 0 0 0
21 32 0 0 0
22 32 0 0 0
23 32 0 0 0
24 32 0 0 0
25 32 0 0 0
26 32 0 0 0
27 32 0 0 0
28 32 0 0 0
29 32 0 0 0
30 32 0 0 0
31 32 0 0 0
32 32 0 0 0
33 32 0 0 0
34 32 0 0 0
35 32 0 0 0
36 32 0 0 0
37 32 0 0 0
38 32 0 0 0
39 32 0 0 0
40 32 0 0 0
41 32 0 0 0
42 32 0 0 0
43 32 0 0 0
44 32 0 0 0
45 32 0 0 0
46 32 0 0 0
47 32 0 0 0
48 32 0 0 0
49 32 0 0 0
50 32 0 0 0
51 32 0 0 0
52 32 0 0 0
53 32 0 0 0
54 32 0 0 0
55 32 0 0 0
56 32 0 0 0
57 32 0 0 0
58 32 0 0 0
59 32 0 0 0
60 32 0 0 0
61 32 0 0 0
62 32 0 0 0
63 32 0 0 0
64 32 0 0 0
65 32 0 0 0
66 32 0 0 0
67 32 0 0 0
68 32 0 0 0
69 32 0 0 0
70 32 0 0 0
71 32 0 0 0
72 32 0 0 0
73 32 0 0 0
74 32 0 0 0
75 32 0 0 0
76 32 0 0 0
77 32 0 0 0
78 32 0 0 0
79 32 0 0 0
80 32 0 0 0
81 32 0 0 0
82 32 0 0 0
83 32 0 0 0
84 32 0 0 0
85 32 0 0 0
86 32 0 0 0
87 32 0 0 0
88 32 0 0 0
89 32 0 0 0
90 32 0 0 0
91 32 0 0 0
92 32 0 0 0
93 32 0 0 0
94 32 0 0 0
95 32 0 0 0
96 32 0 0 0
97 32 0 0 0
98 32 0 0 0
99 32 0 0 0
100 32 0 0 0
101 32 0 0 0
102 32 0 0 0
103 32 0 0 0
104 32 0 0 0
105 32 0 0 0
106 32 0 0 0
107 32 0 0 0
108 32 0 0 0
109 32 0 0 0
110 32 0 0 0
111 32 0 0 0
112 32 0 0 0
113 32 0 0 0
114 32 0 0 0
115 32 0 0 0
116 32 0 0 0
117 32 0 0 0
118 32 0 0 0
119 32 0 0 0
120 32 0 0 0
121 32 0 0 0
122 32 0 0 0
123 32 0 0 0
124 32 0 0 0
125 32 0 0 0
126 32 0 0 0
127 32 0 0 0
128 32 0 0 0
129 32 0 0 0
130 32 0 0 0
131 32 0 0 0
132 32 0 0 0
133 32 0 0 0
134 32 0 0 0
135 32 0 0 0
136 32 0 0 0
137 32 0 0 0
138 32 0 0 0
139 32 0 0 0
140 32 0 0 0
141 32 0 0 0
142 32 0 0 0
143 32 0 0 0
144 32 0 0 0
145 32 0 0 0
146 32 0 0 0
147 32 0 0 0
148 32 0 0 0
149 32 0 0 0
150 32 0 0 0
151 32 0 0 0
152 32 0 0 0
153 32 0 0 0
154 32 0 0 0
155 32 0 0 0
156 32 0 0 0
157 32 0 0 0
158 32 0 0 0
159 32 0 0 0
160 32 0 0 0
161 32 0 0 0
162 32 0 0 0
163 32 0 0 0
164 32 0 0 0
165 32 0 0 0
166 32 0 0 0
167 32 0 0 0
168 32 0 0 0
169 32 0 0 0
170 32 0 0 0
171 32 0 0 0
172 32 0 0 0
173 32 0 0 0
174 32 0 0 0
175 32 0 0 0
176 32 0 0 0
177 32 0 0 0
178 32 0 0 0
179 32 0 0 0
180 32 0 0 0
181 32 0 0 0
182 32 0 0 0
183 32 0 0 0
184 32 0 0 0
185 32 0 0 0
186 32 0 0 0
187 32 0 0 0
188 32 0 0 0
189 32 0 0 0
190 32 0 0 0
191 32 0 0 0
192 32 0 0 0
193 32 0 0 0
194 32 0 0 0
195 32 0 0 0
196 32 0 0 0
197 32 0 0 0
198 32 0 0 0
199 32 0 0 0
200 32 0 0 0
201 32 0 0 0
202 32 0 0 0
203 32 0 0 0
204 32 0 0 0
205 32 0 0 0
206 32 0 0 0
207 32 0 0 0
208 32 0 0 0
209 32 0 0 0
210 32 0 0 0
211 32 0 0 0
212 32 0 0 0
213 32 0 0 0
214 32 0 0 0
215 32 0 0 0
216 32 0 0 0
217 32 0 0 0
218 32 0 0 0
219 32 0 0 0
220 32 0 0 0
221 32 0 0 0
222 32 0 0 0
223 32 0 0 0
224 32 0 0 0
225 32 0 0 0
226 32 0 0 0
227 32 0 0 0
228 32 0 0 0
229 32 0 0 0
230 32 0 0 0
231 32 0 0 0
232 32 0 0 0
233 32 0 0 0
234 32 0 0 0
235 32 0 0 0
236 32 0 0 0
237 32 0 0 0
238 32 0 0 0
239 32 0 0 0
240 32 0 0 0
241 32 0 0 0
242 32 0 0 0
243 32 0 0 0
244 32 0 0 0
245 32 0 0 0
246 32 0 0 0
247 32 0 0 0
248 32 0 0 0
249 32 0 0 0
250 32 0 0 0
251 32 0 0 0
252 32 0 0 0
253 32 0 0 0
254 32 0 0 0
255 32 0 0 0
256 32 0 0 0
257 32 0 0 0
258 32 0 0 0
259 32 0 0 0
260 32 0 0 0
261 32 0 0 0
262 32 0 0 0
263 32 0 0 0
264 32 0 0 0
265 32 2 2 2
266 32 2 2 2
267 32 2 2 2
268 32 2 2 2
269 32 1 1 1
270 32 1 1 1
271 32 1 1 1
272 32 1 1 1
273 32 2 2 2
274 32 2 2 2
275 32 2 2 2
276 32 2 2 2
277 32 0 0 0
278 32 0 0 0
279 32 0 0 0
280 32 0 0 0
281 32 0 0 0
282 32 0 0 0
283 32 0 0 0
284 32 0 0 0
285 32 0 0 0
286 32 0 0 0
287 32 0 0 0
288 32 0 0 0
289 32 0 0 0
290 32 0 0 0
291 32 5 5 5
292 32 5 5 5
293 32 4 4 4
294 32 4 4 4
295 32 5 5 5
296 32 5 5 5
297 32 5 5 5
298 32 5 5 5
299 32 9 9 9
300 32 9 9 9
301 32 8 8 8
302 32 8 8 8
303 32 5 5 5
304 32 5 5 5
305 32 7 7 7
306 32 7 7 7
307 32 4 4 4
308 32 4 4 4
309 32 0 0 0
310 32 0 0 0
311 32 0 0 0
312 32 0 0 0
313 32 0 0 0
314 32 0 0 0
315 32 0 0 0
316 32 0 0 0
317 32 0 0 0
318 32 0 0 0
319 32 1 1 1
320 32 1 1 1
321 32 4 4 4
322 32 4 4 4
323 32 5 5 5
324 32 5 5 5
325 32 0 0 0
326 32 0 0 0
327 32 0 0 0
328 32 0 0 0
329 32 0 0 0
330 32 0 0 0
331 32 0 0 0
332 32 0 0 0
333 32 0 0 0
334 32 0 0 0
335 32 0 0 0
336 32 0 0 0
337 32 0 0 0
338 32 0 0 0
339 32 0 0 0
340 32 0 0 0
341 32 0 0 0
342 32 0 0 0
343 32 0 0 0
344 32 0 0 0
345 32 0 0 0
346 32 0 0 0
347 32 0 0 0
348 32 0 0 0
349 32 0 0 0
350 32 0 0 0
351 32 0 0 0
352 32 0 0 0
353 32 0 0 0
354 32 0 0 0
355 32 0 0 0
356 32 0 0 0
357 32 0 0 0
358 32 0 0 0
359 32 0 0 0
360 32 0 0 0
361 32 0 0 0
362 32 0 0 0
363 32 0 0 0
364 32 0 0 0
365 32 0 0 0
366 32 0 0 0
367 32 0 0 0
368 32 0 0 0
369 32 0 0 0
370 32 0 0 0
371 32 0 0 0
372 32 0 0 0
373 32 0 0 0
374 32 0 0 0
375 32 0 0 0
376 32 0 0 0
377 32 0 0 0
378 32 0 0 0
379 32 0 0 0
380 32 0 0 0
381 32 0 0 0
382 32 0 0 0
383 32 0 0 0
384 32 0 0 0
385 32 0 0 0
386 32 0 0 0
387 32 0 0 0
388 32 0 0 0
389 32 0 0 0
390 32 0 0 0
391 32 0 0 0
392 32 0 0 0
393 32 0 0 0
394 32 0 0 0
395 32 0 0 0
396 32 0 0 0
397 32 0 0 0
398 32 0 0 0
399 32 0 0 0
400 32 0 0 0
401 32 0 0 0
402 32 0 0 0
403 32 1 1 1
404 32 1 1 1
405 32 4 4 4
406 32 4 4 4
407 32 5 5 5
408 32 5 5 5
409 32 2 2 2
410 32 2 2 2
411 32 0 0 0
412 32 0 0 0
413 32 0 0 0
414 32 0 0 0
415 32 0 0 0
416 32 0 0 0
417 32 0 0 0
418 32 0 0 0
419 32 0 0 0
420 32 0 0 0
421 32 0 0 0
422 32 0 0 0
423 32 0 0 0
424 32 0 0 0
425 32 0 0 0
426 32 0 0 0
427 32 0 0 0
428 32 0 0 0
429 32 0 0 0
430 32 0 0 0
431 32 0 0 0
432 32 0 0 0
433 32 2 2 2
434 32 2 2 2
435 32 3 3 3
436 32 3 3 3
437 32 3 3 3
438 32 3 3 3
439 32 3 3 3
440 32 3 3 3
441 32 3 3 3
442 32 3 3 3
443 32 3 3 3
444 32 3 3 3
445 32 3 3 3
446 32 3 3 3
447 32 3 3 3
448 32 3 3 3
449 32 3 3 3
450 32 3 3 3
451 32 3 3 3
452 32 3 3 3
453 32 3 3 3
454 32 3 3 3
455 32 3 3 3
456 32 3 3 3
457 32 3 3 3
458 32 3 3 3
459 32 3 3 3
460 32 3 3 3
461 32 3 3 3
462 32 3 3 3
463 32 3 3 3
464 32 3 3 3
465 32 3 3 3
466 32 3 3 3
467 32 2 2 2
468 32 2 2 2
469 32 2 2 2
470 32 2 2 2
471 32 2 2 2
472 32 2 2 2
473 32 2 2 2
474 32 2 2 2
475 32 2 2 2
476 32 2 2 2
477 32 2 2 2
478 32 2 2 2
479 32 0 0 0
480 32 0 0 0
481 32 0 0 0
482 32 0 0 0
483 32 0 0 0
484 32 0 0 0
485 32 0 0 0
486 32 0 0 0
487 32 0 0 0
488 32 0 0 0
489 32 0 0 0
490 32 0 0 0
491 32 0 0 0
492 32 0 0 0
493 32 0 0 0
494 32 0 0 0
495 32 0 0 0
496 32 0 0 0
497 32 0 0 0
498 32 0 0 0
499 32 0 0 0
500 32 0 0 0
501 32 0 0 0
502 32 0 0 0
503 32 0 0 0
504 32 0 0 0
505 32 0 0 0
506 32 0 0 0
507 32 0 0 0
508 32 0 0 0
509 32 0 0 0
510 32 0 0 0
511 32 0 0 0
512 32 0 0 0
513 32 0 0 0
514 32 0 0 0
515 32 0 0 0
516 32 0 0 0
517 32 0 0 0
518 32 0 0 0
519 32 0 0 0
520 32 0 0 0
521 32 0 0 0
522 32 0 0 0
523 32 0 0 0
524 32 0 0 0
525 32 0 0 0
526 32 0 0 0
527 32 0 0 0
528 32 0 0 0
529 32 0 0 0
530 32 0 0 0
531 32 0 0 0
532 32 0 0 0
533 32 0 0 0
534 32 0 0 0
535 32 0 0 0
536 32 0 0 0
537 32 0 0 0
538 32 0 0 0
539 32 0 0 0
540 32 0 0 0
541 32 0 0 0
542 32 0 0 0
543 32 0 0 0
544 32 0 0 0
545 32 0 0 0
546 32 0 0 0
547 32 0 0 0
548 32 0 0 0
549 32 0 0 0
550 32 0 0 0
551 32 0 0 0
552 32 0 0 0
553 32 0 0 0
554 32 0 0 0
555 32 0 0 0
556 32 0 0 0
557 32 0 0 0
558 32 0 0 0
559 32 0 0 0
560 32 0 0 0
561 32 0 0 0
562 32 0 0 0
563 32 0 0 0
564 32 0 0 0
565 32 0 0 0
566 32 0 0 0
567 32 0 0 0
568 32 0 0 0
569 32 0 0 0
570 32 0 0 0
571 32 0 0 0
572 32 0 0 0
573 32 0 0 0
574 32 0 0 0
575 32 0 0 0
576 32 0 0 0
577 32 0 0 0
578 32 0 0 0
579 32 0 0 0
580 32 0 0 0
581 32 0 0 0
582 32 0 0 0
583 32 0 0 0
584 32 0 0 0
585 32 2 2 2
586 32 2 2 2
587 32 2 2 2
588 32 2 2 2
589 32 1 1 1
590 32 1 1 1
591 32 1 1 1
592 32 1 1 1
593 32 2 2 2
594 32 2 2 2
595 32 2 2 2
596 32 2 2 2
597 32 1 1 1
598 32 1 1 1
599 32 0 0 0
600 32 0 0 0
601 32 0 0 0
602 32 0 0 0
603 32 0 0 0
604 32 0 0 0
605 32 0 0 0
606 32 0 0 0
607 32 0 0 0
608 32 0 0 0
609 32 0 0 0
610 32 0 0 0
611 32 0 0 0
612 32 0 0 0
613 32 0 0 0
614 32 0 0 0
615 32 0 0 0
616 32 0 0 0
617 32 0 0 0
618 32 0 0 0
619 32 0 0 0
620 32 0 0 0
621 32 0 0 0
622 32 0 0 0
623 32 0 0 0
624 32 0 0 0
625 32 0 0 0
626 32 0 0 0
627 32 0 0 0
628 32 0 0 0
629 32 0 0 0
630 32 0 0 0
631 32 0 0 0
632 32 0 0 0
633 32 0 0 0
634 32 0 0 0
635 32 0 0 0
636 32 0 0 0
637 32 0 0 0
638 32 0 0 0
639 32 0 0 0
0 33 0 0 0
1 33 0 0 0
2 33 0 0 0
3 33 0 0 0
4 33 0 0 0
5 33 0 0 0
6 33 0 0 0
7 33 0 0 0
8 33 0 0 0
9 33 0 0 0
10 33 0 0 0
11 33 0 0 0
12 33 0 0 0
13 33 0 0 0
14 33 0 0 0
15 33 0 0 0
16 33 0 0 0
17 33 0 0 0
18 33 0 0 0
19 33 0 0 0
20 33 0 0 0
21 33 0 0 0
22 33 0 0 0
23 33 0 0 0
24 33 0 0 0
25 33 0 0 0
26 33 0 0 0
27 33 0 0 0
28 33 0 0 0
29 33 0 0 0
30 33 0 0 0
31 33 0 0 0
32 33 0 0 0
33 33 0 0 0
34 33 0 0 0
35 33 0 0 0
36 33 0 0 0
37 33 0 0 0
38 33 0 0 0
39 33 0 0 0
40 33 0 0 0
41 33 0 0 0
42 33 0 0 0
43 33 0 0 0
44 33 0 0 0
45 33 0 0 0
46 33 0 0 0
47 33 0 0 0
48 33 0 0 0
49 33 0 0 0
50 33 0 0 0
51 33 0 0 0
52 33 0 0 0
53 33 0 0 0
54 33 0 0 0
55 33 0 0 0
56 33 0 0 0
57 33 0 0 0
58 33 0 0 0
59 33 0 0 0
60 33 0 0 0
61 33 0 0 0
62 33 0 0 0
63 33 0 0 0
64 33 0 0 0
65 33 0 0 0
66 33 0 0 0
67 33 0 0 0
68 33 0 0 0
69 33 0 0 0
70 33 0 0 0
71 33 0 0 0
72 33 0 0 0
73 33 0 0 0
74 33 0 0 0
75 33 0 0 0
76 33 0 0 0
77 33 0 0 0
78 33 0 0 0
79 33 0 0 0
80 33 0 0 0
81 33 0 0 0
82 33 0 0 0
83 33 0 0 0
84 33 0 0 0
85 33 0 0 0
86 33 0 0 0
87 33 0 0 0
88 33 0 0 0
89 33 0 0 0
90 33 0 0 0
91 33 0 0 0
92 33 0 0 0
93 33 0 0 0
94 33 0 0 0
95 33 0 0 0
96 33 0 0 0
97 33 0 0 0
98 33 0 0 0
99 33 0 0 0
100 33 0 0 0
101 33 0 0 0
102 33 0 0 0
103 33 0 0 0
104 33 0 0 0
105 33 0 0 0
106 33 0 0 0
107 33 0 0 0
108 33 0 0 0
109 33 0 0 0
110 33 0 0 0
111 33 0 0 0
112 33 0 0 0
113 33 0 0 0
114 33 0 0 0
115 33 0 0 0
116 33 0 0 0
117 33 0 0 0
118 33 0 0 0
119 33 0 0 0
120 33 0 0 0
121 33 0 0 0
122 33 0 0 0
123 33 0 0 0
124 33 0 0 0
125 33 0 0 0
126 33 0 0 0
127 33 0 0 0
128 33 0 0 0
129 33 0 0 0
130 33 0 0 0
131 33 0 0 0
132 33 0 0 0
133 33 0 0 0
134 33 0 0 0
135 33 0 0 0
136 33 0 0 0
137 33 0 0 0
138 33 0 0 0
139 33 0 0 0
140 33 0 0 0
141 33 0 0 0
142 33 0 0 0
143 33 0 0 0
144 33 0 0 0
145 33 0 0 0
146 33 0 0 0
147 33 0 0 0
148 33 0 0 0
149 33 0 0 0
150 33 0 0 0
151 33 0 0 0
152 33 0 0 0
153 33 0 0 0
154 33 0 0 0
155 33 0 0 0
156 33 0 0 0
157 33 0 0 0
158 33 0 0 0
159 33 0 0 0
160 33 0 0 0
161 33 0 0 0
162 33 0 0 0
163 33 0 0 0
164 33 0 0 0
165 33 0 0 0
166 33 0 0 0
167 33 0 0 0
168 33 0 0 0
169 33 0 0 0
170 33 0 0 0
171 33 0 0 0
172 33 0 0 0
173 33 0 0 0
174 33 0 0 0
175 33 0 0 0
176 33 0 0 0
177 33 0 0 0
178 33 0 0 0
179 33 0 0 0
180 33 0 0 0
181 33 0 0 0
182 33 0 0 0
183 33 0 0 0
184 33 0 0 0
185 33 0 0 0
186 33 0 0 0
187 33 0 0 0
188 33 0 0 0
189 33 0 0 0
190 33 0 0 0
191 33 0 0 0
192 33 0 0 0
193 33 0 0 0
194 33 0 0 0
195 33 0 0 0
196 33 0 0 0
197 33 0 0 0
198 33 0 0 0
199 33 0 0 0
200 33 0 0 0
201 33 0 0 0
202 33 0 0 0
203 33 0 0 0
204 33 0 0 0
205 33 0 0 0
206 33 0 0 0
207 33 0 0 0
208 33 0 0 0
209 33 0 0 0
210 33 0 0 0
211 33 0 0 0
212 33 0 0 0
213 33 0 0 0
214 33 0 0 0
215 33 0 0 0
216 33 0 0 0
217 33 0 0 0
218 33 0 0 0
219 33 0 0 0
220 33 0 0 0
221 33 0 0 0
222 33 0 0 0
223 33 0 0 0
224 33 0 0 0
225 33 0 0 0
226 33 0 0 0
227 33 0 0 0
228 33 0 0 0
229 33 0 0 0
230 33 0 0 0
231 33 0 0 0
232 33 0 0 0
233 33 0 0 0
234 33 0 0 0
235 33 0 0 0
236 33 0 0 0
237 33 0 0 0
238 33 0 0 0
239 33 0 0 0
240 33 0 0 0
241 33 0 0 0
242 33 0 0 0
243 33 0 0 0
244 33 0 0 0
245 33 0 0 0
246 33 0 0 0
247 33 0 0 0
248 33 0 0 0
249 33 0 0 0
250 33 0 0 0
251 33 0 0 0
252 33 0 0 0
253 33 0 0 0
254 33 0 0 0
255 33 0 0 0
256 33 0 0 0
257 33 0 0 0
258 33 0 0 0
259 33 0 0 0
260 33 0 0 0
261 33 0 0 0
262 33 0 0 0
263 33 0 0 0
264 33 0 0 0
265 33 2 2 2
266 33 2 2 2
267 33 2 2 2
268 33 2 2 2
269 33 1 1 1
270 33 1 1 1
271 33 1 1 1
272 33 1 1 1
273 33 2 2 2
274 33 2 2 2
275 33 2 2 2
276 33 2 2 2
277 33 0 0 0
278 33 0 0 0
279 33 0 0 0
280 33 0 0 0
281 33 0 0 0
282 33 0 0 0
283 33 0 0 0
284 33 0 0 0
285 33 0 0 0
286 33 0 0 0
287 33 0 0 0
288 33 0 0 0
289 33 0 0 0
290 33 0 0 0
291 33 5 5 5
292 33 5 5 5
293 33 4 4 4
294 33 4 4 4
295 33 5 5 5
296 33 5 5 5
297 33 5 5 5
298 33 5 5 5
299 33 9 9 9
300 33 9 9 9
301 33 8 8 8
302 33 8 8 8
303 33 5 5 5
304 33 5 5 5
305 33 7 7 7
306 33 7 7 7
307 33 4 4 4
308 33 4 4 4
309 33 0 0 0
310 33 0 0 0
311 33 0 0 0
312 33 0 0 0
313 33 0 0 0
314 33 0 0 0
315 33 0 0 0
316 33 0 0 0
317 33 0 0 0
318 33 0 0 0
319 33 1 1 1
320 33 1 1 1
321 33 4 4 4
322 33 4 4 4
323 33 5 5 5
324 33 5 5 5
325 33 0 0 0
326 33 0 0 0
327 33 0 0 0
328 33 0 0 0
329 33 0 0 0
330 33 0 0 0
331 33 0 0 0
332 33 0 0 0
333 33 0 0 0
334 33 0 0 0
335 33 0 0 0
336 33 0 0 0
337 33 0 0 0
338 33 0 0 0
339 33 0 0 0
340 33 0 0 0
341 33 0 0 0
342 33 0 0 0
343 33 0 0 0
344 33 0 0 0
345 33 0 0 0
346 33 0 0 0
347 33 0 0 0
348 33 0 0 0
349 33 0 0 0
350 33 0 0 0
351 33 0 0 0
352 33 0 0 0
353 33 0 0 0
354 33 0 0 0
355 33 0 0 0
356 33 0 0 0
357 33 0 0 0
358 33 0 0 0
359 33 0 0 0
360 33 0 0 0
361 33 0 0 0
362 33 0 0 0
363 33 0 0 0
364 33 0 0 0
365 33 0 0 0
366 33 0 0 0
367 33 0 0 0
368 33 0 0 0
369 33 0 0 0
370 33 0 0 0
371 33 0 0 0
372 33 0 0 0
373 33 0 0 0
374 33 0 0 0
375 33 0 0 0
376 33 0 0 0
377 33 0 0 0
378 33 0 0 0
379 33 0 0 0
380 33 0 0 0
381 33 0 0 0
382 33 0 0 0
383 33 0 0 0
384 33 0 0 0
385 33 0 0 0
386 33 0 0 0
387 33 0 0 0
388 33 0 0 0
389 33 0 0 0
390 33 0 0 0
391 33 0 0 0
392 33 0 0 0
393 33 0 0 0
394 33 0 0 0
395 33 0 0 0
396 33 0 0 0
397 33 0 0 0
398 33 0 0 0
399 33 0 0 0
400 33 0 0 0
401 33 0 0 0
402 33 0 0 0
403 33 1 1 1
404 33 1 1 1
405 33 4 4 4
406 33 4 4 4
407 33 5 5 5
408 33 5 5 5
409 33 2 2 2
410 33 2 2 2
411 33 0 0 0
412 33 0 0 0
413 33 0 0 0
414 33 0 0 0
415 33 0 0 0
416 33 0 0 0
417 33 0 0 0
418 33 0 0 0
419 33 0 0 0
420 33 0 0 0
421 33 0 0 0
422 33 0 0 0
423 33 0 0 0
424 33 0 0 0
425 33 0 0 0
426 33 0 0 0
427 33 0 0 0
428 33 0 0 0
429 33 0 0 0
430 33 0 0 0
431 33 0 0 0
432 33 0 0 0
433 33 2 2 2
434 33 2 2 2
435 33 3 3 3
436 33 3 3 3
437 33 3 3 3
438 33 3 3 3
439 33 3 3 3
440 33 3 3 3
441 33 3 3 3
442 33 3 3 3
443 33 3 3 3
444 33 3 3 3
445 33 3 3 3
446 33 3 3 3
447 33 3 3 3
448 33 3 3 3
449 33 3 3 3
450 33 3 3 3
451 33 3 3 3
452 33 3 3 3
453 33 3 3 3
454 33 3 3 3
455 33 3 3 3
456 33 3 3 3
457 33 3 3 3
458 33 3 3 3
459 33 3 3 3
460 33 3 3 3
461 33 3 3 3
462 33 3 3 3
463 33 3 3 3
464 33 3 3 3
465 33 3 3 3
466 33 3 3 3
467 33 2 2 2
468 33 2 2 2
469 33 2 2 2
470 33 2 2 2
471 33 2 2 2
472 33 2 2 2
473 33 2 2 2
474 33 2 2 2
475 33 2 2 2
476 33 2 2 2
477 33 2 2 2
478 33 2 2 2
479 33 0 0 0
480 33 0 0 0
481 33 0 0 0
482 33 0 0 0
483 33 0 0 0
484 33 0 0 0
485 33 0 0 0
486 33 0 0 0
487 33 0 0 0
488 33 0 0 0
489 33 0 0 0
490 33 0 0 0
491 33 0 0 0
492 33 0 0 0
493 33 0 0 0
494 33 0 0 0
495 33 0 0 0
496 33 0 0 0
497 33 0 0 0
498 33 0 0 0
499 33 0 0 0
500 33 0 0 0
501 33 0 0 0
502 33 0 0 0
503 33 0 0 0
504 33 0 0 0
505 33 0 0 0
506 33 0 0 0
507 33 0 0 0
508 33 0 0 0
509 33 0 0 0
510 33 0 0 0
511 33 0 0 0
512 33 0 0 0
513 33 0 0 0
514 33 0 0 0
515 33 0 0 0
516 33 0 0 0
517 33 0 0 0
518 33 0 0 0
519 33 0 0 0
520 33 0 0 0
521 33 0 0 0
522 33 0 0 0
523 33 0 0 0
524 33 0 0 0
525 33 0 0 0
526 33 0 0 0
527 33 0 0 0
528 33 0 0 0
529 33 0 0 0
530 33 0 0 0
531 33 0 0 0
532 33 0 0 0
533 33 0 0 0
534 33 0 0 0
535 33 0 0 0
536 33 0 0 0
537 33 0 0 0
538 33 0 0 0
539 33 0 0 0
540 33 0 0 0
541 33 0 0 0
542 33 0 0 0
543 33 0 0 0
544 33 0 0 0
545 33 0 0 0
546 33 0 0 0
547 33 0 0 0
548 33 0 0 0
549 33 0 0 0
550 33 0 0 0
551 33 0 0 0
552 33 0 0 0
553 33 0 0 0
554 33 0 0 0
555 33 0 0 0
556 33 0 0 0
557 33 0 0 0
558 33 0 0 0
559 33 0 0 0
560 33 0 0 0
561 33 0 0 0
562 33 0 0 0
563 33 0 0 0
564 33 0 0 0
565 33 0 0 0
566 33 0 0 0
567 33 0 0 0
568 33 0 0 0
569 33 0 0 0
570 33 0 0 0
571 33 0 0 0
572 33 0 0 0
573 33 0 0 0
574 33 0 0 0
575 33 0 0 0
576 33 0 0 0
577 33 0 0 0
578 33 0 0 0
579 33 0 0 0
580 33 0 0 0
581 33 0 0 0
582 33 0 0 0
583 33 0 0 0
584 33 0 0 0
585 33 2 2 2
586 33 2 2 2
587 33 2 2 2
588 33 2 2 2
589 33 1 1 1
590 33 1 1 1
591 33 1 1 1
592 33 1 1 1
593 33 2 2 2
594 33 2 2 2
595 33 2 2 2
596 33 2 2 2
597 33 1 1 1
598 33 1 1 1
599 33 0 0 0
600 33 0 0 0
601 33 0 0 0
602 33 0 0 0
603 33 0 0 0
604 33 0 0 0
605 33 0 0 0
606 33 0 0 0
607 33 0 0 0
608 33 0 0 0
609 33 0 0 0
610 33 0 0 0
611 33 0 0 0
612 33 0 0 0
613 33 0 0 0
614 33 0 0 0
615 33 0 0 0
616 33 0 0 0
617 33 0 0 0
618 33 0 0 0
619 33 0 0 0
620 33 0 0 0
621 33 0 0 0
622 33 0 0 0
623 33 0 0 0
624 33 0 0 0
625 33 0 0 0
626 33 0 0 0
627 33 0 0 0
628 33 0 0 0
629 33 0 0 0
630 33 0 0 0
631 33 0 0 0
632 33 0 0 0
633 33 0 0 0
634 33 0 0 0
635 33 0 0 0
636 33 0 0 0
637 33 0 0 0
638 33 0 0 0
639 33 0 0 0
0 34 0 0 0
1 34 0 0 0
2 34 0 0 0
3 34 0 0 0
4 34 0 0 0
5 34 0 0 0
6 34 0 0 0
7 34 0 0 0
8 34 0 0 0
9 34 0 0 0
10 34 0 0 0
11 34 0 0 0
12 34 0 0 0
13 34 0 0 0
14 34 0 0 0
15 34 0 0 0
16 34 0 0 0
17 34 0 0 0
18 34 0 0 0
19 34 0 0 0
20 34 0 0 0
21 34 0 0 0
22 34 0 0 0
23 34 0 0 0
24 34 0 0 0
25 34 0 0 0
26 34 0 0 0
27 34 0 0 0
28 34 0 0 0
29 34 0 0 0
30 34 0 0 0
31 34 0 0 0
32 34 0 0 0
33 34 0 0 0
34 34 0 0 0
35 34 0 0 0
36 34 0 0 0
37 34 0 0 0
38 34 0 0 0
39 34 0 0 0
40 34 0 0 0
41 34 0 0 0
42 34 0 0 0
43 34 0 0 0
44 34 0 0 0
45 34 0 0 0
46 34 0 0 0
47 34 0 0 0
48 34 0 0 0
49 34 0 0 0
50 34 0 0 0
51 34 0 0 0
52 34 0 0 0
53 34 0 0 0
54 34 0 0 0
55 34 0 0 0
56 34 0 0 0
57 34 0 0 0
58 34 0 0 0
59 34 0 0 0
60 34 0 0 0
61 34 0 0 0
62 34 0 0 0
63 34 0 0 0
64 34 0 0 0
65 34 0 0 0
66 34 0 0 0
67 34 0 0 0
68 34 0 0 0
69 34 0 0 0
70 34 0 0 0
71 34 0 0 0
72 34 0 0 0
73 34 0 0 0
74 34 0 0 0
75 34 0 0 0
76 34 0 0 0
77 34 0 0 0
78 34 0 0 0
79 34 0 0 0
80 34 0 0 0
81 34 0 0 0
82 34 0 0 0
83 34 0 0 0
84 34 0 0 0
85 34 0 0 0
86 34 0 0 0
87 34 0 0 0
88 34 0 0 0
89 34 0 0 0
90 34 0 0 0
91 34 0 0 0
92 34 0 0 0
93 34 0 0 0
94 34 0 0 0
95 34 0 0 0
96 34 0 0 0
97 34 0 0 0
98 34 0 0 0
99 34 0 0 0
100 34 0 0 0
101 34 0 0 0
102 34 0 0 0
103 34 0 0 0
104 34 0 0 0
105 34 0 0 0
106 34 0 0 0
107 34 0 0 0
108 34 0 0 0
109 34 0 0 0
110 34 0 0 0
111 34 0 0 0
112 34 0 0 0
113 34 0 0 0
114 34 0 0 0
115 34 0 0 0
116 34 0 0 0
117 34 0 0 0
118 34 0 0 0
119 34 0 0 0
120 34 0 0 0
121 34 0 0 0
122 34 0 0 0
123 34 0 0 0
124 34 0 0 0
125 34 0 0 0
126 34 0 0 0
127 34 0 0 0
128 34 0 0 0
129 34 0 0 0
130 34 0 0 0
131 34 0 0 0
132 34 0 0 0
133 34 0 0 0
134 34 0 0 0
135 34 0 0 0
136 34 0 0 0
137 34 0 0 0
138 34 0 0 0
139 34 0 0 0
140 34 0 0 0
141 34 0 0 0
142 34 0 0 0
143 34 0 0 0
144 34 0 0 0
145 34 0 0 0
146 34 0 0 0
147 34 0 0 0
148 34 0 0 0
149 34 0 0 0
150 34 0 0 0
151 34 0 0 0
152 34 0 0 0
153 34 0 0 0
154 34 0 0 0
155 34 0 0 0
156 34 0 0 0
157 34 0 0 0
158 34 0 0 0
159 34 0 0 0
160 34 0 0 0
161 34 0 0 0
162 34 0 0 0
163 34 0 0 0
164 34 0 0 0
165 34 0 0 0
166 34 0 0 0
167 34 0 0 0
168 34 0 0 0
169 34 0 0 0
170 34 0 0 0
171 34 0 0 0
172 34 0 0 0
173 34 0 0 0
174 34 0 0 0
175 34 0 0 0
176 34 0 0 0
177 34 0 0 0
178 34 0 0 0
179 34 0 0 0
180 34 0 0 0
181 34 0 0 0
182 34 0 0 0
183 34 0 0 0
184 34 0 0 0
185 34 0 0 0
186 34 0 0 0
187 34 0 0 0
188 34 0 0 0
189 34 0 0 0
190 34 0 0 0
191 34 0 0 0
192 34 0 0 0
193 34 0 0 0
194 34 0 0 0
195 34 0 0 0
196 34 0 0 0
197 34 0 0 0
198 34 0 0 0
199 34 0 0 0
200 34 0 0 0
201 34 0 0 0
202 34 0 0 0
203 34 0 0 0
204 34 0 0 0
205 34 0 0 0
206 34 0 0 0
207 34 0 0 0
208 34 0 0 0
209 34 0 0 0
210 34 0 0 0
211 34 0 0 0
212 34 0 0 0
213 34 0 0 0
214 34 0 0 0
215 34 0 0 0
216 34 0 0 0
217 34 0 0 0
218 34 0 0 0
219 34 0 0 0
220 34 0 0 0
221 34 0 0 0
222 34 0 0 0
223 34 0 0 0
224 34 0 0 0
225 34 0 0 0
226 34 0 0 0
227 34 0 0 0
228 34 0 0 0
229 34 0 0 0
230 34 0 0 0
231 34 0 0 0
232 34 0 0 0
233 34 0 0 0
234 34 0 0 0
235 34 0 0 0
236 34 0 0 0
237 34 0 0 0
238 34 0 0 0
239 34 0 0 0
240 34 0 0 0
241 34 0 0 0
242 34 0 0 0
243 34 0 0 0
244 34 0 0 0
245 34 0 0 0
246 34 0 0 0
247 34 0 0 0
248 34 0 0 0
249 34 0 0 0
250 34 0 0 0
251 34 0 0 0
252 34 0 0 0
253 34 0 0 0
254 34 0 0 0
255 34 0 0 0
256 34 0 0 0
257 34 0 0 0
258 34 0 0 0
259 34 0 0 0
260 34 0 0 0
261 34 0 0 0
262 34 0 0 0
263 34 2 2 2
264 34 2 2 2
265 34 1 1 1
266 34 1 1 1
267 34 0 0 0
268 34 0 0 0
269 34 0 0 0
270 34 0 0 0
271 34 1 1 1
272 34 1 1 1
273 34 2 2 2
274 34 2 2 2
275 34 1 1 1
276 34 1 1 1
277 34 1 1 1
278 34 1 1 1
279 34 0 0 0
280 34 0 0 0
281 34 0 0 0
282 34 0 0 0
283 34 0 0 0
284 34 0 0 0
285 34 0 0 0
286 34 0 0 0
287 34 0 0 0
288 34 0 0 0
289 34 0 0 0
290 34 0 0 0
291 34 4 4 4
292 34 4 4 4
293 34 4 4 4
294 34 4 4 4
295 34 4 4 4
296 34 4 4 4
297 34 4 4 4
298 34 4 4 4
299 34 8 8 8
300 34 8 8 8
301 34 a a a
302 34 a a a
303 34 8 8 8
304 34 8 8 8
305 34 5 5 5
306 34 5 5 5
307 34 7 7 7
308 34 7 7 7
309 34 6 6 6
310 34 6 6 6
311 34 1 1 1
312 34 1 1 1
313 34 0 0 0
314 34 0 0 0
315 34 0 0 0
316 34 0 0 0
317 34 0 0 0
318 34 0 0 0
319 34 2 2 2
320 34 2 2 2
321 34 4 4 4
322 34 4 4 4
323 34 5 5 5
324 34 5 5 5
325 34 0 0 0
326 34 0 0 0
327 34 0 0 0
328 34 0 0 0
329 34 0 0 0
330 34 0 0 0
331 34 0 0 0
332 34 0 0 0
333 34 0 0 0
334 34 0 0 0
335 34 0 0 0
336 34 0 0 0
337 34 0 0 0
338 34 0 0 0
339 34 0 0 0
340 34 0 0 0
341 34 0 0 0
342 34 0 0 0
343 34 0 0 0
344 34 0 0 0
345 34 0 0 0
346 34 0 0 0
347 34 0 0 0
348 34 0 0 0
349 34 0 0 0
350 34 0 0 0
351 34 0 0 0
352 34 0 0 0
353 34 0 0 0
354 34 0 0 0
355 34 0 0 0
356 34 0 0 0
357 34 0 0 0
358 34 0 0 0
359 34 0 0 0
360 34 0 0 0
361 34 0 0 0
362 34 0 0 0
363 34 0 0 0
364 34 0 0 0
365 34 0 0 0
366 34 0 0 0
367 34 0 0 0
368 34 0 0 0
369 34 0 0 0
370 34 0 0 0
371 34 0 0 0
372 34 0 0 0
373 34 0 0 0
374 34 0 0 0
375 34 0 0 0
376 34 0 0 0
377 34 0 0 0
378 34 0 0 0
379 34 0 0 0
380 34 0 0 0
381 34 0 0 0
382 34 0 0 0
383 34 0 0 0
384 34 0 0 0
385 34 0 0 0
386 34 0 0 0
387 34 0 0 0
388 34 0 0 0
389 34 0 0 0
390 34 0 0 0
391 34 0 0 0
392 34 0 0 0
393 34 0 0 0
394 34 0 0 0
395 34 0 0 0
396 34 0 0 0
397 34 0 0 0
398 34 0 0 0
399 34 0 0 0
400 34 0 0 0
401 34 0 0 0
402 34 0 0 0
403 34 2 2 2
404 34 2 2 2
405 34 4 4 4
406 34 4 4 4
407 34 4 4 4
408 34 4 4 4
409 34 2 2 2
410 34 2 2 2
411 34 0 0 0
412 34 0 0 0
413 34 0 0 0
414 34 0 0 0
415 34 0 0 0
416 34 0 0 0
417 34 0 0 0
418 34 0 0 0
419 34 0 0 0
420 34 0 0 0
421 34 0 0 0
422 34 0 0 0
423 34 0 0 0
424 34 0 0 0
425 34 0 0 0
426 34 0 0 0
427 34 0 0 0
428 34 0 0 0
429 34 1 1 1
430 34 1 1 1
431 34 3 3 3
432 34 3 3 3
433 34 3 3 3
434 34 3 3 3
435 34 3 3 3
436 34 3 3 3
437 34 3 3 3
438 34 3 3 3
439 34 3 3 3
440 34 3 3 3
441 34 3 3 3
442 34 3 3 3
443 34 3 3 3
444 34 3 3 3
445 34 3 3 3
446 34 3 3 3
447 34 3 3 3
448 34 3 3 3
449 34 3 3 3
450 34 3 3 3
451 34 3 3 3
452 34 3 3 3
453 34 3 3 3
454 34 3 3 3
455 34 3 3 3
456 34 3 3 3
457 34 3 3 3
458 34 3 3 3
459 34 3 3 3
460 34 3 3 3
461 34 2 2 2
462 34 2 2 2
463 34 2 2 2
464 34 2 2 2
465 34 2 2 2
466 34 2 2 2
467 34 2 2 2
468 34 2 2 2
469 34 2 2 2
470 34 2 2 2
471 34 2 2 2
472 34 2 2 2
473 34 2 2 2
474 34 2 2 2
475 34 2 2 2
476 34 2 2 2
477 34 2 2 2
478 34 2 2 2
479 34 3 3 3
480 34 3 3 3
481 34 1 1 1
482 34 1 1 1
483 34 1 1 1
484 34 1 1 1
485 34 1 1 1
486 34 1 1 1
487 34 1 1 1
488 34 1 1 1
489 34 0 0 0
490 34 0 0 0
491 34 0 0 0
492 34 0 0 0
493 34 0 0 0
494 34 0 0 0
495 34 0 0 0
496 34 0 0 0
497 34 0 0 0
498 34 0 0 0
499 34 0 0 0
500 34 0 0 0
501 34 0 0 0
502 34 0 0 0
503 34 0 0 0
504 34 0 0 0
505 34 0 0 0
506 34 0 0 0
507 34 0 0 0
508 34 0 0 0
509 34 0 0 0
510 34 0 0 0
511 34 0 0 0
512 34 0 0 0
513 34 0 0 0
514 34 0 0 0
515 34 0 0 0
516 34 0 0 0
517 34 0 0 0
518 34 0 0 0
519 34 0 0 0
520 34 0 0 0
521 34 0 0 0
522 34 0 0 0
523 34 0 0 0
524 34 0 0 0
525 34 0 0 0
526 34 0 0 0
527 34 0 0 0
528 34 0 0 0
529 34 0 0 0
530 34 0 0 0
531 34 0 0 0
532 34 0 0 0
533 34 0 0 0
534 34 0 0 0
535 34 0 0 0
536 34 0 0 0
537 34 0 0 0
538 34 0 0 0
539 34 0 0 0
540 34 0 0 0
541 34 0 0 0
542 34 0 0 0
543 34 0 0 0
544 34 0 0 0
545 34 0 0 0
546 34 0 0 0
547 34 0 0 0
548 34 0 0 0
549 34 0 0 0
550 34 0 0 0
551 34 0 0 0
552 34 0 0 0
553 34 0 0 0
554 34 0 0 0
555 34 0 0 0
556 34 0 0 0
557 34 0 0 0
558 34 0 0 0
559 34 0 0 0
560 34 0 0 0
561 34 0 0 0
562 34 0 0 0
563 34 0 0 0
564 34 0 0 0
565 34 0 0 0
566 34 0 0 0
567 34 0 0 0
568 34 0 0 0
569 34 0 0 0
570 34 0 0 0
571 34 0 0 0
572 34 0 0 0
573 34 0 0 0
574 34 0 0 0
575 34 0 0 0
576 34 0 0 0
577 34 0 0 0
578 34 0 0 0
579 34 0 0 0
580 34 0 0 0
581 34 0 0 0
582 34 0 0 0
583 34 1 1 1
584 34 1 1 1
585 34 2 2 2
586 34 2 2 2
587 34 0 0 0
588 34 0 0 0
589 34 0 0 0
590 34 0 0 0
591 34 1 1 1
592 34 1 1 1
593 34 2 2 2
594 34 2 2 2
595 34 1 1 1
596 34 1 1 1
597 34 1 1 1
598 34 1 1 1
599 34 0 0 0
600 34 0 0 0
601 34 0 0 0
602 34 0 0 0
603 34 0 0 0
604 34 0 0 0
605 34 0 0 0
606 34 0 0 0
607 34 0 0 0
608 34 0 0 0
609 34 0 0 0
610 34 0 0 0
611 34 0 0 0
612 34 0 0 0
613 34 0 0 0
614 34 0 0 0
615 34 0 0 0
616 34 0 0 0
617 34 0 0 0
618 34 0 0 0
619 34 0 0 0
620 34 0 0 0
621 34 0 0 0
622 34 0 0 0
623 34 0 0 0
624 34 0 0 0
625 34 0 0 0
626 34 0 0 0
627 34 0 0 0
628 34 0 0 0
629 34 0 0 0
630 34 0 0 0
631 34 0 0 0
632 34 0 0 0
633 34 0 0 0
634 34 0 0 0
635 34 0 0 0
636 34 0 0 0
637 34 0 0 0
638 34 0 0 0
639 34 0 0 0
0 35 0 0 0
1 35 0 0 0
2 35 0 0 0
3 35 0 0 0
4 35 0 0 0
5 35 0 0 0
6 35 0 0 0
7 35 0 0 0
8 35 0 0 0
9 35 0 0 0
10 35 0 0 0
11 35 0 0 0
12 35 0 0 0
13 35 0 0 0
14 35 0 0 0
15 35 0 0 0
16 35 0 0 0
17 35 0 0 0
18 35 0 0 0
19 35 0 0 0
20 35 0 0 0
21 35 0 0 0
22 35 0 0 0
23 35 0 0 0
24 35 0 0 0
25 35 0 0 0
26 35 0 0 0
27 35 0 0 0
28 35 0 0 0
29 35 0 0 0
30 35 0 0 0
31 35 0 0 0
32 35 0 0 0
33 35 0 0 0
34 35 0 0 0
35 35 0 0 0
36 35 0 0 0
37 35 0 0 0
38 35 0 0 0
39 35 0 0 0
40 35 0 0 0
41 35 0 0 0
42 35 0 0 0
43 35 0 0 0
44 35 0 0 0
45 35 0 0 0
46 35 0 0 0
47 35 0 0 0
48 35 0 0 0
49 35 0 0 0
50 35 0 0 0
51 35 0 0 0
52 35 0 0 0
53 35 0 0 0
54 35 0 0 0
55 35 0 0 0
56 35 0 0 0
57 35 0 0 0
58 35 0 0 0
59 35 0 0 0
60 35 0 0 0
61 35 0 0 0
62 35 0 0 0
63 35 0 0 0
64 35 0 0 0
65 35 0 0 0
66 35 0 0 0
67 35 0 0 0
68 35 0 0 0
69 35 0 0 0
70 35 0 0 0
71 35 0 0 0
72 35 0 0 0
73 35 0 0 0
74 35 0 0 0
75 35 0 0 0
76 35 0 0 0
77 35 0 0 0
78 35 0 0 0
79 35 0 0 0
80 35 0 0 0
81 35 0 0 0
82 35 0 0 0
83 35 0 0 0
84 35 0 0 0
85 35 0 0 0
86 35 0 0 0
87 35 0 0 0
88 35 0 0 0
89 35 0 0 0
90 35 0 0 0
91 35 0 0 0
92 35 0 0 0
93 35 0 0 0
94 35 0 0 0
95 35 0 0 0
96 35 0 0 0
97 35 0 0 0
98 35 0 0 0
99 35 0 0 0
100 35 0 0 0
101 35 0 0 0
102 35 0 0 0
103 35 0 0 0
104 35 0 0 0
105 35 0 0 0
106 35 0 0 0
107 35 0 0 0
108 35 0 0 0
109 35 0 0 0
110 35 0 0 0
111 35 0 0 0
112 35 0 0 0
113 35 0 0 0
114 35 0 0 0
115 35 0 0 0
116 35 0 0 0
117 35 0 0 0
118 35 0 0 0
119 35 0 0 0
120 35 0 0 0
121 35 0 0 0
122 35 0 0 0
123 35 0 0 0
124 35 0 0 0
125 35 0 0 0
126 35 0 0 0
127 35 0 0 0
128 35 0 0 0
129 35 0 0 0
130 35 0 0 0
131 35 0 0 0
132 35 0 0 0
133 35 0 0 0
134 35 0 0 0
135 35 0 0 0
136 35 0 0 0
137 35 0 0 0
138 35 0 0 0
139 35 0 0 0
140 35 0 0 0
141 35 0 0 0
142 35 0 0 0
143 35 0 0 0
144 35 0 0 0
145 35 0 0 0
146 35 0 0 0
147 35 0 0 0
148 35 0 0 0
149 35 0 0 0
150 35 0 0 0
151 35 0 0 0
152 35 0 0 0
153 35 0 0 0
154 35 0 0 0
155 35 0 0 0
156 35 0 0 0
157 35 0 0 0
158 35 0 0 0
159 35 0 0 0
160 35 0 0 0
161 35 0 0 0
162 35 0 0 0
163 35 0 0 0
164 35 0 0 0
165 35 0 0 0
166 35 0 0 0
167 35 0 0 0
168 35 0 0 0
169 35 0 0 0
170 35 0 0 0
171 35 0 0 0
172 35 0 0 0
173 35 0 0 0
174 35 0 0 0
175 35 0 0 0
176 35 0 0 0
177 35 0 0 0
178 35 0 0 0
179 35 0 0 0
180 35 0 0 0
181 35 0 0 0
182 35 0 0 0
183 35 0 0 0
184 35 0 0 0
185 35 0 0 0
186 35 0 0 0
187 35 0 0 0
188 35 0 0 0
189 35 0 0 0
190 35 0 0 0
191 35 0 0 0
192 35 0 0 0
193 35 0 0 0
194 35 0 0 0
195 35 0 0 0
196 35 0 0 0
197 35 0 0 0
198 35 0 0 0
199 35 0 0 0
200 35 0 0 0
201 35 0 0 0
202 35 0 0 0
203 35 0 0 0
204 35 0 0 0
205 35 0 0 0
206 35 0 0 0
207 35 0 0 0
208 35 0 0 0
209 35 0 0 0
210 35 0 0 0
211 35 0 0 0
212 35 0 0 0
213 35 0 0 0
214 35 0 0 0
215 35 0 0 0
216 35 0 0 0
217 35 0 0 0
218 35 0 0 0
219 35 0 0 0
220 35 0 0 0
221 35 0 0 0
222 35 0 0 0
223 35 0 0 0
224 35 0 0 0
225 35 0 0 0
226 35 0 0 0
227 35 0 0 0
228 35 0 0 0
229 35 0 0 0
230 35 0 0 0
231 35 0 0 0
232 35 0 0 0
233 35 0 0 0
234 35 0 0 0
235 35 0 0 0
236 35 0 0 0
237 35 0 0 0
238 35 0 0 0
239 35 0 0 0
240 35 0 0 0
241 35 0 0 0
242 35 0 0 0
243 35 0 0 0
244 35 0 0 0
245 35 0 0 0
246 35 0 0 0
247 35 0 0 0
248 35 0 0 0
249 35 0 0 0
250 35 0 0 0
251 35 0 0 0
252 35 0 0 0
253 35 0 0 0
254 35 0 0 0
255 35 0 0 0
256 35 0 0 0
257 35 0 0 0
258 35 0 0 0
259 35 0 0 0
260 35 0 0 0
261 35 0 0 0
262 35 0 0 0
263 35 2 2 2
264 35 2 2 2
265 35 1 1 1
266 35 1 1 1
267 35 0 0 0
268 35 0 0 0
269 35 0 0 0
270 35 0 0 0
271 35 1 1 1
272 35 1 1 1
273 35 2 2 2
274 35 2 2 2
275 35 1 1 1
276 35 1 1 1
277 35 1 1 1
278 35 1 1 1
279 35 0 0 0
280 35 0 0 0
281 35 0 0 0
282 35 0 0 0
283 35 0 0 0
284 35 0 0 0
285 35 0 0 0
286 35 0 0 0
287 35 0 0 0
288 35 0 0 0
289 35 0 0 0
290 35 0 0 0
291 35 4 4 4
292 35 4 4 4
293 35 4 4 4
294 35 4 4 4
295 35 4 4 4
296 35 4 4 4
297 35 4 4 4
298 35 4 4 4
299 35 8 8 8
300 35 8 8 8
301 35 a a a
302 35 a a a
303 35 8 8 8
304 35 8 8 8
305 35 5 5 5
306 35 5 5 5
307 35 7 7 7
308 35 7 7 7
309 35 6 6 6
310 35 6 6 6
311 35 1 1 1
312 35 1 1 1
313 35 0 0 0
314 35 0 0 0
315 35 0 0 0
316 35 0 0 0
317 35 0 0 0
318 35 0 0 0
319 35 2 2 2
320 35 2 2 2
321 35 4 4 4
322 35 4 4 4
323 35 5 5 5
324 35 5 5 5
325 35 0 0 0
326 35 0 0 0
327 35 0 0 0
328 35 0 0 0
329 35 0 0 0
330 35 0 0 0
331 35 0 0 0
332 35 0 0 0
333 35 0 0 0
334 35 0 0 0
335 35 0 0 0
336 35 0 0 0
337 35 0 0 0
338 35 0 0 0
339 35 0 0 0
340 35 0 0 0
341 35 0 0 0
342 35 0 0 0
343 35 0 0 0
344 35 0 0 0
345 35 0 0 0
346 35 0 0 0
347 35 0 0 0
348 35 0 0 0
349 35 0 0 0
350 35 0 0 0
351 35 0 0 0
352 35 0 0 0
353 35 0 0 0
354 35 0 0 0
355 35 0 0 0
356 35 0 0 0
357 35 0 0 0
358 35 0 0 0
359 35 0 0 0
360 35 0 0 0
361 35 0 0 0
362 35 0 0 0
363 35 0 0 0
364 35 0 0 0
365 35 0 0 0
366 35 0 0 0
367 35 0 0 0
368 35 0 0 0
369 35 0 0 0
370 35 0 0 0
371 35 0 0 0
372 35 0 0 0
373 35 0 0 0
374 35 0 0 0
375 35 0 0 0
376 35 0 0 0
377 35 0 0 0
378 35 0 0 0
379 35 0 0 0
380 35 0 0 0
381 35 0 0 0
382 35 0 0 0
383 35 0 0 0
384 35 0 0 0
385 35 0 0 0
386 35 0 0 0
387 35 0 0 0
388 35 0 0 0
389 35 0 0 0
390 35 0 0 0
391 35 0 0 0
392 35 0 0 0
393 35 0 0 0
394 35 0 0 0
395 35 0 0 0
396 35 0 0 0
397 35 0 0 0
398 35 0 0 0
399 35 0 0 0
400 35 0 0 0
401 35 0 0 0
402 35 0 0 0
403 35 2 2 2
404 35 2 2 2
405 35 4 4 4
406 35 4 4 4
407 35 4 4 4
408 35 4 4 4
409 35 2 2 2
410 35 2 2 2
411 35 0 0 0
412 35 0 0 0
413 35 0 0 0
414 35 0 0 0
415 35 0 0 0
416 35 0 0 0
417 35 0 0 0
418 35 0 0 0
419 35 0 0 0
420 35 0 0 0
421 35 0 0 0
422 35 0 0 0
423 35 0 0 0
424 35 0 0 0
425 35 0 0 0
426 35 0 0 0
427 35 0 0 0
428 35 0 0 0
429 35 1 1 1
430 35 1 1 1
431 35 3 3 3
432 35 3 3 3
433 35 3 3 3
434 35 3 3 3
435 35 3 3 3
436 35 3 3 3
437 35 3 3 3
438 35 3 3 3
439 35 3 3 3
440 35 3 3 3
441 35 3 3 3
442 35 3 3 3
443 35 3 3 3
444 35 3 3 3
445 35 3 3 3
446 35 3 3 3
447 35 3 3 3
448 35 3 3 3
449 35 3 3 3
450 35 3 3 3
451 35 3 3 3
452 35 3 3 3
453 35 3 3 3
454 35 3 3 3
455 35 3 3 3
456 35 3 3 3
457 35 3 3 3
458 35 3 3 3
459 35 3 3 3
460 35 3 3 3
461 35 2 2 2
462 35 2 2 2
463 35 2 2 2
464 35 2 2 2
465 35 2 2 2
466 35 2 2 2
467 35 2 2 2
468 35 2 2 2
469 35 2 2 2
470 35 2 2 2
471 35 2 2 2
472 35 2 2 2
473 35 2 2 2
474 35 2 2 2
475 35 2 2 2
476 35 2 2 2
477 35 2 2 2
478 35 2 2 2
479 35 3 3 3
480 35 3 3 3
481 35 1 1 1
482 35 1 1 1
483 35 1 1 1
484 35 1 1 1
485 35 1 1 1
486 35 1 1 1
487 35 1 1 1
488 35 1 1 1
489 35 0 0 0
490 35 0 0 0
491 35 0 0 0
492 35 0 0 0
493 35 0 0 0
494 35 0 0 0
495 35 0 0 0
496 35 0 0 0
497 35 0 0 0
498 35 0 0 0
499 35 0 0 0
500 35 0 0 0
501 35 0 0 0
502 35 0 0 0
503 35 0 0 0
504 35 0 0 0
505 35 0 0 0
506 35 0 0 0
507 35 0 0 0
508 35 0 0 0
509 35 0 0 0
510 35 0 0 0
511 35 0 0 0
512 35 0 0 0
513 35 0 0 0
514 35 0 0 0
515 35 0 0 0
516 35 0 0 0
517 35 0 0 0
518 35 0 0 0
519 35 0 0 0
520 35 0 0 0
521 35 0 0 0
522 35 0 0 0
523 35 0 0 0
524 35 0 0 0
525 35 0 0 0
526 35 0 0 0
527 35 0 0 0
528 35 0 0 0
529 35 0 0 0
530 35 0 0 0
531 35 0 0 0
532 35 0 0 0
533 35 0 0 0
534 35 0 0 0
535 35 0 0 0
536 35 0 0 0
537 35 0 0 0
538 35 0 0 0
539 35 0 0 0
540 35 0 0 0
541 35 0 0 0
542 35 0 0 0
543 35 0 0 0
544 35 0 0 0
545 35 0 0 0
546 35 0 0 0
547 35 0 0 0
548 35 0 0 0
549 35 0 0 0
550 35 0 0 0
551 35 0 0 0
552 35 0 0 0
553 35 0 0 0
554 35 0 0 0
555 35 0 0 0
556 35 0 0 0
557 35 0 0 0
558 35 0 0 0
559 35 0 0 0
560 35 0 0 0
561 35 0 0 0
562 35 0 0 0
563 35 0 0 0
564 35 0 0 0
565 35 0 0 0
566 35 0 0 0
567 35 0 0 0
568 35 0 0 0
569 35 0 0 0
570 35 0 0 0
571 35 0 0 0
572 35 0 0 0
573 35 0 0 0
574 35 0 0 0
575 35 0 0 0
576 35 0 0 0
577 35 0 0 0
578 35 0 0 0
579 35 0 0 0
580 35 0 0 0
581 35 0 0 0
582 35 0 0 0
583 35 1 1 1
584 35 1 1 1
585 35 2 2 2
586 35 2 2 2
587 35 0 0 0
588 35 0 0 0
589 35 0 0 0
590 35 0 0 0
591 35 1 1 1
592 35 1 1 1
593 35 2 2 2
594 35 2 2 2
595 35 1 1 1
596 35 1 1 1
597 35 1 1 1
598 35 1 1 1
599 35 0 0 0
600 35 0 0 0
601 35 0 0 0
602 35 0 0 0
603 35 0 0 0
604 35 0 0 0
605 35 0 0 0
606 35 0 0 0
607 35 0 0 0
608 35 0 0 0
609 35 0 0 0
610 35 0 0 0
611 35 0 0 0
612 35 0 0 0
613 35 0 0 0
614 35 0 0 0
615 35 0 0 0
616 35 0 0 0
617 35 0 0 0
618 35 0 0 0
619 35 0 0 0
620 35 0 0 0
621 35 0 0 0
622 35 0 0 0
623 35 0 0 0
624 35 0 0 0
625 35 0 0 0
626 35 0 0 0
627 35 0 0 0
628 35 0 0 0
629 35 0 0 0
630 35 0 0 0
631 35 0 0 0
632 35 0 0 0
633 35 0 0 0
634 35 0 0 0
635 35 0 0 0
636 35 0 0 0
637 35 0 0 0
638 35 0 0 0
639 35 0 0 0
0 36 0 0 0
1 36 0 0 0
2 36 0 0 0
3 36 0 0 0
4 36 0 0 0
5 36 0 0 0
6 36 0 0 0
7 36 0 0 0
8 36 0 0 0
9 36 0 0 0
10 36 0 0 0
11 36 0 0 0
12 36 0 0 0
13 36 0 0 0
14 36 0 0 0
15 36 0 0 0
16 36 0 0 0
17 36 0 0 0
18 36 0 0 0
19 36 0 0 0
20 36 0 0 0
21 36 0 0 0
22 36 0 0 0
23 36 0 0 0
24 36 0 0 0
25 36 0 0 0
26 36 0 0 0
27 36 0 0 0
28 36 0 0 0
29 36 0 0 0
30 36 0 0 0
31 36 0 0 0
32 36 0 0 0
33 36 0 0 0
34 36 0 0 0
35 36 0 0 0
36 36 0 0 0
37 36 0 0 0
38 36 0 0 0
39 36 0 0 0
40 36 0 0 0
41 36 0 0 0
42 36 0 0 0
43 36 0 0 0
44 36 0 0 0
45 36 0 0 0
46 36 0 0 0
47 36 0 0 0
48 36 0 0 0
49 36 0 0 0
50 36 0 0 0
51 36 0 0 0
52 36 0 0 0
53 36 0 0 0
54 36 0 0 0
55 36 0 0 0
56 36 0 0 0
57 36 0 0 0
58 36 0 0 0
59 36 0 0 0
60 36 0 0 0
61 36 0 0 0
62 36 0 0 0
63 36 0 0 0
64 36 0 0 0
65 36 0 0 0
66 36 0 0 0
67 36 0 0 0
68 36 0 0 0
69 36 0 0 0
70 36 0 0 0
71 36 0 0 0
72 36 0 0 0
73 36 0 0 0
74 36 0 0 0
75 36 0 0 0
76 36 0 0 0
77 36 0 0 0
78 36 0 0 0
79 36 0 0 0
80 36 0 0 0
81 36 0 0 0
82 36 0 0 0
83 36 0 0 0
84 36 0 0 0
85 36 0 0 0
86 36 0 0 0
87 36 0 0 0
88 36 0 0 0
89 36 0 0 0
90 36 0 0 0
91 36 0 0 0
92 36 0 0 0
93 36 0 0 0
94 36 0 0 0
95 36 0 0 0
96 36 0 0 0
97 36 0 0 0
98 36 0 0 0
99 36 0 0 0
100 36 0 0 0
101 36 0 0 0
102 36 0 0 0
103 36 0 0 0
104 36 0 0 0
105 36 0 0 0
106 36 0 0 0
107 36 0 0 0
108 36 0 0 0
109 36 0 0 0
110 36 0 0 0
111 36 0 0 0
112 36 0 0 0
113 36 0 0 0
114 36 0 0 0
115 36 0 0 0
116 36 0 0 0
117 36 0 0 0
118 36 0 0 0
119 36 0 0 0
120 36 0 0 0
121 36 0 0 0
122 36 0 0 0
123 36 0 0 0
124 36 0 0 0
125 36 0 0 0
126 36 0 0 0
127 36 0 0 0
128 36 0 0 0
129 36 0 0 0
130 36 0 0 0
131 36 0 0 0
132 36 0 0 0
133 36 0 0 0
134 36 0 0 0
135 36 0 0 0
136 36 0 0 0
137 36 0 0 0
138 36 0 0 0
139 36 0 0 0
140 36 0 0 0
141 36 0 0 0
142 36 0 0 0
143 36 0 0 0
144 36 0 0 0
145 36 0 0 0
146 36 0 0 0
147 36 0 0 0
148 36 0 0 0
149 36 0 0 0
150 36 0 0 0
151 36 0 0 0
152 36 0 0 0
153 36 0 0 0
154 36 0 0 0
155 36 0 0 0
156 36 0 0 0
157 36 0 0 0
158 36 0 0 0
159 36 0 0 0
160 36 0 0 0
161 36 0 0 0
162 36 0 0 0
163 36 0 0 0
164 36 0 0 0
165 36 0 0 0
166 36 0 0 0
167 36 0 0 0
168 36 0 0 0
169 36 0 0 0
170 36 0 0 0
171 36 0 0 0
172 36 0 0 0
173 36 0 0 0
174 36 0 0 0
175 36 0 0 0
176 36 0 0 0
177 36 0 0 0
178 36 0 0 0
179 36 0 0 0
180 36 0 0 0
181 36 0 0 0
182 36 0 0 0
183 36 0 0 0
184 36 0 0 0
185 36 0 0 0
186 36 0 0 0
187 36 0 0 0
188 36 0 0 0
189 36 0 0 0
190 36 0 0 0
191 36 0 0 0
192 36 0 0 0
193 36 0 0 0
194 36 0 0 0
195 36 0 0 0
196 36 0 0 0
197 36 0 0 0
198 36 0 0 0
199 36 0 0 0
200 36 0 0 0
201 36 0 0 0
202 36 0 0 0
203 36 0 0 0
204 36 0 0 0
205 36 0 0 0
206 36 0 0 0
207 36 0 0 0
208 36 0 0 0
209 36 0 0 0
210 36 0 0 0
211 36 0 0 0
212 36 0 0 0
213 36 0 0 0
214 36 0 0 0
215 36 0 0 0
216 36 0 0 0
217 36 0 0 0
218 36 0 0 0
219 36 0 0 0
220 36 0 0 0
221 36 0 0 0
222 36 0 0 0
223 36 0 0 0
224 36 0 0 0
225 36 0 0 0
226 36 0 0 0
227 36 0 0 0
228 36 0 0 0
229 36 0 0 0
230 36 0 0 0
231 36 0 0 0
232 36 0 0 0
233 36 0 0 0
234 36 0 0 0
235 36 0 0 0
236 36 0 0 0
237 36 0 0 0
238 36 0 0 0
239 36 0 0 0
240 36 0 0 0
241 36 0 0 0
242 36 0 0 0
243 36 0 0 0
244 36 0 0 0
245 36 0 0 0
246 36 0 0 0
247 36 0 0 0
248 36 0 0 0
249 36 0 0 0
250 36 0 0 0
251 36 0 0 0
252 36 0 0 0
253 36 0 0 0
254 36 0 0 0
255 36 0 0 0
256 36 0 0 0
257 36 0 0 0
258 36 0 0 0
259 36 0 0 0
260 36 0 0 0
261 36 0 0 0
262 36 0 0 0
263 36 2 2 2
264 36 2 2 2
265 36 0 0 0
266 36 0 0 0
267 36 0 0 0
268 36 0 0 0
269 36 2 2 2
270 36 2 2 2
271 36 2 2 2
272 36 2 2 2
273 36 0 0 0
274 36 0 0 0
275 36 0 0 0
276 36 0 0 0
277 36 2 2 2
278 36 2 2 2
279 36 0 0 0
280 36 0 0 0
281 36 0 0 0
282 36 0 0 0
283 36 0 0 0
284 36 0 0 0
285 36 0 0 0
286 36 0 0 0
287 36 0 0 0
288 36 0 0 0
289 36 0 0 0
290 36 0 0 0
291 36 2 2 2
292 36 2 2 2
293 36 5 5 5
294 36 5 5 5
295 36 4 4 4
296 36 4 4 4
297 36 4 4 4
298 36 4 4 4
299 36 6 6 6
300 36 6 6 6
301 36 9 9 9
302 36 9 9 9
303 36 a a a
304 36 a a a
305 36 9 9 9
306 36 9 9 9
307 36 6 6 6
308 36 6 6 6
309 36 7 7 7
310 36 7 7 7
311 36 7 7 7
312 36 7 7 7
313 36 2 2 2
314 36 2 2 2
315 36 0 0 0
316 36 0 0 0
317 36 0 0 0
318 36 0 0 0
319 36 4 4 4
320 36 4 4 4
321 36 4 4 4
322 36 4 4 4
323 36 4 4 4
324 36 4 4 4
325 36 1 1 1
326 36 1 1 1
327 36 0 0 0
328 36 0 0 0
329 36 0 0 0
330 36 0 0 0
331 36 0 0 0
332 36 0 0 0
333 36 0 0 0
334 36 0 0 0
335 36 0 0 0
336 36 0 0 0
337 36 0 0 0
338 36 0 0 0
339 36 0 0 0
340 36 0 0 0
341 36 0 0 0
342 36 0 0 0
343 36 0 0 0
344 36 0 0 0
345 36 0 0 0
346 36 0 0 0
347 36 0 0 0
348 36 0 0 0
349 36 0 0 0
350 36 0 0 0
351 36 0 0 0
352 36 0 0 0
353 36 0 0 0
354 36 0 0 0
355 36 0 0 0
356 36 0 0 0
357 36 0 0 0
358 36 0 0 0
359 36 0 0 0
360 36 0 0 0
361 36 0 0 0
362 36 0 0 0
363 36 0 0 0
364 36 0 0 0
365 36 0 0 0
366 36 0 0 0
367 36 0 0 0
368 36 0 0 0
369 36 0 0 0
370 36 0 0 0
371 36 0 0 0
372 36 0 0 0
373 36 0 0 0
374 36 0 0 0
375 36 0 0 0
376 36 0 0 0
377 36 0 0 0
378 36 0 0 0
379 36 0 0 0
380 36 0 0 0
381 36 0 0 0
382 36 0 0 0
383 36 0 0 0
384 36 0 0 0
385 36 0 0 0
386 36 0 0 0
387 36 0 0 0
388 36 0 0 0
389 36 0 0 0
390 36 0 0 0
391 36 0 0 0
392 36 0 0 0
393 36 0 0 0
394 36 0 0 0
395 36 0 0 0
396 36 0 0 0
397 36 0 0 0
398 36 0 0 0
399 36 0 0 0
400 36 0 0 0
401 36 0 0 0
402 36 0 0 0
403 36 2 2 2
404 36 2 2 2
405 36 4 4 4
406 36 4 4 4
407 36 4 4 4
408 36 4 4 4
409 36 3 3 3
410 36 3 3 3
411 36 0 0 0
412 36 0 0 0
413 36 0 0 0
414 36 0 0 0
415 36 0 0 0
416 36 0 0 0
417 36 0 0 0
418 36 0 0 0
419 36 0 0 0
420 36 0 0 0
421 36 0 0 0
422 36 0 0 0
423 36 0 0 0
424 36 0 0 0
425 36 0 0 0
426 36 0 0 0
427 36 2 2 2
428 36 2 2 2
429 36 4 4 4
430 36 4 4 4
431 36 3 3 3
432 36 3 3 3
433 36 3 3 3
434 36 3 3 3
435 36 3 3 3
436 36 3 3 3
437 36 3 3 3
438 36 3 3 3
439 36 3 3 3
440 36 3 3 3
441 36 3 3 3
442 36 3 3 3
443 36 3 3 3
444 36 3 3 3
445 36 3 3 3
446 36 3 3 3
447 36 3 3 3
448 36 3 3 3
449 36 3 3 3
450 36 3 3 3
451 36 3 3 3
452 36 3 3 3
453 36 3 3 3
454 36 3 3 3
455 36 2 2 2
456 36 2 2 2
457 36 2 2 2
458 36 2 2 2
459 36 2 2 2
460 36 2 2 2
461 36 2 2 2
462 36 2 2 2
463 36 2 2 2
464 36 2 2 2
465 36 2 2 2
466 36 2 2 2
467 36 2 2 2
468 36 2 2 2
469 36 2 2 2
470 36 2 2 2
471 36 3 3 3
472 36 3 3 3
473 36 3 3 3
474 36 3 3 3
475 36 3 3 3
476 36 3 3 3
477 36 4 4 4
478 36 4 4 4
479 36 4 4 4
480 36 4 4 4
481 36 5 5 5
482 36 5 5 5
483 36 5 5 5
484 36 5 5 5
485 36 5 5 5
486 36 5 5 5
487 36 5 5 5
488 36 5 5 5
489 36 5 5 5
490 36 5 5 5
491 36 4 4 4
492 36 4 4 4
493 36 4 4 4
494 36 4 4 4
495 36 4 4 4
496 36 4 4 4
497 36 2 2 2
498 36 2 2 2
499 36 1 1 1
500 36 1 1 1
501 36 0 0 0
502 36 0 0 0
503 36 0 0 0
504 36 0 0 0
505 36 0 0 0
506 36 0 0 0
507 36 0 0 0
508 36 0 0 0
509 36 0 0 0
510 36 0 0 0
511 36 0 0 0
512 36 0 0 0
513 36 0 0 0
514 36 0 0 0
515 36 0 0 0
516 36 0 0 0
517 36 0 0 0
518 36 0 0 0
519 36 0 0 0
520 36 0 0 0
521 36 0 0 0
522 36 0 0 0
523 36 0 0 0
524 36 0 0 0
525 36 0 0 0
526 36 0 0 0
527 36 0 0 0
528 36 0 0 0
529 36 0 0 0
530 36 0 0 0
531 36 0 0 0
532 36 0 0 0
533 36 0 0 0
534 36 0 0 0
535 36 0 0 0
536 36 0 0 0
537 36 0 0 0
538 36 0 0 0
539 36 0 0 0
540 36 0 0 0
541 36 0 0 0
542 36 0 0 0
543 36 0 0 0
544 36 0 0 0
545 36 0 0 0
546 36 0 0 0
547 36 0 0 0
548 36 0 0 0
549 36 0 0 0
550 36 0 0 0
551 36 0 0 0
552 36 0 0 0
553 36 0 0 0
554 36 0 0 0
555 36 0 0 0
556 36 0 0 0
557 36 0 0 0
558 36 0 0 0
559 36 0 0 0
560 36 0 0 0
561 36 0 0 0
562 36 0 0 0
563 36 0 0 0
564 36 0 0 0
565 36 0 0 0
566 36 0 0 0
567 36 0 0 0
568 36 0 0 0
569 36 0 0 0
570 36 0 0 0
571 36 0 0 0
572 36 0 0 0
573 36 0 0 0
574 36 0 0 0
575 36 0 0 0
576 36 0 0 0
577 36 0 0 0
578 36 0 0 0
579 36 0 0 0
580 36 0 0 0
581 36 0 0 0
582 36 0 0 0
583 36 2 2 2
584 36 2 2 2
585 36 1 1 1
586 36 1 1 1
587 36 0 0 0
588 36 0 0 0
589 36 2 2 2
590 36 2 2 2
591 36 2 2 2
592 36 2 2 2
593 36 0 0 0
594 36 0 0 0
595 36 0 0 0
596 36 0 0 0
597 36 2 2 2
598 36 2 2 2
599 36 1 1 1
600 36 1 1 1
601 36 0 0 0
602 36 0 0 0
603 36 0 0 0
604 36 0 0 0
605 36 0 0 0
606 36 0 0 0
607 36 0 0 0
608 36 0 0 0
609 36 0 0 0
610 36 0 0 0
611 36 0 0 0
612 36 0 0 0
613 36 0 0 0
614 36 0 0 0
615 36 0 0 0
616 36 0 0 0
617 36 0 0 0
618 36 0 0 0
619 36 0 0 0
620 36 0 0 0
621 36 0 0 0
622 36 0 0 0
623 36 0 0 0
624 36 0 0 0
625 36 0 0 0
626 36 0 0 0
627 36 0 0 0
628 36 0 0 0
629 36 0 0 0
630 36 0 0 0
631 36 0 0 0
632 36 0 0 0
633 36 0 0 0
634 36 0 0 0
635 36 0 0 0
636 36 0 0 0
637 36 0 0 0
638 36 0 0 0
639 36 0 0 0
0 37 0 0 0
1 37 0 0 0
2 37 0 0 0
3 37 0 0 0
4 37 0 0 0
5 37 0 0 0
6 37 0 0 0
7 37 0 0 0
8 37 0 0 0
9 37 0 0 0
10 37 0 0 0
11 37 0 0 0
12 37 0 0 0
13 37 0 0 0
14 37 0 0 0
15 37 0 0 0
16 37 0 0 0
17 37 0 0 0
18 37 0 0 0
19 37 0 0 0
20 37 0 0 0
21 37 0 0 0
22 37 0 0 0
23 37 0 0 0
24 37 0 0 0
25 37 0 0 0
26 37 0 0 0
27 37 0 0 0
28 37 0 0 0
29 37 0 0 0
30 37 0 0 0
31 37 0 0 0
32 37 0 0 0
33 37 0 0 0
34 37 0 0 0
35 37 0 0 0
36 37 0 0 0
37 37 0 0 0
38 37 0 0 0
39 37 0 0 0
40 37 0 0 0
41 37 0 0 0
42 37 0 0 0
43 37 0 0 0
44 37 0 0 0
45 37 0 0 0
46 37 0 0 0
47 37 0 0 0
48 37 0 0 0
49 37 0 0 0
50 37 0 0 0
51 37 0 0 0
52 37 0 0 0
53 37 0 0 0
54 37 0 0 0
55 37 0 0 0
56 37 0 0 0
57 37 0 0 0
58 37 0 0 0
59 37 0 0 0
60 37 0 0 0
61 37 0 0 0
62 37 0 0 0
63 37 0 0 0
64 37 0 0 0
65 37 0 0 0
66 37 0 0 0
67 37 0 0 0
68 37 0 0 0
69 37 0 0 0
70 37 0 0 0
71 37 0 0 0
72 37 0 0 0
73 37 0 0 0
74 37 0 0 0
75 37 0 0 0
76 37 0 0 0
77 37 0 0 0
78 37 0 0 0
79 37 0 0 0
80 37 0 0 0
81 37 0 0 0
82 37 0 0 0
83 37 0 0 0
84 37 0 0 0
85 37 0 0 0
86 37 0 0 0
87 37 0 0 0
88 37 0 0 0
89 37 0 0 0
90 37 0 0 0
91 37 0 0 0
92 37 0 0 0
93 37 0 0 0
94 37 0 0 0
95 37 0 0 0
96 37 0 0 0
97 37 0 0 0
98 37 0 0 0
99 37 0 0 0
100 37 0 0 0
101 37 0 0 0
102 37 0 0 0
103 37 0 0 0
104 37 0 0 0
105 37 0 0 0
106 37 0 0 0
107 37 0 0 0
108 37 0 0 0
109 37 0 0 0
110 37 0 0 0
111 37 0 0 0
112 37 0 0 0
113 37 0 0 0
114 37 0 0 0
115 37 0 0 0
116 37 0 0 0
117 37 0 0 0
118 37 0 0 0
119 37 0 0 0
120 37 0 0 0
121 37 0 0 0
122 37 0 0 0
123 37 0 0 0
124 37 0 0 0
125 37 0 0 0
126 37 0 0 0
127 37 0 0 0
128 37 0 0 0
129 37 0 0 0
130 37 0 0 0
131 37 0 0 0
132 37 0 0 0
133 37 0 0 0
134 37 0 0 0
135 37 0 0 0
136 37 0 0 0
137 37 0 0 0
138 37 0 0 0
139 37 0 0 0
140 37 0 0 0
141 37 0 0 0
142 37 0 0 0
143 37 0 0 0
144 37 0 0 0
145 37 0 0 0
146 37 0 0 0
147 37 0 0 0
148 37 0 0 0
149 37 0 0 0
150 37 0 0 0
151 37 0 0 0
152 37 0 0 0
153 37 0 0 0
154 37 0 0 0
155 37 0 0 0
156 37 0 0 0
157 37 0 0 0
158 37 0 0 0
159 37 0 0 0
160 37 0 0 0
161 37 0 0 0
162 37 0 0 0
163 37 0 0 0
164 37 0 0 0
165 37 0 0 0
166 37 0 0 0
167 37 0 0 0
168 37 0 0 0
169 37 0 0 0
170 37 0 0 0
171 37 0 0 0
172 37 0 0 0
173 37 0 0 0
174 37 0 0 0
175 37 0 0 0
176 37 0 0 0
177 37 0 0 0
178 37 0 0 0
179 37 0 0 0
180 37 0 0 0
181 37 0 0 0
182 37 0 0 0
183 37 0 0 0
184 37 0 0 0
185 37 0 0 0
186 37 0 0 0
187 37 0 0 0
188 37 0 0 0
189 37 0 0 0
190 37 0 0 0
191 37 0 0 0
192 37 0 0 0
193 37 0 0 0
194 37 0 0 0
195 37 0 0 0
196 37 0 0 0
197 37 0 0 0
198 37 0 0 0
199 37 0 0 0
200 37 0 0 0
201 37 0 0 0
202 37 0 0 0
203 37 0 0 0
204 37 0 0 0
205 37 0 0 0
206 37 0 0 0
207 37 0 0 0
208 37 0 0 0
209 37 0 0 0
210 37 0 0 0
211 37 0 0 0
212 37 0 0 0
213 37 0 0 0
214 37 0 0 0
215 37 0 0 0
216 37 0 0 0
217 37 0 0 0
218 37 0 0 0
219 37 0 0 0
220 37 0 0 0
221 37 0 0 0
222 37 0 0 0
223 37 0 0 0
224 37 0 0 0
225 37 0 0 0
226 37 0 0 0
227 37 0 0 0
228 37 0 0 0
229 37 0 0 0
230 37 0 0 0
231 37 0 0 0
232 37 0 0 0
233 37 0 0 0
234 37 0 0 0
235 37 0 0 0
236 37 0 0 0
237 37 0 0 0
238 37 0 0 0
239 37 0 0 0
240 37 0 0 0
241 37 0 0 0
242 37 0 0 0
243 37 0 0 0
244 37 0 0 0
245 37 0 0 0
246 37 0 0 0
247 37 0 0 0
248 37 0 0 0
249 37 0 0 0
250 37 0 0 0
251 37 0 0 0
252 37 0 0 0
253 37 0 0 0
254 37 0 0 0
255 37 0 0 0
256 37 0 0 0
257 37 0 0 0
258 37 0 0 0
259 37 0 0 0
260 37 0 0 0
261 37 0 0 0
262 37 0 0 0
263 37 2 2 2
264 37 2 2 2
265 37 0 0 0
266 37 0 0 0
267 37 0 0 0
268 37 0 0 0
269 37 2 2 2
270 37 2 2 2
271 37 2 2 2
272 37 2 2 2
273 37 0 0 0
274 37 0 0 0
275 37 0 0 0
276 37 0 0 0
277 37 2 2 2
278 37 2 2 2
279 37 0 0 0
280 37 0 0 0
281 37 0 0 0
282 37 0 0 0
283 37 0 0 0
284 37 0 0 0
285 37 0 0 0
286 37 0 0 0
287 37 0 0 0
288 37 0 0 0
289 37 0 0 0
290 37 0 0 0
291 37 2 2 2
292 37 2 2 2
293 37 5 5 5
294 37 5 5 5
295 37 4 4 4
296 37 4 4 4
297 37 4 4 4
298 37 4 4 4
299 37 6 6 6
300 37 6 6 6
301 37 9 9 9
302 37 9 9 9
303 37 a a a
304 37 a a a
305 37 9 9 9
306 37 9 9 9
307 37 6 6 6
308 37 6 6 6
309 37 7 7 7
310 37 7 7 7
311 37 7 7 7
312 37 7 7 7
313 37 2 2 2
314 37 2 2 2
315 37 0 0 0
316 37 0 0 0
317 37 0 0 0
318 37 0 0 0
319 37 4 4 4
320 37 4 4 4
321 37 4 4 4
322 37 4 4 4
323 37 4 4 4
324 37 4 4 4
325 37 1 1 1
326 37 1 1 1
327 37 0 0 0
328 37 0 0 0
329 37 0 0 0
330 37 0 0 0
331 37 0 0 0
332 37 0 0 0
333 37 0 0 0
334 37 0 0 0
335 37 0 0 0
336 37 0 0 0
337 37 0 0 0
338 37 0 0 0
339 37 0 0 0
340 37 0 0 0
341 37 0 0 0
342 37 0 0 0
343 37 0 0 0
344 37 0 0 0
345 37 0 0 0
346 37 0 0 0
347 37 0 0 0
348 37 0 0 0
349 37 0 0 0
350 37 0 0 0
351 37 0 0 0
352 37 0 0 0
353 37 0 0 0
354 37 0 0 0
355 37 0 0 0
356 37 0 0 0
357 37 0 0 0
358 37 0 0 0
359 37 0 0 0
360 37 0 0 0
361 37 0 0 0
362 37 0 0 0
363 37 0 0 0
364 37 0 0 0
365 37 0 0 0
366 37 0 0 0
367 37 0 0 0
368 37 0 0 0
369 37 0 0 0
370 37 0 0 0
371 37 0 0 0
372 37 0 0 0
373 37 0 0 0
374 37 0 0 0
375 37 0 0 0
376 37 0 0 0
377 37 0 0 0
378 37 0 0 0
379 37 0 0 0
380 37 0 0 0
381 37 0 0 0
382 37 0 0 0
383 37 0 0 0
384 37 0 0 0
385 37 0 0 0
386 37 0 0 0
387 37 0 0 0
388 37 0 0 0
389 37 0 0 0
390 37 0 0 0
391 37 0 0 0
392 37 0 0 0
393 37 0 0 0
394 37 0 0 0
395 37 0 0 0
396 37 0 0 0
397 37 0 0 0
398 37 0 0 0
399 37 0 0 0
400 37 0 0 0
401 37 0 0 0
402 37 0 0 0
403 37 2 2 2
404 37 2 2 2
405 37 4 4 4
406 37 4 4 4
407 37 4 4 4
408 37 4 4 4
409 37 3 3 3
410 37 3 3 3
411 37 0 0 0
412 37 0 0 0
413 37 0 0 0
414 37 0 0 0
415 37 0 0 0
416 37 0 0 0
417 37 0 0 0
418 37 0 0 0
419 37 0 0 0
420 37 0 0 0
421 37 0 0 0
422 37 0 0 0
423 37 0 0 0
424 37 0 0 0
425 37 0 0 0
426 37 0 0 0
427 37 2 2 2
428 37 2 2 2
429 37 4 4 4
430 37 4 4 4
431 37 3 3 3
432 37 3 3 3
433 37 3 3 3
434 37 3 3 3
435 37 3 3 3
436 37 3 3 3
437 37 3 3 3
438 37 3 3 3
439 37 3 3 3
440 37 3 3 3
441 37 3 3 3
442 37 3 3 3
443 37 3 3 3
444 37 3 3 3
445 37 3 3 3
446 37 3 3 3
447 37 3 3 3
448 37 3 3 3
449 37 3 3 3
450 37 3 3 3
451 37 3 3 3
452 37 3 3 3
453 37 3 3 3
454 37 3 3 3
455 37 2 2 2
456 37 2 2 2
457 37 2 2 2
458 37 2 2 2
459 37 2 2 2
460 37 2 2 2
461 37 2 2 2
462 37 2 2 2
463 37 2 2 2
464 37 2 2 2
465 37 2 2 2
466 37 2 2 2
467 37 2 2 2
468 37 2 2 2
469 37 2 2 2
470 37 2 2 2
471 37 3 3 3
472 37 3 3 3
473 37 3 3 3
474 37 3 3 3
475 37 3 3 3
476 37 3 3 3
477 37 4 4 4
478 37 4 4 4
479 37 4 4 4
480 37 4 4 4
481 37 5 5 5
482 37 5 5 5
483 37 5 5 5
484 37 5 5 5
485 37 5 5 5
486 37 5 5 5
487 37 5 5 5
488 37 5 5 5
489 37 5 5 5
490 37 5 5 5
491 37 4 4 4
492 37 4 4 4
493 37 4 4 4
494 37 4 4 4
495 37 4 4 4
496 37 4 4 4
497 37 2 2 2
498 37 2 2 2
499 37 1 1 1
500 37 1 1 1
501 37 0 0 0
502 37 0 0 0
503 37 0 0 0
504 37 0 0 0
505 37 0 0 0
506 37 0 0 0
507 37 0 0 0
508 37 0 0 0
509 37 0 0 0
510 37 0 0 0
511 37 0 0 0
512 37 0 0 0
513 37 0 0 0
514 37 0 0 0
515 37 0 0 0
516 37 0 0 0
517 37 0 0 0
518 37 0 0 0
519 37 0 0 0
520 37 0 0 0
521 37 0 0 0
522 37 0 0 0
523 37 0 0 0
524 37 0 0 0
525 37 0 0 0
526 37 0 0 0
527 37 0 0 0
528 37 0 0 0
529 37 0 0 0
530 37 0 0 0
531 37 0 0 0
532 37 0 0 0
533 37 0 0 0
534 37 0 0 0
535 37 0 0 0
536 37 0 0 0
537 37 0 0 0
538 37 0 0 0
539 37 0 0 0
540 37 0 0 0
541 37 0 0 0
542 37 0 0 0
543 37 0 0 0
544 37 0 0 0
545 37 0 0 0
546 37 0 0 0
547 37 0 0 0
548 37 0 0 0
549 37 0 0 0
550 37 0 0 0
551 37 0 0 0
552 37 0 0 0
553 37 0 0 0
554 37 0 0 0
555 37 0 0 0
556 37 0 0 0
557 37 0 0 0
558 37 0 0 0
559 37 0 0 0
560 37 0 0 0
561 37 0 0 0
562 37 0 0 0
563 37 0 0 0
564 37 0 0 0
565 37 0 0 0
566 37 0 0 0
567 37 0 0 0
568 37 0 0 0
569 37 0 0 0
570 37 0 0 0
571 37 0 0 0
572 37 0 0 0
573 37 0 0 0
574 37 0 0 0
575 37 0 0 0
576 37 0 0 0
577 37 0 0 0
578 37 0 0 0
579 37 0 0 0
580 37 0 0 0
581 37 0 0 0
582 37 0 0 0
583 37 2 2 2
584 37 2 2 2
585 37 1 1 1
586 37 1 1 1
587 37 0 0 0
588 37 0 0 0
589 37 2 2 2
590 37 2 2 2
591 37 2 2 2
592 37 2 2 2
593 37 0 0 0
594 37 0 0 0
595 37 0 0 0
596 37 0 0 0
597 37 2 2 2
598 37 2 2 2
599 37 1 1 1
600 37 1 1 1
601 37 0 0 0
602 37 0 0 0
603 37 0 0 0
604 37 0 0 0
605 37 0 0 0
606 37 0 0 0
607 37 0 0 0
608 37 0 0 0
609 37 0 0 0
610 37 0 0 0
611 37 0 0 0
612 37 0 0 0
613 37 0 0 0
614 37 0 0 0
615 37 0 0 0
616 37 0 0 0
617 37 0 0 0
618 37 0 0 0
619 37 0 0 0
620 37 0 0 0
621 37 0 0 0
622 37 0 0 0
623 37 0 0 0
624 37 0 0 0
625 37 0 0 0
626 37 0 0 0
627 37 0 0 0
628 37 0 0 0
629 37 0 0 0
630 37 0 0 0
631 37 0 0 0
632 37 0 0 0
633 37 0 0 0
634 37 0 0 0
635 37 0 0 0
636 37 0 0 0
637 37 0 0 0
638 37 0 0 0
639 37 0 0 0
0 38 0 0 0
1 38 0 0 0
2 38 0 0 0
3 38 0 0 0
4 38 0 0 0
5 38 0 0 0
6 38 0 0 0
7 38 0 0 0
8 38 0 0 0
9 38 0 0 0
10 38 0 0 0
11 38 0 0 0
12 38 0 0 0
13 38 0 0 0
14 38 0 0 0
15 38 0 0 0
16 38 0 0 0
17 38 0 0 0
18 38 0 0 0
19 38 0 0 0
20 38 0 0 0
21 38 0 0 0
22 38 0 0 0
23 38 0 0 0
24 38 0 0 0
25 38 0 0 0
26 38 0 0 0
27 38 0 0 0
28 38 0 0 0
29 38 0 0 0
30 38 0 0 0
31 38 0 0 0
32 38 0 0 0
33 38 0 0 0
34 38 0 0 0
35 38 0 0 0
36 38 0 0 0
37 38 0 0 0
38 38 0 0 0
39 38 0 0 0
40 38 0 0 0
41 38 0 0 0
42 38 0 0 0
43 38 0 0 0
44 38 0 0 0
45 38 0 0 0
46 38 0 0 0
47 38 0 0 0
48 38 0 0 0
49 38 0 0 0
50 38 0 0 0
51 38 0 0 0
52 38 0 0 0
53 38 0 0 0
54 38 0 0 0
55 38 0 0 0
56 38 0 0 0
57 38 0 0 0
58 38 0 0 0
59 38 0 0 0
60 38 0 0 0
61 38 0 0 0
62 38 0 0 0
63 38 0 0 0
64 38 0 0 0
65 38 0 0 0
66 38 0 0 0
67 38 0 0 0
68 38 0 0 0
69 38 0 0 0
70 38 0 0 0
71 38 0 0 0
72 38 0 0 0
73 38 0 0 0
74 38 0 0 0
75 38 0 0 0
76 38 0 0 0
77 38 0 0 0
78 38 0 0 0
79 38 0 0 0
80 38 0 0 0
81 38 0 0 0
82 38 0 0 0
83 38 0 0 0
84 38 0 0 0
85 38 0 0 0
86 38 0 0 0
87 38 0 0 0
88 38 0 0 0
89 38 0 0 0
90 38 0 0 0
91 38 0 0 0
92 38 0 0 0
93 38 0 0 0
94 38 0 0 0
95 38 0 0 0
96 38 0 0 0
97 38 0 0 0
98 38 0 0 0
99 38 0 0 0
100 38 0 0 0
101 38 0 0 0
102 38 0 0 0
103 38 0 0 0
104 38 0 0 0
105 38 0 0 0
106 38 0 0 0
107 38 0 0 0
108 38 0 0 0
109 38 0 0 0
110 38 0 0 0
111 38 0 0 0
112 38 0 0 0
113 38 0 0 0
114 38 0 0 0
115 38 0 0 0
116 38 0 0 0
117 38 0 0 0
118 38 0 0 0
119 38 0 0 0
120 38 0 0 0
121 38 0 0 0
122 38 0 0 0
123 38 0 0 0
124 38 0 0 0
125 38 0 0 0
126 38 0 0 0
127 38 0 0 0
128 38 0 0 0
129 38 0 0 0
130 38 0 0 0
131 38 0 0 0
132 38 0 0 0
133 38 0 0 0
134 38 0 0 0
135 38 0 0 0
136 38 0 0 0
137 38 0 0 0
138 38 0 0 0
139 38 0 0 0
140 38 0 0 0
141 38 0 0 0
142 38 0 0 0
143 38 0 0 0
144 38 0 0 0
145 38 0 0 0
146 38 0 0 0
147 38 0 0 0
148 38 0 0 0
149 38 0 0 0
150 38 0 0 0
151 38 0 0 0
152 38 0 0 0
153 38 0 0 0
154 38 0 0 0
155 38 0 0 0
156 38 0 0 0
157 38 0 0 0
158 38 0 0 0
159 38 0 0 0
160 38 0 0 0
161 38 0 0 0
162 38 0 0 0
163 38 0 0 0
164 38 0 0 0
165 38 0 0 0
166 38 0 0 0
167 38 0 0 0
168 38 0 0 0
169 38 0 0 0
170 38 0 0 0
171 38 0 0 0
172 38 0 0 0
173 38 0 0 0
174 38 0 0 0
175 38 0 0 0
176 38 0 0 0
177 38 0 0 0
178 38 0 0 0
179 38 0 0 0
180 38 0 0 0
181 38 0 0 0
182 38 0 0 0
183 38 0 0 0
184 38 0 0 0
185 38 0 0 0
186 38 0 0 0
187 38 0 0 0
188 38 0 0 0
189 38 0 0 0
190 38 0 0 0
191 38 0 0 0
192 38 0 0 0
193 38 0 0 0
194 38 0 0 0
195 38 0 0 0
196 38 0 0 0
197 38 0 0 0
198 38 0 0 0
199 38 0 0 0
200 38 0 0 0
201 38 0 0 0
202 38 0 0 0
203 38 0 0 0
204 38 0 0 0
205 38 0 0 0
206 38 0 0 0
207 38 0 0 0
208 38 0 0 0
209 38 0 0 0
210 38 0 0 0
211 38 0 0 0
212 38 0 0 0
213 38 0 0 0
214 38 0 0 0
215 38 0 0 0
216 38 0 0 0
217 38 0 0 0
218 38 0 0 0
219 38 0 0 0
220 38 0 0 0
221 38 0 0 0
222 38 0 0 0
223 38 0 0 0
224 38 0 0 0
225 38 0 0 0
226 38 0 0 0
227 38 0 0 0
228 38 0 0 0
229 38 0 0 0
230 38 0 0 0
231 38 0 0 0
232 38 0 0 0
233 38 0 0 0
234 38 0 0 0
235 38 0 0 0
236 38 0 0 0
237 38 0 0 0
238 38 0 0 0
239 38 0 0 0
240 38 0 0 0
241 38 0 0 0
242 38 0 0 0
243 38 0 0 0
244 38 0 0 0
245 38 0 0 0
246 38 0 0 0
247 38 0 0 0
248 38 0 0 0
249 38 0 0 0
250 38 0 0 0
251 38 0 0 0
252 38 0 0 0
253 38 0 0 0
254 38 0 0 0
255 38 0 0 0
256 38 0 0 0
257 38 0 0 0
258 38 0 0 0
259 38 0 0 0
260 38 0 0 0
261 38 0 0 0
262 38 0 0 0
263 38 2 2 2
264 38 2 2 2
265 38 2 2 2
266 38 2 2 2
267 38 1 1 1
268 38 1 1 1
269 38 1 1 1
270 38 1 1 1
271 38 0 0 0
272 38 0 0 0
273 38 0 0 0
274 38 0 0 0
275 38 1 1 1
276 38 1 1 1
277 38 2 2 2
278 38 2 2 2
279 38 0 0 0
280 38 0 0 0
281 38 0 0 0
282 38 0 0 0
283 38 0 0 0
284 38 0 0 0
285 38 0 0 0
286 38 0 0 0
287 38 0 0 0
288 38 0 0 0
289 38 0 0 0
290 38 0 0 0
291 38 1 1 1
292 38 1 1 1
293 38 5 5 5
294 38 5 5 5
295 38 4 4 4
296 38 4 4 4
297 38 4 4 4
298 38 4 4 4
299 38 5 5 5
300 38 5 5 5
301 38 8 8 8
302 38 8 8 8
303 38 a a a
304 38 a a a
305 38 a a a
306 38 a a a
307 38 9 9 9
308 38 9 9 9
309 38 7 7 7
310 38 7 7 7
311 38 7 7 7
312 38 7 7 7
313 38 7 7 7
314 38 7 7 7
315 38 3 3 3
316 38 3 3 3
317 38 0 0 0
318 38 0 0 0
319 38 3 3 3
320 38 3 3 3
321 38 4 4 4
322 38 4 4 4
323 38 4 4 4
324 38 4 4 4
325 38 1 1 1
326 38 1 1 1
327 38 0 0 0
328 38 0 0 0
329 38 0 0 0
330 38 0 0 0
331 38 0 0 0
332 38 0 0 0
333 38 0 0 0
334 38 0 0 0
335 38 0 0 0
336 38 0 0 0
337 38 0 0 0
338 38 0 0 0
339 38 0 0 0
340 38 0 0 0
341 38 0 0 0
342 38 0 0 0
343 38 0 0 0
344 38 0 0 0
345 38 0 0 0
346 38 0 0 0
347 38 0 0 0
348 38 0 0 0
349 38 0 0 0
350 38 0 0 0
351 38 0 0 0
352 38 0 0 0
353 38 0 0 0
354 38 0 0 0
355 38 0 0 0
356 38 0 0 0
357 38 0 0 0
358 38 0 0 0
359 38 0 0 0
360 38 0 0 0
361 38 0 0 0
362 38 0 0 0
363 38 0 0 0
364 38 0 0 0
365 38 0 0 0
366 38 0 0 0
367 38 0 0 0
368 38 0 0 0
369 38 0 0 0
370 38 0 0 0
371 38 0 0 0
372 38 0 0 0
373 38 0 0 0
374 38 0 0 0
375 38 0 0 0
376 38 0 0 0
377 38 0 0 0
378 38 0 0 0
379 38 0 0 0
380 38 0 0 0
381 38 0 0 0
382 38 0 0 0
383 38 0 0 0
384 38 0 0 0
385 38 0 0 0
386 38 0 0 0
387 38 0 0 0
388 38 0 0 0
389 38 0 0 0
390 38 0 0 0
391 38 0 0 0
392 38 0 0 0
393 38 0 0 0
394 38 0 0 0
395 38 0 0 0
396 38 0 0 0
397 38 0 0 0
398 38 0 0 0
399 38 0 0 0
400 38 0 0 0
401 38 0 0 0
402 38 0 0 0
403 38 1 1 1
404 38 1 1 1
405 38 5 5 5
406 38 5 5 5
407 38 4 4 4
408 38 4 4 4
409 38 5 5 5
410 38 5 5 5
411 38 0 0 0
412 38 0 0 0
413 38 0 0 0
414 38 0 0 0
415 38 0 0 0
416 38 0 0 0
417 38 0 0 0
418 38 0 0 0
419 38 0 0 0
420 38 0 0 0
421 38 0 0 0
422 38 0 0 0
423 38 0 0 0
424 38 0 0 0
425 38 4 4 4
426 38 4 4 4
427 38 4 4 4
428 38 4 4 4
429 38 3 3 3
430 38 3 3 3
431 38 3 3 3
432 38 3 3 3
433 38 3 3 3
434 38 3 3 3
435 38 3 3 3
436 38 3 3 3
437 38 3 3 3
438 38 3 3 3
439 38 3 3 3
440 38 3 3 3
441 38 3 3 3
442 38 3 3 3
443 38 3 3 3
444 38 3 3 3
445 38 3 3 3
446 38 3 3 3
447 38 3 3 3
448 38 3 3 3
449 38 2 2 2
450 38 2 2 2
451 38 2 2 2
452 38 2 2 2
453 38 2 2 2
454 38 2 2 2
455 38 2 2 2
456 38 2 2 2
457 38 2 2 2
458 38 2 2 2
459 38 2 2 2
460 38 2 2 2
461 38 2 2 2
462 38 2 2 2
463 38 2 2 2
464 38 2 2 2
465 38 3 3 3
466 38 3 3 3
467 38 3 3 3
468 38 3 3 3
469 38 4 4 4
470 38 4 4 4
471 38 4 4 4
472 38 4 4 4
473 38 4 4 4
474 38 4 4 4
475 38 4 4 4
476 38 4 4 4
477 38 4 4 4
478 38 4 4 4
479 38 4 4 4
480 38 4 4 4
481 38 4 4 4
482 38 4 4 4
483 38 4 4 4
484 38 4 4 4
485 38 4 4 4
486 38 4 4 4
487 38 4 4 4
488 38 4 4 4
489 38 4 4 4
490 38 4 4 4
491 38 4 4 4
492 38 4 4 4
493 38 4 4 4
494 38 4 4 4
495 38 5 5 5
496 38 5 5 5
497 38 5 5 5
498 38 5 5 5
499 38 6 6 6
500 38 6 6 6
501 38 5 5 5
502 38 5 5 5
503 38 3 3 3
504 38 3 3 3
505 38 1 1 1
506 38 1 1 1
507 38 0 0 0
508 38 0 0 0
509 38 0 0 0
510 38 0 0 0
511 38 0 0 0
512 38 0 0 0
513 38 0 0 0
514 38 0 0 0
515 38 0 0 0
516 38 0 0 0
517 38 0 0 0
518 38 0 0 0
519 38 0 0 0
520 38 0 0 0
521 38 0 0 0
522 38 0 0 0
523 38 0 0 0
524 38 0 0 0
525 38 0 0 0
526 38 0 0 0
527 38 0 0 0
528 38 0 0 0
529 38 0 0 0
530 38 0 0 0
531 38 0 0 0
532 38 0 0 0
533 38 0 0 0
534 38 0 0 0
535 38 0 0 0
536 38 0 0 0
537 38 0 0 0
538 38 0 0 0
539 38 0 0 0
540 38 0 0 0
541 38 0 0 0
542 38 0 0 0
543 38 0 0 0
544 38 0 0 0
545 38 0 0 0
546 38 0 0 0
547 38 0 0 0
548 38 0 0 0
549 38 0 0 0
550 38 0 0 0
551 38 0 0 0
552 38 0 0 0
553 38 0 0 0
554 38 0 0 0
555 38 0 0 0
556 38 0 0 0
557 38 0 0 0
558 38 0 0 0
559 38 0 0 0
560 38 0 0 0
561 38 0 0 0
562 38 0 0 0
563 38 0 0 0
564 38 0 0 0
565 38 0 0 0
566 38 0 0 0
567 38 0 0 0
568 38 0 0 0
569 38 0 0 0
570 38 0 0 0
571 38 0 0 0
572 38 0 0 0
573 38 0 0 0
574 38 0 0 0
575 38 0 0 0
576 38 0 0 0
577 38 0 0 0
578 38 0 0 0
579 38 0 0 0
580 38 0 0 0
581 38 0 0 0
582 38 0 0 0
583 38 1 1 1
584 38 1 1 1
585 38 2 2 2
586 38 2 2 2
587 38 1 1 1
588 38 1 1 1
589 38 1 1 1
590 38 1 1 1
591 38 0 0 0
592 38 0 0 0
593 38 0 0 0
594 38 0 0 0
595 38 1 1 1
596 38 1 1 1
597 38 2 2 2
598 38 2 2 2
599 38 0 0 0
600 38 0 0 0
601 38 0 0 0
602 38 0 0 0
603 38 0 0 0
604 38 0 0 0
605 38 0 0 0
606 38 0 0 0
607 38 0 0 0
608 38 0 0 0
609 38 0 0 0
610 38 0 0 0
611 38 0 0 0
612 38 0 0 0
613 38 0 0 0
614 38 0 0 0
615 38 0 0 0
616 38 0 0 0
617 38 0 0 0
618 38 0 0 0
619 38 0 0 0
620 38 0 0 0
621 38 0 0 0
622 38 0 0 0
623 38 0 0 0
624 38 0 0 0
625 38 0 0 0
626 38 0 0 0
627 38 0 0 0
628 38 0 0 0
629 38 0 0 0
630 38 0 0 0
631 38 0 0 0
632 38 0 0 0
633 38 0 0 0
634 38 0 0 0
635 38 0 0 0
636 38 0 0 0
637 38 0 0 0
638 38 0 0 0
639 38 0 0 0
0 39 0 0 0
1 39 0 0 0
2 39 0 0 0
3 39 0 0 0
4 39 0 0 0
5 39 0 0 0
6 39 0 0 0
7 39 0 0 0
8 39 0 0 0
9 39 0 0 0
10 39 0 0 0
11 39 0 0 0
12 39 0 0 0
13 39 0 0 0
14 39 0 0 0
15 39 0 0 0
16 39 0 0 0
17 39 0 0 0
18 39 0 0 0
19 39 0 0 0
20 39 0 0 0
21 39 0 0 0
22 39 0 0 0
23 39 0 0 0
24 39 0 0 0
25 39 0 0 0
26 39 0 0 0
27 39 0 0 0
28 39 0 0 0
29 39 0 0 0
30 39 0 0 0
31 39 0 0 0
32 39 0 0 0
33 39 0 0 0
34 39 0 0 0
35 39 0 0 0
36 39 0 0 0
37 39 0 0 0
38 39 0 0 0
39 39 0 0 0
40 39 0 0 0
41 39 0 0 0
42 39 0 0 0
43 39 0 0 0
44 39 0 0 0
45 39 0 0 0
46 39 0 0 0
47 39 0 0 0
48 39 0 0 0
49 39 0 0 0
50 39 0 0 0
51 39 0 0 0
52 39 0 0 0
53 39 0 0 0
54 39 0 0 0
55 39 0 0 0
56 39 0 0 0
57 39 0 0 0
58 39 0 0 0
59 39 0 0 0
60 39 0 0 0
61 39 0 0 0
62 39 0 0 0
63 39 0 0 0
64 39 0 0 0
65 39 0 0 0
66 39 0 0 0
67 39 0 0 0
68 39 0 0 0
69 39 0 0 0
70 39 0 0 0
71 39 0 0 0
72 39 0 0 0
73 39 0 0 0
74 39 0 0 0
75 39 0 0 0
76 39 0 0 0
77 39 0 0 0
78 39 0 0 0
79 39 0 0 0
80 39 0 0 0
81 39 0 0 0
82 39 0 0 0
83 39 0 0 0
84 39 0 0 0
85 39 0 0 0
86 39 0 0 0
87 39 0 0 0
88 39 0 0 0
89 39 0 0 0
90 39 0 0 0
91 39 0 0 0
92 39 0 0 0
93 39 0 0 0
94 39 0 0 0
95 39 0 0 0
96 39 0 0 0
97 39 0 0 0
98 39 0 0 0
99 39 0 0 0
100 39 0 0 0
101 39 0 0 0
102 39 0 0 0
103 39 0 0 0
104 39 0 0 0
105 39 0 0 0
106 39 0 0 0
107 39 0 0 0
108 39 0 0 0
109 39 0 0 0
110 39 0 0 0
111 39 0 0 0
112 39 0 0 0
113 39 0 0 0
114 39 0 0 0
115 39 0 0 0
116 39 0 0 0
117 39 0 0 0
118 39 0 0 0
119 39 0 0 0
120 39 0 0 0
121 39 0 0 0
122 39 0 0 0
123 39 0 0 0
124 39 0 0 0
125 39 0 0 0
126 39 0 0 0
127 39 0 0 0
128 39 0 0 0
129 39 0 0 0
130 39 0 0 0
131 39 0 0 0
132 39 0 0 0
133 39 0 0 0
134 39 0 0 0
135 39 0 0 0
136 39 0 0 0
137 39 0 0 0
138 39 0 0 0
139 39 0 0 0
140 39 0 0 0
141 39 0 0 0
142 39 0 0 0
143 39 0 0 0
144 39 0 0 0
145 39 0 0 0
146 39 0 0 0
147 39 0 0 0
148 39 0 0 0
149 39 0 0 0
150 39 0 0 0
151 39 0 0 0
152 39 0 0 0
153 39 0 0 0
154 39 0 0 0
155 39 0 0 0
156 39 0 0 0
157 39 0 0 0
158 39 0 0 0
159 39 0 0 0
160 39 0 0 0
161 39 0 0 0
162 39 0 0 0
163 39 0 0 0
164 39 0 0 0
165 39 0 0 0
166 39 0 0 0
167 39 0 0 0
168 39 0 0 0
169 39 0 0 0
170 39 0 0 0
171 39 0 0 0
172 39 0 0 0
173 39 0 0 0
174 39 0 0 0
175 39 0 0 0
176 39 0 0 0
177 39 0 0 0
178 39 0 0 0
179 39 0 0 0
180 39 0 0 0
181 39 0 0 0
182 39 0 0 0
183 39 0 0 0
184 39 0 0 0
185 39 0 0 0
186 39 0 0 0
187 39 0 0 0
188 39 0 0 0
189 39 0 0 0
190 39 0 0 0
191 39 0 0 0
192 39 0 0 0
193 39 0 0 0
194 39 0 0 0
195 39 0 0 0
196 39 0 0 0
197 39 0 0 0
198 39 0 0 0
199 39 0 0 0
200 39 0 0 0
201 39 0 0 0
202 39 0 0 0
203 39 0 0 0
204 39 0 0 0
205 39 0 0 0
206 39 0 0 0
207 39 0 0 0
208 39 0 0 0
209 39 0 0 0
210 39 0 0 0
211 39 0 0 0
212 39 0 0 0
213 39 0 0 0
214 39 0 0 0
215 39 0 0 0
216 39 0 0 0
217 39 0 0 0
218 39 0 0 0
219 39 0 0 0
220 39 0 0 0
221 39 0 0 0
222 39 0 0 0
223 39 0 0 0
224 39 0 0 0
225 39 0 0 0
226 39 0 0 0
227 39 0 0 0
228 39 0 0 0
229 39 0 0 0
230 39 0 0 0
231 39 0 0 0
232 39 0 0 0
233 39 0 0 0
234 39 0 0 0
235 39 0 0 0
236 39 0 0 0
237 39 0 0 0
238 39 0 0 0
239 39 0 0 0
240 39 0 0 0
241 39 0 0 0
242 39 0 0 0
243 39 0 0 0
244 39 0 0 0
245 39 0 0 0
246 39 0 0 0
247 39 0 0 0
248 39 0 0 0
249 39 0 0 0
250 39 0 0 0
251 39 0 0 0
252 39 0 0 0
253 39 0 0 0
254 39 0 0 0
255 39 0 0 0
256 39 0 0 0
257 39 0 0 0
258 39 0 0 0
259 39 0 0 0
260 39 0 0 0
261 39 0 0 0
262 39 0 0 0
263 39 2 2 2
264 39 2 2 2
265 39 2 2 2
266 39 2 2 2
267 39 1 1 1
268 39 1 1 1
269 39 1 1 1
270 39 1 1 1
271 39 0 0 0
272 39 0 0 0
273 39 0 0 0
274 39 0 0 0
275 39 1 1 1
276 39 1 1 1
277 39 2 2 2
278 39 2 2 2
279 39 0 0 0
280 39 0 0 0
281 39 0 0 0
282 39 0 0 0
283 39 0 0 0
284 39 0 0 0
285 39 0 0 0
286 39 0 0 0
287 39 0 0 0
288 39 0 0 0
289 39 0 0 0
290 39 0 0 0
291 39 1 1 1
292 39 1 1 1
293 39 5 5 5
294 39 5 5 5
295 39 4 4 4
296 39 4 4 4
297 39 4 4 4
298 39 4 4 4
299 39 5 5 5
300 39 5 5 5
301 39 8 8 8
302 39 8 8 8
303 39 a a a
304 39 a a a
305 39 a a a
306 39 a a a
307 39 9 9 9
308 39 9 9 9
309 39 7 7 7
310 39 7 7 7
311 39 7 7 7
312 39 7 7 7
313 39 7 7 7
314 39 7 7 7
315 39 3 3 3
316 39 3 3 3
317 39 0 0 0
318 39 0 0 0
319 39 3 3 3
320 39 3 3 3
321 39 4 4 4
322 39 4 4 4
323 39 4 4 4
324 39 4 4 4
325 39 1 1 1
326 39 1 1 1
327 39 0 0 0
328 39 0 0 0
329 39 0 0 0
330 39 0 0 0
331 39 0 0 0
332 39 0 0 0
333 39 0 0 0
334 39 0 0 0
335 39 0 0 0
336 39 0 0 0
337 39 0 0 0
338 39 0 0 0
339 39 0 0 0
340 39 0 0 0
341 39 0 0 0
342 39 0 0 0
343 39 0 0 0
344 39 0 0 0
345 39 0 0 0
346 39 0 0 0
347 39 0 0 0
348 39 0 0 0
349 39 0 0 0
350 39 0 0 0
351 39 0 0 0
352 39 0 0 0
353 39 0 0 0
354 39 0 0 0
355 39 0 0 0
356 39 0 0 0
357 39 0 0 0
358 39 0 0 0
359 39 0 0 0
360 39 0 0 0
361 39 0 0 0
362 39 0 0 0
363 39 0 0 0
364 39 0 0 0
365 39 0 0 0
366 39 0 0 0
367 39 0 0 0
368 39 0 0 0
369 39 0 0 0
370 39 0 0 0
371 39 0 0 0
372 39 0 0 0
373 39 0 0 0
374 39 0 0 0
375 39 0 0 0
376 39 0 0 0
377 39 0 0 0
378 39 0 0 0
379 39 0 0 0
380 39 0 0 0
381 39 0 0 0
382 39 0 0 0
383 39 0 0 0
384 39 0 0 0
385 39 0 0 0
386 39 0 0 0
387 39 0 0 0
388 39 0 0 0
389 39 0 0 0
390 39 0 0 0
391 39 0 0 0
392 39 0 0 0
393 39 0 0 0
394 39 0 0 0
395 39 0 0 0
396 39 0 0 0
397 39 0 0 0
398 39 0 0 0
399 39 0 0 0
400 39 0 0 0
401 39 0 0 0
402 39 0 0 0
403 39 1 1 1
404 39 1 1 1
405 39 5 5 5
406 39 5 5 5
407 39 4 4 4
408 39 4 4 4
409 39 5 5 5
410 39 5 5 5
411 39 0 0 0
412 39 0 0 0
413 39 0 0 0
414 39 0 0 0
415 39 0 0 0
416 39 0 0 0
417 39 0 0 0
418 39 0 0 0
419 39 0 0 0
420 39 0 0 0
421 39 0 0 0
422 39 0 0 0
423 39 0 0 0
424 39 0 0 0
425 39 4 4 4
426 39 4 4 4
427 39 4 4 4
428 39 4 4 4
429 39 3 3 3
430 39 3 3 3
431 39 3 3 3
432 39 3 3 3
433 39 3 3 3
434 39 3 3 3
435 39 3 3 3
436 39 3 3 3
437 39 3 3 3
438 39 3 3 3
439 39 3 3 3
440 39 3 3 3
441 39 3 3 3
442 39 3 3 3
443 39 3 3 3
444 39 3 3 3
445 39 3 3 3
446 39 3 3 3
447 39 3 3 3
448 39 3 3 3
449 39 2 2 2
450 39 2 2 2
451 39 2 2 2
452 39 2 2 2
453 39 2 2 2
454 39 2 2 2
455 39 2 2 2
456 39 2 2 2
457 39 2 2 2
458 39 2 2 2
459 39 2 2 2
460 39 2 2 2
461 39 2 2 2
462 39 2 2 2
463 39 2 2 2
464 39 2 2 2
465 39 3 3 3
466 39 3 3 3
467 39 3 3 3
468 39 3 3 3
469 39 4 4 4
470 39 4 4 4
471 39 4 4 4
472 39 4 4 4
473 39 4 4 4
474 39 4 4 4
475 39 4 4 4
476 39 4 4 4
477 39 4 4 4
478 39 4 4 4
479 39 4 4 4
480 39 4 4 4
481 39 4 4 4
482 39 4 4 4
483 39 4 4 4
484 39 4 4 4
485 39 4 4 4
486 39 4 4 4
487 39 4 4 4
488 39 4 4 4
489 39 4 4 4
490 39 4 4 4
491 39 4 4 4
492 39 4 4 4
493 39 4 4 4
494 39 4 4 4
495 39 5 5 5
496 39 5 5 5
497 39 5 5 5
498 39 5 5 5
499 39 6 6 6
500 39 6 6 6
501 39 5 5 5
502 39 5 5 5
503 39 3 3 3
504 39 3 3 3
505 39 1 1 1
506 39 1 1 1
507 39 0 0 0
508 39 0 0 0
509 39 0 0 0
510 39 0 0 0
511 39 0 0 0
512 39 0 0 0
513 39 0 0 0
514 39 0 0 0
515 39 0 0 0
516 39 0 0 0
517 39 0 0 0
518 39 0 0 0
519 39 0 0 0
520 39 0 0 0
521 39 0 0 0
522 39 0 0 0
523 39 0 0 0
524 39 0 0 0
525 39 0 0 0
526 39 0 0 0
527 39 0 0 0
528 39 0 0 0
529 39 0 0 0
530 39 0 0 0
531 39 0 0 0
532 39 0 0 0
533 39 0 0 0
534 39 0 0 0
535 39 0 0 0
536 39 0 0 0
537 39 0 0 0
538 39 0 0 0
539 39 0 0 0
540 39 0 0 0
541 39 0 0 0
542 39 0 0 0
543 39 0 0 0
544 39 0 0 0
545 39 0 0 0
546 39 0 0 0
547 39 0 0 0
548 39 0 0 0
549 39 0 0 0
550 39 0 0 0
551 39 0 0 0
552 39 0 0 0
553 39 0 0 0
554 39 0 0 0
555 39 0 0 0
556 39 0 0 0
557 39 0 0 0
558 39 0 0 0
559 39 0 0 0
560 39 0 0 0
561 39 0 0 0
562 39 0 0 0
563 39 0 0 0
564 39 0 0 0
565 39 0 0 0
566 39 0 0 0
567 39 0 0 0
568 39 0 0 0
569 39 0 0 0
570 39 0 0 0
571 39 0 0 0
572 39 0 0 0
573 39 0 0 0
574 39 0 0 0
575 39 0 0 0
576 39 0 0 0
577 39 0 0 0
578 39 0 0 0
579 39 0 0 0
580 39 0 0 0
581 39 0 0 0
582 39 0 0 0
583 39 1 1 1
584 39 1 1 1
585 39 2 2 2
586 39 2 2 2
587 39 1 1 1
588 39 1 1 1
589 39 1 1 1
590 39 1 1 1
591 39 0 0 0
592 39 0 0 0
593 39 0 0 0
594 39 0 0 0
595 39 1 1 1
596 39 1 1 1
597 39 2 2 2
598 39 2 2 2
599 39 0 0 0
600 39 0 0 0
601 39 0 0 0
602 39 0 0 0
603 39 0 0 0
604 39 0 0 0
605 39 0 0 0
606 39 0 0 0
607 39 0 0 0
608 39 0 0 0
609 39 0 0 0
610 39 0 0 0
611 39 0 0 0
612 39 0 0 0
613 39 0 0 0
614 39 0 0 0
615 39 0 0 0
616 39 0 0 0
617 39 0 0 0
618 39 0 0 0
619 39 0 0 0
620 39 0 0 0
621 39 0 0 0
622 39 0 0 0
623 39 0 0 0
624 39 0 0 0
625 39 0 0 0
626 39 0 0 0
627 39 0 0 0
628 39 0 0 0
629 39 0 0 0
630 39 0 0 0
631 39 0 0 0
632 39 0 0 0
633 39 0 0 0
634 39 0 0 0
635 39 0 0 0
636 39 0 0 0
637 39 0 0 0
638 39 0 0 0
639 39 0 0 0
0 40 0 0 0
1 40 0 0 0
2 40 0 0 0
3 40 0 0 0
4 40 0 0 0
5 40 0 0 0
6 40 0 0 0
7 40 0 0 0
8 40 0 0 0
9 40 0 0 0
10 40 0 0 0
11 40 0 0 0
12 40 0 0 0
13 40 0 0 0
14 40 0 0 0
15 40 0 0 0
16 40 0 0 0
17 40 0 0 0
18 40 0 0 0
19 40 0 0 0
20 40 0 0 0
21 40 0 0 0
22 40 0 0 0
23 40 0 0 0
24 40 0 0 0
25 40 0 0 0
26 40 0 0 0
27 40 0 0 0
28 40 0 0 0
29 40 0 0 0
30 40 0 0 0
31 40 0 0 0
32 40 0 0 0
33 40 0 0 0
34 40 0 0 0
35 40 0 0 0
36 40 0 0 0
37 40 0 0 0
38 40 0 0 0
39 40 0 0 0
40 40 0 0 0
41 40 0 0 0
42 40 0 0 0
43 40 0 0 0
44 40 0 0 0
45 40 0 0 0
46 40 0 0 0
47 40 0 0 0
48 40 0 0 0
49 40 0 0 0
50 40 0 0 0
51 40 0 0 0
52 40 0 0 0
53 40 0 0 0
54 40 0 0 0
55 40 0 0 0
56 40 0 0 0
57 40 0 0 0
58 40 0 0 0
59 40 0 0 0
60 40 0 0 0
61 40 0 0 0
62 40 0 0 0
63 40 0 0 0
64 40 0 0 0
65 40 0 0 0
66 40 0 0 0
67 40 0 0 0
68 40 0 0 0
69 40 0 0 0
70 40 0 0 0
71 40 0 0 0
72 40 0 0 0
73 40 0 0 0
74 40 0 0 0
75 40 0 0 0
76 40 0 0 0
77 40 0 0 0
78 40 0 0 0
79 40 0 0 0
80 40 0 0 0
81 40 0 0 0
82 40 0 0 0
83 40 0 0 0
84 40 0 0 0
85 40 0 0 0
86 40 0 0 0
87 40 0 0 0
88 40 0 0 0
89 40 0 0 0
90 40 0 0 0
91 40 0 0 0
92 40 0 0 0
93 40 0 0 0
94 40 0 0 0
95 40 0 0 0
96 40 0 0 0
97 40 0 0 0
98 40 0 0 0
99 40 0 0 0
100 40 0 0 0
101 40 0 0 0
102 40 0 0 0
103 40 0 0 0
104 40 0 0 0
105 40 0 0 0
106 40 0 0 0
107 40 0 0 0
108 40 0 0 0
109 40 0 0 0
110 40 0 0 0
111 40 0 0 0
112 40 0 0 0
113 40 0 0 0
114 40 0 0 0
115 40 0 0 0
116 40 0 0 0
117 40 0 0 0
118 40 0 0 0
119 40 0 0 0
120 40 0 0 0
121 40 0 0 0
122 40 0 0 0
123 40 0 0 0
124 40 0 0 0
125 40 0 0 0
126 40 0 0 0
127 40 0 0 0
128 40 0 0 0
129 40 0 0 0
130 40 0 0 0
131 40 0 0 0
132 40 0 0 0
133 40 0 0 0
134 40 0 0 0
135 40 0 0 0
136 40 0 0 0
137 40 0 0 0
138 40 0 0 0
139 40 0 0 0
140 40 0 0 0
141 40 0 0 0
142 40 0 0 0
143 40 0 0 0
144 40 0 0 0
145 40 0 0 0
146 40 0 0 0
147 40 0 0 0
148 40 0 0 0
149 40 0 0 0
150 40 0 0 0
151 40 0 0 0
152 40 0 0 0
153 40 0 0 0
154 40 0 0 0
155 40 0 0 0
156 40 0 0 0
157 40 0 0 0
158 40 0 0 0
159 40 0 0 0
160 40 0 0 0
161 40 0 0 0
162 40 0 0 0
163 40 0 0 0
164 40 0 0 0
165 40 0 0 0
166 40 0 0 0
167 40 0 0 0
168 40 0 0 0
169 40 0 0 0
170 40 0 0 0
171 40 0 0 0
172 40 0 0 0
173 40 0 0 0
174 40 0 0 0
175 40 0 0 0
176 40 0 0 0
177 40 0 0 0
178 40 0 0 0
179 40 0 0 0
180 40 0 0 0
181 40 0 0 0
182 40 0 0 0
183 40 0 0 0
184 40 0 0 0
185 40 0 0 0
186 40 0 0 0
187 40 0 0 0
188 40 0 0 0
189 40 0 0 0
190 40 0 0 0
191 40 0 0 0
192 40 0 0 0
193 40 0 0 0
194 40 0 0 0
195 40 0 0 0
196 40 0 0 0
197 40 0 0 0
198 40 0 0 0
199 40 0 0 0
200 40 0 0 0
201 40 0 0 0
202 40 0 0 0
203 40 0 0 0
204 40 0 0 0
205 40 0 0 0
206 40 0 0 0
207 40 0 0 0
208 40 0 0 0
209 40 0 0 0
210 40 0 0 0
211 40 0 0 0
212 40 0 0 0
213 40 0 0 0
214 40 0 0 0
215 40 0 0 0
216 40 0 0 0
217 40 0 0 0
218 40 0 0 0
219 40 0 0 0
220 40 0 0 0
221 40 0 0 0
222 40 0 0 0
223 40 0 0 0
224 40 0 0 0
225 40 0 0 0
226 40 0 0 0
227 40 0 0 0
228 40 0 0 0
229 40 0 0 0
230 40 0 0 0
231 40 0 0 0
232 40 0 0 0
233 40 0 0 0
234 40 0 0 0
235 40 0 0 0
236 40 0 0 0
237 40 0 0 0
238 40 0 0 0
239 40 0 0 0
240 40 0 0 0
241 40 0 0 0
242 40 0 0 0
243 40 0 0 0
244 40 0 0 0
245 40 0 0 0
246 40 0 0 0
247 40 0 0 0
248 40 0 0 0
249 40 0 0 0
250 40 0 0 0
251 40 0 0 0
252 40 0 0 0
253 40 1 1 1
254 40 1 1 1
255 40 1 1 1
256 40 1 1 1
257 40 2 2 2
258 40 2 2 2
259 40 1 1 1
260 40 1 1 1
261 40 0 0 0
262 40 0 0 0
263 40 0 0 0
264 40 0 0 0
265 40 2 2 2
266 40 2 2 2
267 40 2 2 2
268 40 2 2 2
269 40 1 1 1
270 40 1 1 1
271 40 1 1 1
272 40 1 1 1
273 40 2 2 2
274 40 2 2 2
275 40 2 2 2
276 40 2 2 2
277 40 0 0 0
278 40 0 0 0
279 40 0 0 0
280 40 0 0 0
281 40 0 0 0
282 40 0 0 0
283 40 0 0 0
284 40 0 0 0
285 40 0 0 0
286 40 0 0 0
287 40 0 0 0
288 40 0 0 0
289 40 0 0 0
290 40 0 0 0
291 40 1 1 1
292 40 1 1 1
293 40 5 5 5
294 40 5 5 5
295 40 4 4 4
296 40 4 4 4
297 40 4 4 4
298 40 4 4 4
299 40 5 5 5
300 40 5 5 5
301 40 7 7 7
302 40 7 7 7
303 40 a a a
304 40 a a a
305 40 9 9 9
306 40 9 9 9
307 40 a a a
308 40 a a a
309 40 a a a
310 40 a a a
311 40 8 8 8
312 40 8 8 8
313 40 7 7 7
314 40 7 7 7
315 40 7 7 7
316 40 7 7 7
317 40 6 6 6
318 40 6 6 6
319 40 6 6 6
320 40 6 6 6
321 40 4 4 4
322 40 4 4 4
323 40 4 4 4
324 40 4 4 4
325 40 3 3 3
326 40 3 3 3
327 40 0 0 0
328 40 0 0 0
329 40 0 0 0
330 40 0 0 0
331 40 0 0 0
332 40 0 0 0
333 40 0 0 0
334 40 0 0 0
335 40 0 0 0
336 40 0 0 0
337 40 0 0 0
338 40 0 0 0
339 40 0 0 0
340 40 0 0 0
341 40 0 0 0
342 40 0 0 0
343 40 0 0 0
344 40 0 0 0
345 40 0 0 0
346 40 0 0 0
347 40 0 0 0
348 40 0 0 0
349 40 0 0 0
350 40 0 0 0
351 40 0 0 0
352 40 0 0 0
353 40 0 0 0
354 40 0 0 0
355 40 0 0 0
356 40 0 0 0
357 40 0 0 0
358 40 0 0 0
359 40 0 0 0
360 40 0 0 0
361 40 0 0 0
362 40 0 0 0
363 40 0 0 0
364 40 0 0 0
365 40 0 0 0
366 40 0 0 0
367 40 0 0 0
368 40 0 0 0
369 40 0 0 0
370 40 0 0 0
371 40 0 0 0
372 40 0 0 0
373 40 0 0 0
374 40 0 0 0
375 40 0 0 0
376 40 0 0 0
377 40 0 0 0
378 40 0 0 0
379 40 0 0 0
380 40 0 0 0
381 40 0 0 0
382 40 0 0 0
383 40 0 0 0
384 40 0 0 0
385 40 0 0 0
386 40 0 0 0
387 40 0 0 0
388 40 0 0 0
389 40 0 0 0
390 40 0 0 0
391 40 0 0 0
392 40 0 0 0
393 40 0 0 0
394 40 0 0 0
395 40 0 0 0
396 40 0 0 0
397 40 0 0 0
398 40 0 0 0
399 40 0 0 0
400 40 0 0 0
401 40 0 0 0
402 40 0 0 0
403 40 1 1 1
404 40 1 1 1
405 40 5 5 5
406 40 5 5 5
407 40 4 4 4
408 40 4 4 4
409 40 4 4 4
410 40 4 4 4
411 40 2 2 2
412 40 2 2 2
413 40 0 0 0
414 40 0 0 0
415 40 0 0 0
416 40 0 0 0
417 40 0 0 0
418 40 0 0 0
419 40 0 0 0
420 40 0 0 0
421 40 1 1 1
422 40 1 1 1
423 40 4 4 4
424 40 4 4 4
425 40 3 3 3
426 40 3 3 3
427 40 2 2 2
428 40 2 2 2
429 40 3 3 3
430 40 3 3 3
431 40 3 3 3
432 40 3 3 3
433 40 3 3 3
434 40 3 3 3
435 40 3 3 3
436 40 3 3 3
437 40 3 3 3
438 40 3 3 3
439 40 2 2 2
440 40 2 2 2
441 40 2 2 2
442 40 2 2 2
443 40 2 2 2
444 40 2 2 2
445 40 2 2 2
446 40 2 2 2
447 40 2 2 2
448 40 2 2 2
449 40 2 2 2
450 40 2 2 2
451 40 2 2 2
452 40 2 2 2
453 40 2 2 2
454 40 2 2 2
455 40 2 2 2
456 40 2 2 2
457 40 2 2 2
458 40 2 2 2
459 40 2 2 2
460 40 2 2 2
461 40 3 3 3
462 40 3 3 3
463 40 3 3 3
464 40 3 3 3
465 40 4 4 4
466 40 4 4 4
467 40 4 4 4
468 40 4 4 4
469 40 3 3 3
470 40 3 3 3
471 40 3 3 3
472 40 3 3 3
473 40 4 4 4
474 40 4 4 4
475 40 4 4 4
476 40 4 4 4
477 40 4 4 4
478 40 4 4 4
479 40 4 4 4
480 40 4 4 4
481 40 4 4 4
482 40 4 4 4
483 40 4 4 4
484 40 4 4 4
485 40 4 4 4
486 40 4 4 4
487 40 4 4 4
488 40 4 4 4
489 40 4 4 4
490 40 4 4 4
491 40 4 4 4
492 40 4 4 4
493 40 4 4 4
494 40 4 4 4
495 40 4 4 4
496 40 4 4 4
497 40 4 4 4
498 40 4 4 4
499 40 4 4 4
500 40 4 4 4
501 40 4 4 4
502 40 4 4 4
503 40 5 5 5
504 40 5 5 5
505 40 5 5 5
506 40 5 5 5
507 40 4 4 4
508 40 4 4 4
509 40 1 1 1
510 40 1 1 1
511 40 0 0 0
512 40 0 0 0
513 40 0 0 0
514 40 0 0 0
515 40 0 0 0
516 40 0 0 0
517 40 0 0 0
518 40 0 0 0
519 40 0 0 0
520 40 0 0 0
521 40 0 0 0
522 40 0 0 0
523 40 0 0 0
524 40 0 0 0
525 40 0 0 0
526 40 0 0 0
527 40 0 0 0
528 40 0 0 0
529 40 0 0 0
530 40 0 0 0
531 40 0 0 0
532 40 0 0 0
533 40 0 0 0
534 40 0 0 0
535 40 0 0 0
536 40 0 0 0
537 40 0 0 0
538 40 0 0 0
539 40 0 0 0
540 40 0 0 0
541 40 0 0 0
542 40 0 0 0
543 40 0 0 0
544 40 0 0 0
545 40 0 0 0
546 40 0 0 0
547 40 0 0 0
548 40 0 0 0
549 40 0 0 0
550 40 0 0 0
551 40 0 0 0
552 40 0 0 0
553 40 0 0 0
554 40 0 0 0
555 40 0 0 0
556 40 0 0 0
557 40 0 0 0
558 40 0 0 0
559 40 0 0 0
560 40 0 0 0
561 40 0 0 0
562 40 0 0 0
563 40 0 0 0
564 40 0 0 0
565 40 0 0 0
566 40 0 0 0
567 40 0 0 0
568 40 0 0 0
569 40 0 0 0
570 40 0 0 0
571 40 0 0 0
572 40 0 0 0
573 40 0 0 0
574 40 0 0 0
575 40 1 1 1
576 40 1 1 1
577 40 2 2 2
578 40 2 2 2
579 40 1 1 1
580 40 1 1 1
581 40 1 1 1
582 40 1 1 1
583 40 0 0 0
584 40 0 0 0
585 40 1 1 1
586 40 1 1 1
587 40 2 2 2
588 40 2 2 2
589 40 1 1 1
590 40 1 1 1
591 40 1 1 1
592 40 1 1 1
593 40 2 2 2
594 40 2 2 2
595 40 2 2 2
596 40 2 2 2
597 40 1 1 1
598 40 1 1 1
599 40 0 0 0
600 40 0 0 0
601 40 0 0 0
602 40 0 0 0
603 40 0 0 0
604 40 0 0 0
605 40 0 0 0
606 40 0 0 0
607 40 0 0 0
608 40 0 0 0
609 40 0 0 0
610 40 0 0 0
611 40 0 0 0
612 40 0 0 0
613 40 0 0 0
614 40 0 0 0
615 40 0 0 0
616 40 0 0 0
617 40 0 0 0
618 40 0 0 0
619 40 0 0 0
620 40 0 0 0
621 40 0 0 0
622 40 0 0 0
623 40 0 0 0
624 40 0 0 0
625 40 0 0 0
626 40 0 0 0
627 40 0 0 0
628 40 0 0 0
629 40 0 0 0
630 40 0 0 0
631 40 0 0 0
632 40 0 0 0
633 40 0 0 0
634 40 0 0 0
635 40 0 0 0
636 40 0 0 0
637 40 0 0 0
638 40 0 0 0
639 40 0 0 0
0 41 0 0 0
1 41 0 0 0
2 41 0 0 0
3 41 0 0 0
4 41 0 0 0
5 41 0 0 0
6 41 0 0 0
7 41 0 0 0
8 41 0 0 0
9 41 0 0 0
10 41 0 0 0
11 41 0 0 0
12 41 0 0 0
13 41 0 0 0
14 41 0 0 0
15 41 0 0 0
16 41 0 0 0
17 41 0 0 0
18 41 0 0 0
19 41 0 0 0
20 41 0 0 0
21 41 0 0 0
22 41 0 0 0
23 41 0 0 0
24 41 0 0 0
25 41 0 0 0
26 41 0 0 0
27 41 0 0 0
28 41 0 0 0
29 41 0 0 0
30 41 0 0 0
31 41 0 0 0
32 41 0 0 0
33 41 0 0 0
34 41 0 0 0
35 41 0 0 0
36 41 0 0 0
37 41 0 0 0
38 41 0 0 0
39 41 0 0 0
40 41 0 0 0
41 41 0 0 0
42 41 0 0 0
43 41 0 0 0
44 41 0 0 0
45 41 0 0 0
46 41 0 0 0
47 41 0 0 0
48 41 0 0 0
49 41 0 0 0
50 41 0 0 0
51 41 0 0 0
52 41 0 0 0
53 41 0 0 0
54 41 0 0 0
55 41 0 0 0
56 41 0 0 0
57 41 0 0 0
58 41 0 0 0
59 41 0 0 0
60 41 0 0 0
61 41 0 0 0
62 41 0 0 0
63 41 0 0 0
64 41 0 0 0
65 41 0 0 0
66 41 0 0 0
67 41 0 0 0
68 41 0 0 0
69 41 0 0 0
70 41 0 0 0
71 41 0 0 0
72 41 0 0 0
73 41 0 0 0
74 41 0 0 0
75 41 0 0 0
76 41 0 0 0
77 41 0 0 0
78 41 0 0 0
79 41 0 0 0
80 41 0 0 0
81 41 0 0 0
82 41 0 0 0
83 41 0 0 0
84 41 0 0 0
85 41 0 0 0
86 41 0 0 0
87 41 0 0 0
88 41 0 0 0
89 41 0 0 0
90 41 0 0 0
91 41 0 0 0
92 41 0 0 0
93 41 0 0 0
94 41 0 0 0
95 41 0 0 0
96 41 0 0 0
97 41 0 0 0
98 41 0 0 0
99 41 0 0 0
100 41 0 0 0
101 41 0 0 0
102 41 0 0 0
103 41 0 0 0
104 41 0 0 0
105 41 0 0 0
106 41 0 0 0
107 41 0 0 0
108 41 0 0 0
109 41 0 0 0
110 41 0 0 0
111 41 0 0 0
112 41 0 0 0
113 41 0 0 0
114 41 0 0 0
115 41 0 0 0
116 41 0 0 0
117 41 0 0 0
118 41 0 0 0
119 41 0 0 0
120 41 0 0 0
121 41 0 0 0
122 41 0 0 0
123 41 0 0 0
124 41 0 0 0
125 41 0 0 0
126 41 0 0 0
127 41 0 0 0
128 41 0 0 0
129 41 0 0 0
130 41 0 0 0
131 41 0 0 0
132 41 0 0 0
133 41 0 0 0
134 41 0 0 0
135 41 0 0 0
136 41 0 0 0
137 41 0 0 0
138 41 0 0 0
139 41 0 0 0
140 41 0 0 0
141 41 0 0 0
142 41 0 0 0
143 41 0 0 0
144 41 0 0 0
145 41 0 0 0
146 41 0 0 0
147 41 0 0 0
148 41 0 0 0
149 41 0 0 0
150 41 0 0 0
151 41 0 0 0
152 41 0 0 0
153 41 0 0 0
154 41 0 0 0
155 41 0 0 0
156 41 0 0 0
157 41 0 0 0
158 41 0 0 0
159 41 0 0 0
160 41 0 0 0
161 41 0 0 0
162 41 0 0 0
163 41 0 0 0
164 41 0 0 0
165 41 0 0 0
166 41 0 0 0
167 41 0 0 0
168 41 0 0 0
169 41 0 0 0
170 41 0 0 0
171 41 0 0 0
172 41 0 0 0
173 41 0 0 0
174 41 0 0 0
175 41 0 0 0
176 41 0 0 0
177 41 0 0 0
178 41 0 0 0
179 41 0 0 0
180 41 0 0 0
181 41 0 0 0
182 41 0 0 0
183 41 0 0 0
184 41 0 0 0
185 41 0 0 0
186 41 0 0 0
187 41 0 0 0
188 41 0 0 0
189 41 0 0 0
190 41 0 0 0
191 41 0 0 0
192 41 0 0 0
193 41 0 0 0
194 41 0 0 0
195 41 0 0 0
196 41 0 0 0
197 41 0 0 0
198 41 0 0 0
199 41 0 0 0
200 41 0 0 0
201 41 0 0 0
202 41 0 0 0
203 41 0 0 0
204 41 0 0 0
205 41 0 0 0
206 41 0 0 0
207 41 0 0 0
208 41 0 0 0
209 41 0 0 0
210 41 0 0 0
211 41 0 0 0
212 41 0 0 0
213 41 0 0 0
214 41 0 0 0
215 41 0 0 0
216 41 0 0 0
217 41 0 0 0
218 41 0 0 0
219 41 0 0 0
220 41 0 0 0
221 41 0 0 0
222 41 0 0 0
223 41 0 0 0
224 41 0 0 0
225 41 0 0 0
226 41 0 0 0
227 41 0 0 0
228 41 0 0 0
229 41 0 0 0
230 41 0 0 0
231 41 0 0 0
232 41 0 0 0
233 41 0 0 0
234 41 0 0 0
235 41 0 0 0
236 41 0 0 0
237 41 0 0 0
238 41 0 0 0
239 41 0 0 0
240 41 0 0 0
241 41 0 0 0
242 41 0 0 0
243 41 0 0 0
244 41 0 0 0
245 41 0 0 0
246 41 0 0 0
247 41 0 0 0
248 41 0 0 0
249 41 0 0 0
250 41 0 0 0
251 41 0 0 0
252 41 0 0 0
253 41 1 1 1
254 41 1 1 1
255 41 1 1 1
256 41 1 1 1
257 41 2 2 2
258 41 2 2 2
259 41 1 1 1
260 41 1 1 1
261 41 0 0 0
262 41 0 0 0
263 41 0 0 0
264 41 0 0 0
265 41 2 2 2
266 41 2 2 2
267 41 2 2 2
268 41 2 2 2
269 41 1 1 1
270 41 1 1 1
271 41 1 1 1
272 41 1 1 1
273 41 2 2 2
274 41 2 2 2
275 41 2 2 2
276 41 2 2 2
277 41 0 0 0
278 41 0 0 0
279 41 0 0 0
280 41 0 0 0
281 41 0 0 0
282 41 0 0 0
283 41 0 0 0
284 41 0 0 0
285 41 0 0 0
286 41 0 0 0
287 41 0 0 0
288 41 0 0 0
289 41 0 0 0
290 41 0 0 0
291 41 1 1 1
292 41 1 1 1
293 41 5 5 5
294 41 5 5 5
295 41 4 4 4
296 41 4 4 4
297 41 4 4 4
298 41 4 4 4
299 41 5 5 5
300 41 5 5 5
301 41 7 7 7
302 41 7 7 7
303 41 a a a
304 41 a a a
305 41 9 9 9
306 41 9 9 9
307 41 a a a
308 41 a a a
309 41 a a a
310 41 a a a
311 41 8 8 8
312 41 8 8 8
313 41 7 7 7
314 41 7 7 7
315 41 7 7 7
316 41 7 7 7
317 41 6 6 6
318 41 6 6 6
319 41 6 6 6
320 41 6 6 6
321 41 4 4 4
322 41 4 4 4
323 41 4 4 4
324 41 4 4 4
325 41 3 3 3
326 41 3 3 3
327 41 0 0 0
328 41 0 0 0
329 41 0 0 0
330 41 0 0 0
331 41 0 0 0
332 41 0 0 0
333 41 0 0 0
334 41 0 0 0
335 41 0 0 0
336 41 0 0 0
337 41 0 0 0
338 41 0 0 0
339 41 0 0 0
340 41 0 0 0
341 41 0 0 0
342 41 0 0 0
343 41 0 0 0
344 41 0 0 0
345 41 0 0 0
346 41 0 0 0
347 41 0 0 0
348 41 0 0 0
349 41 0 0 0
350 41 0 0 0
351 41 0 0 0
352 41 0 0 0
353 41 0 0 0
354 41 0 0 0
355 41 0 0 0
356 41 0 0 0
357 41 0 0 0
358 41 0 0 0
359 41 0 0 0
360 41 0 0 0
361 41 0 0 0
362 41 0 0 0
363 41 0 0 0
364 41 0 0 0
365 41 0 0 0
366 41 0 0 0
367 41 0 0 0
368 41 0 0 0
369 41 0 0 0
370 41 0 0 0
371 41 0 0 0
372 41 0 0 0
373 41 0 0 0
374 41 0 0 0
375 41 0 0 0
376 41 0 0 0
377 41 0 0 0
378 41 0 0 0
379 41 0 0 0
380 41 0 0 0
381 41 0 0 0
382 41 0 0 0
383 41 0 0 0
384 41 0 0 0
385 41 0 0 0
386 41 0 0 0
387 41 0 0 0
388 41 0 0 0
389 41 0 0 0
390 41 0 0 0
391 41 0 0 0
392 41 0 0 0
393 41 0 0 0
394 41 0 0 0
395 41 0 0 0
396 41 0 0 0
397 41 0 0 0
398 41 0 0 0
399 41 0 0 0
400 41 0 0 0
401 41 0 0 0
402 41 0 0 0
403 41 1 1 1
404 41 1 1 1
405 41 5 5 5
406 41 5 5 5
407 41 4 4 4
408 41 4 4 4
409 41 4 4 4
410 41 4 4 4
411 41 2 2 2
412 41 2 2 2
413 41 0 0 0
414 41 0 0 0
415 41 0 0 0
416 41 0 0 0
417 41 0 0 0
418 41 0 0 0
419 41 0 0 0
420 41 0 0 0
421 41 1 1 1
422 41 1 1 1
423 41 4 4 4
424 41 4 4 4
425 41 3 3 3
426 41 3 3 3
427 41 2 2 2
428 41 2 2 2
429 41 3 3 3
430 41 3 3 3
431 41 3 3 3
432 41 3 3 3
433 41 3 3 3
434 41 3 3 3
435 41 3 3 3
436 41 3 3 3
437 41 3 3 3
438 41 3 3 3
439 41 2 2 2
440 41 2 2 2
441 41 2 2 2
442 41 2 2 2
443 41 2 2 2
444 41 2 2 2
445 41 2 2 2
446 41 2 2 2
447 41 2 2 2
448 41 2 2 2
449 41 2 2 2
450 41 2 2 2
451 41 2 2 2
452 41 2 2 2
453 41 2 2 2
454 41 2 2 2
455 41 2 2 2
456 41 2 2 2
457 41 2 2 2
458 41 2 2 2
459 41 2 2 2
460 41 2 2 2
461 41 3 3 3
462 41 3 3 3
463 41 3 3 3
464 41 3 3 3
465 41 4 4 4
466 41 4 4 4
467 41 4 4 4
468 41 4 4 4
469 41 3 3 3
470 41 3 3 3
471 41 3 3 3
472 41 3 3 3
473 41 4 4 4
474 41 4 4 4
475 41 4 4 4
476 41 4 4 4
477 41 4 4 4
478 41 4 4 4
479 41 4 4 4
480 41 4 4 4
481 41 4 4 4
482 41 4 4 4
483 41 4 4 4
484 41 4 4 4
485 41 4 4 4
486 41 4 4 4
487 41 4 4 4
488 41 4 4 4
489 41 4 4 4
490 41 4 4 4
491 41 4 4 4
492 41 4 4 4
493 41 4 4 4
494 41 4 4 4
495 41 4 4 4
496 41 4 4 4
497 41 4 4 4
498 41 4 4 4
499 41 4 4 4
500 41 4 4 4
501 41 4 4 4
502 41 4 4 4
503 41 5 5 5
504 41 5 5 5
505 41 5 5 5
506 41 5 5 5
507 41 4 4 4
508 41 4 4 4
509 41 1 1 1
510 41 1 1 1
511 41 0 0 0
512 41 0 0 0
513 41 0 0 0
514 41 0 0 0
515 41 0 0 0
516 41 0 0 0
517 41 0 0 0
518 41 0 0 0
519 41 0 0 0
520 41 0 0 0
521 41 0 0 0
522 41 0 0 0
523 41 0 0 0
524 41 0 0 0
525 41 0 0 0
526 41 0 0 0
527 41 0 0 0
528 41 0 0 0
529 41 0 0 0
530 41 0 0 0
531 41 0 0 0
532 41 0 0 0
533 41 0 0 0
534 41 0 0 0
535 41 0 0 0
536 41 0 0 0
537 41 0 0 0
538 41 0 0 0
539 41 0 0 0
540 41 0 0 0
541 41 0 0 0
542 41 0 0 0
543 41 0 0 0
544 41 0 0 0
545 41 0 0 0
546 41 0 0 0
547 41 0 0 0
548 41 0 0 0
549 41 0 0 0
550 41 0 0 0
551 41 0 0 0
552 41 0 0 0
553 41 0 0 0
554 41 0 0 0
555 41 0 0 0
556 41 0 0 0
557 41 0 0 0
558 41 0 0 0
559 41 0 0 0
560 41 0 0 0
561 41 0 0 0
562 41 0 0 0
563 41 0 0 0
564 41 0 0 0
565 41 0 0 0
566 41 0 0 0
567 41 0 0 0
568 41 0 0 0
569 41 0 0 0
570 41 0 0 0
571 41 0 0 0
572 41 0 0 0
573 41 0 0 0
574 41 0 0 0
575 41 1 1 1
576 41 1 1 1
577 41 2 2 2
578 41 2 2 2
579 41 1 1 1
580 41 1 1 1
581 41 1 1 1
582 41 1 1 1
583 41 0 0 0
584 41 0 0 0
585 41 1 1 1
586 41 1 1 1
587 41 2 2 2
588 41 2 2 2
589 41 1 1 1
590 41 1 1 1
591 41 1 1 1
592 41 1 1 1
593 41 2 2 2
594 41 2 2 2
595 41 2 2 2
596 41 2 2 2
597 41 1 1 1
598 41 1 1 1
599 41 0 0 0
600 41 0 0 0
601 41 0 0 0
602 41 0 0 0
603 41 0 0 0
604 41 0 0 0
605 41 0 0 0
606 41 0 0 0
607 41 0 0 0
608 41 0 0 0
609 41 0 0 0
610 41 0 0 0
611 41 0 0 0
612 41 0 0 0
613 41 0 0 0
614 41 0 0 0
615 41 0 0 0
616 41 0 0 0
617 41 0 0 0
618 41 0 0 0
619 41 0 0 0
620 41 0 0 0
621 41 0 0 0
622 41 0 0 0
623 41 0 0 0
624 41 0 0 0
625 41 0 0 0
626 41 0 0 0
627 41 0 0 0
628 41 0 0 0
629 41 0 0 0
630 41 0 0 0
631 41 0 0 0
632 41 0 0 0
633 41 0 0 0
634 41 0 0 0
635 41 0 0 0
636 41 0 0 0
637 41 0 0 0
638 41 0 0 0
639 41 0 0 0
0 42 0 0 0
1 42 0 0 0
2 42 0 0 0
3 42 0 0 0
4 42 0 0 0
5 42 0 0 0
6 42 0 0 0
7 42 0 0 0
8 42 0 0 0
9 42 0 0 0
10 42 0 0 0
11 42 0 0 0
12 42 0 0 0
13 42 0 0 0
14 42 0 0 0
15 42 0 0 0
16 42 0 0 0
17 42 0 0 0
18 42 0 0 0
19 42 0 0 0
20 42 0 0 0
21 42 0 0 0
22 42 0 0 0
23 42 0 0 0
24 42 0 0 0
25 42 0 0 0
26 42 0 0 0
27 42 0 0 0
28 42 0 0 0
29 42 0 0 0
30 42 0 0 0
31 42 0 0 0
32 42 0 0 0
33 42 0 0 0
34 42 0 0 0
35 42 0 0 0
36 42 0 0 0
37 42 0 0 0
38 42 0 0 0
39 42 0 0 0
40 42 0 0 0
41 42 0 0 0
42 42 0 0 0
43 42 0 0 0
44 42 0 0 0
45 42 0 0 0
46 42 0 0 0
47 42 0 0 0
48 42 0 0 0
49 42 0 0 0
50 42 0 0 0
51 42 0 0 0
52 42 0 0 0
53 42 0 0 0
54 42 0 0 0
55 42 0 0 0
56 42 0 0 0
57 42 0 0 0
58 42 0 0 0
59 42 0 0 0
60 42 0 0 0
61 42 0 0 0
62 42 0 0 0
63 42 0 0 0
64 42 0 0 0
65 42 0 0 0
66 42 0 0 0
67 42 0 0 0
68 42 0 0 0
69 42 0 0 0
70 42 0 0 0
71 42 0 0 0
72 42 0 0 0
73 42 0 0 0
74 42 0 0 0
75 42 0 0 0
76 42 0 0 0
77 42 0 0 0
78 42 0 0 0
79 42 0 0 0
80 42 0 0 0
81 42 0 0 0
82 42 0 0 0
83 42 0 0 0
84 42 0 0 0
85 42 0 0 0
86 42 0 0 0
87 42 0 0 0
88 42 0 0 0
89 42 0 0 0
90 42 0 0 0
91 42 0 0 0
92 42 0 0 0
93 42 0 0 0
94 42 0 0 0
95 42 0 0 0
96 42 0 0 0
97 42 0 0 0
98 42 0 0 0
99 42 0 0 0
100 42 0 0 0
101 42 0 0 0
102 42 0 0 0
103 42 0 0 0
104 42 0 0 0
105 42 0 0 0
106 42 0 0 0
107 42 0 0 0
108 42 0 0 0
109 42 0 0 0
110 42 0 0 0
111 42 0 0 0
112 42 0 0 0
113 42 0 0 0
114 42 0 0 0
115 42 0 0 0
116 42 0 0 0
117 42 0 0 0
118 42 0 0 0
119 42 0 0 0
120 42 0 0 0
121 42 0 0 0
122 42 0 0 0
123 42 0 0 0
124 42 0 0 0
125 42 0 0 0
126 42 0 0 0
127 42 0 0 0
128 42 0 0 0
129 42 0 0 0
130 42 0 0 0
131 42 0 0 0
132 42 0 0 0
133 42 0 0 0
134 42 0 0 0
135 42 0 0 0
136 42 0 0 0
137 42 0 0 0
138 42 0 0 0
139 42 0 0 0
140 42 0 0 0
141 42 0 0 0
142 42 0 0 0
143 42 0 0 0
144 42 0 0 0
145 42 0 0 0
146 42 0 0 0
147 42 0 0 0
148 42 0 0 0
149 42 0 0 0
150 42 0 0 0
151 42 0 0 0
152 42 0 0 0
153 42 0 0 0
154 42 0 0 0
155 42 0 0 0
156 42 0 0 0
157 42 0 0 0
158 42 0 0 0
159 42 0 0 0
160 42 0 0 0
161 42 0 0 0
162 42 0 0 0
163 42 0 0 0
164 42 0 0 0
165 42 0 0 0
166 42 0 0 0
167 42 0 0 0
168 42 0 0 0
169 42 0 0 0
170 42 0 0 0
171 42 0 0 0
172 42 0 0 0
173 42 0 0 0
174 42 0 0 0
175 42 0 0 0
176 42 0 0 0
177 42 0 0 0
178 42 0 0 0
179 42 0 0 0
180 42 0 0 0
181 42 0 0 0
182 42 0 0 0
183 42 0 0 0
184 42 0 0 0
185 42 0 0 0
186 42 0 0 0
187 42 0 0 0
188 42 0 0 0
189 42 0 0 0
190 42 0 0 0
191 42 0 0 0
192 42 0 0 0
193 42 0 0 0
194 42 0 0 0
195 42 0 0 0
196 42 0 0 0
197 42 0 0 0
198 42 0 0 0
199 42 0 0 0
200 42 0 0 0
201 42 0 0 0
202 42 0 0 0
203 42 0 0 0
204 42 0 0 0
205 42 0 0 0
206 42 0 0 0
207 42 0 0 0
208 42 0 0 0
209 42 0 0 0
210 42 0 0 0
211 42 0 0 0
212 42 0 0 0
213 42 0 0 0
214 42 0 0 0
215 42 0 0 0
216 42 0 0 0
217 42 0 0 0
218 42 0 0 0
219 42 0 0 0
220 42 0 0 0
221 42 0 0 0
222 42 0 0 0
223 42 0 0 0
224 42 0 0 0
225 42 0 0 0
226 42 0 0 0
227 42 0 0 0
228 42 0 0 0
229 42 0 0 0
230 42 0 0 0
231 42 0 0 0
232 42 0 0 0
233 42 0 0 0
234 42 0 0 0
235 42 0 0 0
236 42 0 0 0
237 42 0 0 0
238 42 0 0 0
239 42 0 0 0
240 42 0 0 0
241 42 0 0 0
242 42 0 0 0
243 42 0 0 0
244 42 0 0 0
245 42 0 0 0
246 42 0 0 0
247 42 0 0 0
248 42 0 0 0
249 42 0 0 0
250 42 0 0 0
251 42 2 2 2
252 42 2 2 2
253 42 2 2 2
254 42 2 2 2
255 42 1 1 1
256 42 1 1 1
257 42 0 0 0
258 42 0 0 0
259 42 2 2 2
260 42 2 2 2
261 42 2 2 2
262 42 2 2 2
263 42 1 1 1
264 42 1 1 1
265 42 0 0 0
266 42 0 0 0
267 42 0 0 0
268 42 0 0 0
269 42 1 1 1
270 42 1 1 1
271 42 1 1 1
272 42 1 1 1
273 42 1 1 1
274 42 1 1 1
275 42 0 0 0
276 42 0 0 0
277 42 0 0 0
278 42 0 0 0
279 42 0 0 0
280 42 0 0 0
281 42 0 0 0
282 42 0 0 0
283 42 0 0 0
284 42 0 0 0
285 42 0 0 0
286 42 0 0 0
287 42 0 0 0
288 42 0 0 0
289 42 0 0 0
290 42 0 0 0
291 42 1 1 1
292 42 1 1 1
293 42 5 5 5
294 42 5 5 5
295 42 4 4 4
296 42 4 4 4
297 42 4 4 4
298 42 4 4 4
299 42 6 6 6
300 42 6 6 6
301 42 6 6 6
302 42 6 6 6
303 42 8 8 8
304 42 8 8 8
305 42 a a a
306 42 a a a
307 42 a a a
308 42 a a a
309 42 a a a
310 42 a a a
311 42 a a a
312 42 a a a
313 42 9 9 9
314 42 9 9 9
315 42 8 8 8
316 42 8 8 8
317 42 7 7 7
318 42 7 7 7
319 42 7 7 7
320 42 7 7 7
321 42 6 6 6
322 42 6 6 6
323 42 4 4 4
324 42 4 4 4
325 42 4 4 4
326 42 4 4 4
327 42 0 0 0
328 42 0 0 0
329 42 0 0 0
330 42 0 0 0
331 42 0 0 0
332 42 0 0 0
333 42 0 0 0
334 42 0 0 0
335 42 0 0 0
336 42 0 0 0
337 42 0 0 0
338 42 0 0 0
339 42 0 0 0
340 42 0 0 0
341 42 0 0 0
342 42 0 0 0
343 42 0 0 0
344 42 0 0 0
345 42 0 0 0
346 42 0 0 0
347 42 0 0 0
348 42 0 0 0
349 42 0 0 0
350 42 0 0 0
351 42 0 0 0
352 42 0 0 0
353 42 0 0 0
354 42 0 0 0
355 42 0 0 0
356 42 0 0 0
357 42 0 0 0
358 42 0 0 0
359 42 0 0 0
360 42 0 0 0
361 42 0 0 0
362 42 0 0 0
363 42 0 0 0
364 42 0 0 0
365 42 0 0 0
366 42 0 0 0
367 42 0 0 0
368 42 0 0 0
369 42 0 0 0
370 42 0 0 0
371 42 0 0 0
372 42 0 0 0
373 42 0 0 0
374 42 0 0 0
375 42 0 0 0
376 42 0 0 0
377 42 0 0 0
378 42 0 0 0
379 42 0 0 0
380 42 0 0 0
381 42 0 0 0
382 42 0 0 0
383 42 0 0 0
384 42 0 0 0
385 42 0 0 0
386 42 0 0 0
387 42 0 0 0
388 42 0 0 0
389 42 0 0 0
390 42 0 0 0
391 42 0 0 0
392 42 0 0 0
393 42 0 0 0
394 42 0 0 0
395 42 0 0 0
396 42 0 0 0
397 42 0 0 0
398 42 0 0 0
399 42 0 0 0
400 42 0 0 0
401 42 0 0 0
402 42 0 0 0
403 42 0 0 0
404 42 0 0 0
405 42 5 5 5
406 42 5 5 5
407 42 4 4 4
408 42 4 4 4
409 42 4 4 4
410 42 4 4 4
411 42 4 4 4
412 42 4 4 4
413 42 0 0 0
414 42 0 0 0
415 42 0 0 0
416 42 0 0 0
417 42 0 0 0
418 42 0 0 0
419 42 1 1 1
420 42 1 1 1
421 42 4 4 4
422 42 4 4 4
423 42 2 2 2
424 42 2 2 2
425 42 2 2 2
426 42 2 2 2
427 42 2 2 2
428 42 2 2 2
429 42 2 2 2
430 42 2 2 2
431 42 2 2 2
432 42 2 2 2
433 42 2 2 2
434 42 2 2 2
435 42 2 2 2
436 42 2 2 2
437 42 2 2 2
438 42 2 2 2
439 42 2 2 2
440 42 2 2 2
441 42 2 2 2
442 42 2 2 2
443 42 3 3 3
444 42 3 3 3
445 42 3 3 3
446 42 3 3 3
447 42 3 3 3
448 42 3 3 3
449 42 3 3 3
450 42 3 3 3
451 42 3 3 3
452 42 3 3 3
453 42 3 3 3
454 42 3 3 3
455 42 3 3 3
456 42 3 3 3
457 42 3 3 3
458 42 3 3 3
459 42 3 3 3
460 42 3 3 3
461 42 3 3 3
462 42 3 3 3
463 42 3 3 3
464 42 3 3 3
465 42 3 3 3
466 42 3 3 3
467 42 3 3 3
468 42 3 3 3
469 42 3 3 3
470 42 3 3 3
471 42 3 3 3
472 42 3 3 3
473 42 3 3 3
474 42 3 3 3
475 42 4 4 4
476 42 4 4 4
477 42 4 4 4
478 42 4 4 4
479 42 4 4 4
480 42 4 4 4
481 42 4 4 4
482 42 4 4 4
483 42 4 4 4
484 42 4 4 4
485 42 4 4 4
486 42 4 4 4
487 42 4 4 4
488 42 4 4 4
489 42 4 4 4
490 42 4 4 4
491 42 4 4 4
492 42 4 4 4
493 42 4 4 4
494 42 4 4 4
495 42 4 4 4
496 42 4 4 4
497 42 4 4 4
498 42 4 4 4
499 42 4 4 4
500 42 4 4 4
501 42 4 4 4
502 42 4 4 4
503 42 4 4 4
504 42 4 4 4
505 42 4 4 4
506 42 4 4 4
507 42 4 4 4
508 42 4 4 4
509 42 6 6 6
510 42 6 6 6
511 42 3 3 3
512 42 3 3 3
513 42 0 0 0
514 42 0 0 0
515 42 0 0 0
516 42 0 0 0
517 42 0 0 0
518 42 0 0 0
519 42 0 0 0
520 42 0 0 0
521 42 0 0 0
522 42 0 0 0
523 42 0 0 0
524 42 0 0 0
525 42 0 0 0
526 42 0 0 0
527 42 0 0 0
528 42 0 0 0
529 42 0 0 0
530 42 0 0 0
531 42 0 0 0
532 42 0 0 0
533 42 0 0 0
534 42 0 0 0
535 42 0 0 0
536 42 0 0 0
537 42 0 0 0
538 42 0 0 0
539 42 0 0 0
540 42 0 0 0
541 42 0 0 0
542 42 0 0 0
543 42 0 0 0
544 42 0 0 0
545 42 0 0 0
546 42 0 0 0
547 42 0 0 0
548 42 0 0 0
549 42 0 0 0
550 42 0 0 0
551 42 0 0 0
552 42 0 0 0
553 42 0 0 0
554 42 0 0 0
555 42 0 0 0
556 42 0 0 0
557 42 0 0 0
558 42 0 0 0
559 42 0 0 0
560 42 0 0 0
561 42 0 0 0
562 42 0 0 0
563 42 0 0 0
564 42 0 0 0
565 42 0 0 0
566 42 0 0 0
567 42 0 0 0
568 42 0 0 0
569 42 0 0 0
570 42 0 0 0
571 42 1 1 1
572 42 1 1 1
573 42 2 2 2
574 42 2 2 2
575 42 1 1 1
576 42 1 1 1
577 42 0 0 0
578 42 0 0 0
579 42 1 1 1
580 42 1 1 1
581 42 2 2 2
582 42 2 2 2
583 42 1 1 1
584 42 1 1 1
585 42 0 0 0
586 42 0 0 0
587 42 0 0 0
588 42 0 0 0
589 42 1 1 1
590 42 1 1 1
591 42 1 1 1
592 42 1 1 1
593 42 1 1 1
594 42 1 1 1
595 42 0 0 0
596 42 0 0 0
597 42 0 0 0
598 42 0 0 0
599 42 0 0 0
600 42 0 0 0
601 42 0 0 0
602 42 0 0 0
603 42 0 0 0
604 42 0 0 0
605 42 0 0 0
606 42 0 0 0
607 42 0 0 0
608 42 0 0 0
609 42 0 0 0
610 42 0 0 0
611 42 0 0 0
612 42 0 0 0
613 42 0 0 0
614 42 0 0 0
615 42 0 0 0
616 42 0 0 0
617 42 0 0 0
618 42 0 0 0
619 42 0 0 0
620 42 0 0 0
621 42 0 0 0
622 42 0 0 0
623 42 0 0 0
624 42 0 0 0
625 42 0 0 0
626 42 0 0 0
627 42 0 0 0
628 42 0 0 0
629 42 0 0 0
630 42 0 0 0
631 42 0 0 0
632 42 0 0 0
633 42 0 0 0
634 42 0 0 0
635 42 0 0 0
636 42 0 0 0
637 42 0 0 0
638 42 0 0 0
639 42 0 0 0
0 43 0 0 0
1 43 0 0 0
2 43 0 0 0
3 43 0 0 0
4 43 0 0 0
5 43 0 0 0
6 43 0 0 0
7 43 0 0 0
8 43 0 0 0
9 43 0 0 0
10 43 0 0 0
11 43 0 0 0
12 43 0 0 0
13 43 0 0 0
14 43 0 0 0
15 43 0 0 0
16 43 0 0 0
17 43 0 0 0
18 43 0 0 0
19 43 0 0 0
20 43 0 0 0
21 43 0 0 0
22 43 0 0 0
23 43 0 0 0
24 43 0 0 0
25 43 0 0 0
26 43 0 0 0
27 43 0 0 0
28 43 0 0 0
29 43 0 0 0
30 43 0 0 0
31 43 0 0 0
32 43 0 0 0
33 43 0 0 0
34 43 0 0 0
35 43 0 0 0
36 43 0 0 0
37 43 0 0 0
38 43 0 0 0
39 43 0 0 0
40 43 0 0 0
41 43 0 0 0
42 43 0 0 0
43 43 0 0 0
44 43 0 0 0
45 43 0 0 0
46 43 0 0 0
47 43 0 0 0
48 43 0 0 0
49 43 0 0 0
50 43 0 0 0
51 43 0 0 0
52 43 0 0 0
53 43 0 0 0
54 43 0 0 0
55 43 0 0 0
56 43 0 0 0
57 43 0 0 0
58 43 0 0 0
59 43 0 0 0
60 43 0 0 0
61 43 0 0 0
62 43 0 0 0
63 43 0 0 0
64 43 0 0 0
65 43 0 0 0
66 43 0 0 0
67 43 0 0 0
68 43 0 0 0
69 43 0 0 0
70 43 0 0 0
71 43 0 0 0
72 43 0 0 0
73 43 0 0 0
74 43 0 0 0
75 43 0 0 0
76 43 0 0 0
77 43 0 0 0
78 43 0 0 0
79 43 0 0 0
80 43 0 0 0
81 43 0 0 0
82 43 0 0 0
83 43 0 0 0
84 43 0 0 0
85 43 0 0 0
86 43 0 0 0
87 43 0 0 0
88 43 0 0 0
89 43 0 0 0
90 43 0 0 0
91 43 0 0 0
92 43 0 0 0
93 43 0 0 0
94 43 0 0 0
95 43 0 0 0
96 43 0 0 0
97 43 0 0 0
98 43 0 0 0
99 43 0 0 0
100 43 0 0 0
101 43 0 0 0
102 43 0 0 0
103 43 0 0 0
104 43 0 0 0
105 43 0 0 0
106 43 0 0 0
107 43 0 0 0
108 43 0 0 0
109 43 0 0 0
110 43 0 0 0
111 43 0 0 0
112 43 0 0 0
113 43 0 0 0
114 43 0 0 0
115 43 0 0 0
116 43 0 0 0
117 43 0 0 0
118 43 0 0 0
119 43 0 0 0
120 43 0 0 0
121 43 0 0 0
122 43 0 0 0
123 43 0 0 0
124 43 0 0 0
125 43 0 0 0
126 43 0 0 0
127 43 0 0 0
128 43 0 0 0
129 43 0 0 0
130 43 0 0 0
131 43 0 0 0
132 43 0 0 0
133 43 0 0 0
134 43 0 0 0
135 43 0 0 0
136 43 0 0 0
137 43 0 0 0
138 43 0 0 0
139 43 0 0 0
140 43 0 0 0
141 43 0 0 0
142 43 0 0 0
143 43 0 0 0
144 43 0 0 0
145 43 0 0 0
146 43 0 0 0
147 43 0 0 0
148 43 0 0 0
149 43 0 0 0
150 43 0 0 0
151 43 0 0 0
152 43 0 0 0
153 43 0 0 0
154 43 0 0 0
155 43 0 0 0
156 43 0 0 0
157 43 0 0 0
158 43 0 0 0
159 43 0 0 0
160 43 0 0 0
161 43 0 0 0
162 43 0 0 0
163 43 0 0 0
164 43 0 0 0
165 43 0 0 0
166 43 0 0 0
167 43 0 0 0
168 43 0 0 0
169 43 0 0 0
170 43 0 0 0
171 43 0 0 0
172 43 0 0 0
173 43 0 0 0
174 43 0 0 0
175 43 0 0 0
176 43 0 0 0
177 43 0 0 0
178 43 0 0 0
179 43 0 0 0
180 43 0 0 0
181 43 0 0 0
182 43 0 0 0
183 43 0 0 0
184 43 0 0 0
185 43 0 0 0
186 43 0 0 0
187 43 0 0 0
188 43 0 0 0
189 43 0 0 0
190 43 0 0 0
191 43 0 0 0
192 43 0 0 0
193 43 0 0 0
194 43 0 0 0
195 43 0 0 0
196 43 0 0 0
197 43 0 0 0
198 43 0 0 0
199 43 0 0 0
200 43 0 0 0
201 43 0 0 0
202 43 0 0 0
203 43 0 0 0
204 43 0 0 0
205 43 0 0 0
206 43 0 0 0
207 43 0 0 0
208 43 0 0 0
209 43 0 0 0
210 43 0 0 0
211 43 0 0 0
212 43 0 0 0
213 43 0 0 0
214 43 0 0 0
215 43 0 0 0
216 43 0 0 0
217 43 0 0 0
218 43 0 0 0
219 43 0 0 0
220 43 0 0 0
221 43 0 0 0
222 43 0 0 0
223 43 0 0 0
224 43 0 0 0
225 43 0 0 0
226 43 0 0 0
227 43 0 0 0
228 43 0 0 0
229 43 0 0 0
230 43 0 0 0
231 43 0 0 0
232 43 0 0 0
233 43 0 0 0
234 43 0 0 0
235 43 0 0 0
236 43 0 0 0
237 43 0 0 0
238 43 0 0 0
239 43 0 0 0
240 43 0 0 0
241 43 0 0 0
242 43 0 0 0
243 43 0 0 0
244 43 0 0 0
245 43 0 0 0
246 43 0 0 0
247 43 0 0 0
248 43 0 0 0
249 43 0 0 0
250 43 0 0 0
251 43 2 2 2
252 43 2 2 2
253 43 2 2 2
254 43 2 2 2
255 43 1 1 1
256 43 1 1 1
257 43 0 0 0
258 43 0 0 0
259 43 2 2 2
260 43 2 2 2
261 43 2 2 2
262 43 2 2 2
263 43 1 1 1
264 43 1 1 1
265 43 0 0 0
266 43 0 0 0
267 43 0 0 0
268 43 0 0 0
269 43 1 1 1
270 43 1 1 1
271 43 1 1 1
272 43 1 1 1
273 43 1 1 1
274 43 1 1 1
275 43 0 0 0
276 43 0 0 0
277 43 0 0 0
278 43 0 0 0
279 43 0 0 0
280 43 0 0 0
281 43 0 0 0
282 43 0 0 0
283 43 0 0 0
284 43 0 0 0
285 43 0 0 0
286 43 0 0 0
287 43 0 0 0
288 43 0 0 0
289 43 0 0 0
290 43 0 0 0
291 43 1 1 1
292 43 1 1 1
293 43 5 5 5
294 43 5 5 5
295 43 4 4 4
296 43 4 4 4
297 43 4 4 4
298 43 4 4 4
299 43 6 6 6
300 43 6 6 6
301 43 6 6 6
302 43 6 6 6
303 43 8 8 8
304 43 8 8 8
305 43 a a a
306 43 a a a
307 43 a a a
308 43 a a a
309 43 a a a
310 43 a a a
311 43 a a a
312 43 a a a
313 43 9 9 9
314 43 9 9 9
315 43 8 8 8
316 43 8 8 8
317 43 7 7 7
318 43 7 7 7
319 43 7 7 7
320 43 7 7 7
321 43 6 6 6
322 43 6 6 6
323 43 4 4 4
324 43 4 4 4
325 43 4 4 4
326 43 4 4 4
327 43 0 0 0
328 43 0 0 0
329 43 0 0 0
330 43 0 0 0
331 43 0 0 0
332 43 0 0 0
333 43 0 0 0
334 43 0 0 0
335 43 0 0 0
336 43 0 0 0
337 43 0 0 0
338 43 0 0 0
339 43 0 0 0
340 43 0 0 0
341 43 0 0 0
342 43 0 0 0
343 43 0 0 0
344 43 0 0 0
345 43 0 0 0
346 43 0 0 0
347 43 0 0 0
348 43 0 0 0
349 43 0 0 0
350 43 0 0 0
351 43 0 0 0
352 43 0 0 0
353 43 0 0 0
354 43 0 0 0
355 43 0 0 0
356 43 0 0 0
357 43 0 0 0
358 43 0 0 0
359 43 0 0 0
360 43 0 0 0
361 43 0 0 0
362 43 0 0 0
363 43 0 0 0
364 43 0 0 0
365 43 0 0 0
366 43 0 0 0
367 43 0 0 0
368 43 0 0 0
369 43 0 0 0
370 43 0 0 0
371 43 0 0 0
372 43 0 0 0
373 43 0 0 0
374 43 0 0 0
375 43 0 0 0
376 43 0 0 0
377 43 0 0 0
378 43 0 0 0
379 43 0 0 0
380 43 0 0 0
381 43 0 0 0
382 43 0 0 0
383 43 0 0 0
384 43 0 0 0
385 43 0 0 0
386 43 0 0 0
387 43 0 0 0
388 43 0 0 0
389 43 0 0 0
390 43 0 0 0
391 43 0 0 0
392 43 0 0 0
393 43 0 0 0
394 43 0 0 0
395 43 0 0 0
396 43 0 0 0
397 43 0 0 0
398 43 0 0 0
399 43 0 0 0
400 43 0 0 0
401 43 0 0 0
402 43 0 0 0
403 43 0 0 0
404 43 0 0 0
405 43 5 5 5
406 43 5 5 5
407 43 4 4 4
408 43 4 4 4
409 43 4 4 4
410 43 4 4 4
411 43 4 4 4
412 43 4 4 4
413 43 0 0 0
414 43 0 0 0
415 43 0 0 0
416 43 0 0 0
417 43 0 0 0
418 43 0 0 0
419 43 1 1 1
420 43 1 1 1
421 43 4 4 4
422 43 4 4 4
423 43 2 2 2
424 43 2 2 2
425 43 2 2 2
426 43 2 2 2
427 43 2 2 2
428 43 2 2 2
429 43 2 2 2
430 43 2 2 2
431 43 2 2 2
432 43 2 2 2
433 43 2 2 2
434 43 2 2 2
435 43 2 2 2
436 43 2 2 2
437 43 2 2 2
438 43 2 2 2
439 43 2 2 2
440 43 2 2 2
441 43 2 2 2
442 43 2 2 2
443 43 3 3 3
444 43 3 3 3
445 43 3 3 3
446 43 3 3 3
447 43 3 3 3
448 43 3 3 3
449 43 3 3 3
450 43 3 3 3
451 43 3 3 3
452 43 3 3 3
453 43 3 3 3
454 43 3 3 3
455 43 3 3 3
456 43 3 3 3
457 43 3 3 3
458 43 3 3 3
459 43 3 3 3
460 43 3 3 3
461 43 3 3 3
462 43 3 3 3
463 43 3 3 3
464 43 3 3 3
465 43 3 3 3
466 43 3 3 3
467 43 3 3 3
468 43 3 3 3
469 43 3 3 3
470 43 3 3 3
471 43 3 3 3
472 43 3 3 3
473 43 3 3 3
474 43 3 3 3
475 43 4 4 4
476 43 4 4 4
477 43 4 4 4
478 43 4 4 4
479 43 4 4 4
480 43 4 4 4
481 43 4 4 4
482 43 4 4 4
483 43 4 4 4
484 43 4 4 4
485 43 4 4 4
486 43 4 4 4
487 43 4 4 4
488 43 4 4 4
489 43 4 4 4
490 43 4 4 4
491 43 4 4 4
492 43 4 4 4
493 43 4 4 4
494 43 4 4 4
495 43 4 4 4
496 43 4 4 4
497 43 4 4 4
498 43 4 4 4
499 43 4 4 4
500 43 4 4 4
501 43 4 4 4
502 43 4 4 4
503 43 4 4 4
504 43 4 4 4
505 43 4 4 4
506 43 4 4 4
507 43 4 4 4
508 43 4 4 4
509 43 6 6 6
510 43 6 6 6
511 43 3 3 3
512 43 3 3 3
513 43 0 0 0
514 43 0 0 0
515 43 0 0 0
516 43 0 0 0
517 43 0 0 0
518 43 0 0 0
519 43 0 0 0
520 43 0 0 0
521 43 0 0 0
522 43 0 0 0
523 43 0 0 0
524 43 0 0 0
525 43 0 0 0
526 43 0 0 0
527 43 0 0 0
528 43 0 0 0
529 43 0 0 0
530 43 0 0 0
531 43 0 0 0
532 43 0 0 0
533 43 0 0 0
534 43 0 0 0
535 43 0 0 0
536 43 0 0 0
537 43 0 0 0
538 43 0 0 0
539 43 0 0 0
540 43 0 0 0
541 43 0 0 0
542 43 0 0 0
543 43 0 0 0
544 43 0 0 0
545 43 0 0 0
546 43 0 0 0
547 43 0 0 0
548 43 0 0 0
549 43 0 0 0
550 43 0 0 0
551 43 0 0 0
552 43 0 0 0
553 43 0 0 0
554 43 0 0 0
555 43 0 0 0
556 43 0 0 0
557 43 0 0 0
558 43 0 0 0
559 43 0 0 0
560 43 0 0 0
561 43 0 0 0
562 43 0 0 0
563 43 0 0 0
564 43 0 0 0
565 43 0 0 0
566 43 0 0 0
567 43 0 0 0
568 43 0 0 0
569 43 0 0 0
570 43 0 0 0
571 43 1 1 1
572 43 1 1 1
573 43 2 2 2
574 43 2 2 2
575 43 1 1 1
576 43 1 1 1
577 43 0 0 0
578 43 0 0 0
579 43 1 1 1
580 43 1 1 1
581 43 2 2 2
582 43 2 2 2
583 43 1 1 1
584 43 1 1 1
585 43 0 0 0
586 43 0 0 0
587 43 0 0 0
588 43 0 0 0
589 43 1 1 1
590 43 1 1 1
591 43 1 1 1
592 43 1 1 1
593 43 1 1 1
594 43 1 1 1
595 43 0 0 0
596 43 0 0 0
597 43 0 0 0
598 43 0 0 0
599 43 0 0 0
600 43 0 0 0
601 43 0 0 0
602 43 0 0 0
603 43 0 0 0
604 43 0 0 0
605 43 0 0 0
606 43 0 0 0
607 43 0 0 0
608 43 0 0 0
609 43 0 0 0
610 43 0 0 0
611 43 0 0 0
612 43 0 0 0
613 43 0 0 0
614 43 0 0 0
615 43 0 0 0
616 43 0 0 0
617 43 0 0 0
618 43 0 0 0
619 43 0 0 0
620 43 0 0 0
621 43 0 0 0
622 43 0 0 0
623 43 0 0 0
624 43 0 0 0
625 43 0 0 0
626 43 0 0 0
627 43 0 0 0
628 43 0 0 0
629 43 0 0 0
630 43 0 0 0
631 43 0 0 0
632 43 0 0 0
633 43 0 0 0
634 43 0 0 0
635 43 0 0 0
636 43 0 0 0
637 43 0 0 0
638 43 0 0 0
639 43 0 0 0
0 44 0 0 0
1 44 0 0 0
2 44 0 0 0
3 44 0 0 0
4 44 0 0 0
5 44 0 0 0
6 44 0 0 0
7 44 0 0 0
8 44 0 0 0
9 44 0 0 0
10 44 0 0 0
11 44 0 0 0
12 44 0 0 0
13 44 0 0 0
14 44 0 0 0
15 44 0 0 0
16 44 0 0 0
17 44 0 0 0
18 44 0 0 0
19 44 0 0 0
20 44 0 0 0
21 44 0 0 0
22 44 0 0 0
23 44 0 0 0
24 44 0 0 0
25 44 0 0 0
26 44 0 0 0
27 44 0 0 0
28 44 0 0 0
29 44 0 0 0
30 44 0 0 0
31 44 0 0 0
32 44 0 0 0
33 44 0 0 0
34 44 0 0 0
35 44 0 0 0
36 44 0 0 0
37 44 0 0 0
38 44 0 0 0
39 44 0 0 0
40 44 0 0 0
41 44 0 0 0
42 44 0 0 0
43 44 0 0 0
44 44 0 0 0
45 44 0 0 0
46 44 0 0 0
47 44 0 0 0
48 44 0 0 0
49 44 0 0 0
50 44 0 0 0
51 44 0 0 0
52 44 0 0 0
53 44 0 0 0
54 44 0 0 0
55 44 0 0 0
56 44 0 0 0
57 44 0 0 0
58 44 0 0 0
59 44 0 0 0
60 44 0 0 0
61 44 0 0 0
62 44 0 0 0
63 44 0 0 0
64 44 0 0 0
65 44 0 0 0
66 44 0 0 0
67 44 0 0 0
68 44 0 0 0
69 44 0 0 0
70 44 0 0 0
71 44 0 0 0
72 44 0 0 0
73 44 0 0 0
74 44 0 0 0
75 44 0 0 0
76 44 0 0 0
77 44 0 0 0
78 44 0 0 0
79 44 0 0 0
80 44 0 0 0
81 44 0 0 0
82 44 0 0 0
83 44 0 0 0
84 44 0 0 0
85 44 0 0 0
86 44 0 0 0
87 44 0 0 0
88 44 0 0 0
89 44 0 0 0
90 44 0 0 0
91 44 0 0 0
92 44 0 0 0
93 44 0 0 0
94 44 0 0 0
95 44 0 0 0
96 44 0 0 0
97 44 0 0 0
98 44 0 0 0
99 44 0 0 0
100 44 0 0 0
101 44 0 0 0
102 44 0 0 0
103 44 0 0 0
104 44 0 0 0
105 44 0 0 0
106 44 0 0 0
107 44 0 0 0
108 44 0 0 0
109 44 0 0 0
110 44 0 0 0
111 44 0 0 0
112 44 0 0 0
113 44 0 0 0
114 44 0 0 0
115 44 0 0 0
116 44 0 0 0
117 44 0 0 0
118 44 0 0 0
119 44 0 0 0
120 44 0 0 0
121 44 0 0 0
122 44 0 0 0
123 44 0 0 0
124 44 0 0 0
125 44 0 0 0
126 44 0 0 0
127 44 0 0 0
128 44 0 0 0
129 44 0 0 0
130 44 0 0 0
131 44 0 0 0
132 44 0 0 0
133 44 0 0 0
134 44 0 0 0
135 44 0 0 0
136 44 0 0 0
137 44 0 0 0
138 44 0 0 0
139 44 0 0 0
140 44 0 0 0
141 44 0 0 0
142 44 0 0 0
143 44 0 0 0
144 44 0 0 0
145 44 0 0 0
146 44 0 0 0
147 44 0 0 0
148 44 0 0 0
149 44 0 0 0
150 44 0 0 0
151 44 0 0 0
152 44 0 0 0
153 44 0 0 0
154 44 0 0 0
155 44 0 0 0
156 44 0 0 0
157 44 0 0 0
158 44 0 0 0
159 44 0 0 0
160 44 0 0 0
161 44 0 0 0
162 44 0 0 0
163 44 0 0 0
164 44 0 0 0
165 44 0 0 0
166 44 0 0 0
167 44 0 0 0
168 44 0 0 0
169 44 0 0 0
170 44 0 0 0
171 44 0 0 0
172 44 0 0 0
173 44 0 0 0
174 44 0 0 0
175 44 0 0 0
176 44 0 0 0
177 44 0 0 0
178 44 0 0 0
179 44 0 0 0
180 44 0 0 0
181 44 0 0 0
182 44 0 0 0
183 44 0 0 0
184 44 0 0 0
185 44 0 0 0
186 44 0 0 0
187 44 0 0 0
188 44 0 0 0
189 44 0 0 0
190 44 0 0 0
191 44 0 0 0
192 44 0 0 0
193 44 0 0 0
194 44 0 0 0
195 44 0 0 0
196 44 0 0 0
197 44 0 0 0
198 44 0 0 0
199 44 0 0 0
200 44 0 0 0
201 44 0 0 0
202 44 0 0 0
203 44 0 0 0
204 44 0 0 0
205 44 0 0 0
206 44 0 0 0
207 44 0 0 0
208 44 0 0 0
209 44 0 0 0
210 44 0 0 0
211 44 0 0 0
212 44 0 0 0
213 44 0 0 0
214 44 0 0 0
215 44 0 0 0
216 44 0 0 0
217 44 0 0 0
218 44 0 0 0
219 44 0 0 0
220 44 0 0 0
221 44 0 0 0
222 44 0 0 0
223 44 0 0 0
224 44 0 0 0
225 44 0 0 0
226 44 0 0 0
227 44 0 0 0
228 44 0 0 0
229 44 0 0 0
230 44 0 0 0
231 44 0 0 0
232 44 0 0 0
233 44 0 0 0
234 44 0 0 0
235 44 0 0 0
236 44 0 0 0
237 44 0 0 0
238 44 0 0 0
239 44 0 0 0
240 44 0 0 0
241 44 0 0 0
242 44 0 0 0
243 44 0 0 0
244 44 0 0 0
245 44 0 0 0
246 44 0 0 0
247 44 0 0 0
248 44 0 0 0
249 44 1 1 1
250 44 1 1 1
251 44 2 2 2
252 44 2 2 2
253 44 0 0 0
254 44 0 0 0
255 44 0 0 0
256 44 0 0 0
257 44 1 1 1
258 44 1 1 1
259 44 2 2 2
260 44 2 2 2
261 44 1 1 1
262 44 1 1 1
263 44 1 1 1
264 44 1 1 1
265 44 1 1 1
266 44 1 1 1
267 44 0 0 0
268 44 0 0 0
269 44 0 0 0
270 44 0 0 0
271 44 0 0 0
272 44 0 0 0
273 44 0 0 0
274 44 0 0 0
275 44 0 0 0
276 44 0 0 0
277 44 2 2 2
278 44 2 2 2
279 44 0 0 0
280 44 0 0 0
281 44 0 0 0
282 44 0 0 0
283 44 0 0 0
284 44 0 0 0
285 44 0 0 0
286 44 0 0 0
287 44 0 0 0
288 44 0 0 0
289 44 0 0 0
290 44 0 0 0
291 44 1 1 1
292 44 1 1 1
293 44 5 5 5
294 44 5 5 5
295 44 4 4 4
296 44 4 4 4
297 44 4 4 4
298 44 4 4 4
299 44 7 7 7
300 44 7 7 7
301 44 a a a
302 44 a a a
303 44 6 6 6
304 44 6 6 6
305 44 7 7 7
306 44 7 7 7
307 44 9 9 9
308 44 9 9 9
309 44 a a a
310 44 a a a
311 44 a a a
312 44 a a a
313 44 a a a
314 44 a a a
315 44 9 9 9
316 44 9 9 9
317 44 8 8 8
318 44 8 8 8
319 44 6 6 6
320 44 6 6 6
321 44 7 7 7
322 44 7 7 7
323 44 6 6 6
324 44 6 6 6
325 44 4 4 4
326 44 4 4 4
327 44 3 3 3
328 44 3 3 3
329 44 0 0 0
330 44 0 0 0
331 44 0 0 0
332 44 0 0 0
333 44 0 0 0
334 44 0 0 0
335 44 0 0 0
336 44 0 0 0
337 44 0 0 0
338 44 0 0 0
339 44 0 0 0
340 44 0 0 0
341 44 0 0 0
342 44 0 0 0
343 44 0 0 0
344 44 0 0 0
345 44 0 0 0
346 44 0 0 0
347 44 0 0 0
348 44 0 0 0
349 44 0 0 0
350 44 0 0 0
351 44 0 0 0
352 44 0 0 0
353 44 0 0 0
354 44 0 0 0
355 44 0 0 0
356 44 0 0 0
357 44 0 0 0
358 44 0 0 0
359 44 0 0 0
360 44 0 0 0
361 44 0 0 0
362 44 0 0 0
363 44 0 0 0
364 44 0 0 0
365 44 0 0 0
366 44 0 0 0
367 44 0 0 0
368 44 0 0 0
369 44 0 0 0
370 44 0 0 0
371 44 0 0 0
372 44 0 0 0
373 44 0 0 0
374 44 0 0 0
375 44 0 0 0
376 44 0 0 0
377 44 0 0 0
378 44 0 0 0
379 44 0 0 0
380 44 0 0 0
381 44 0 0 0
382 44 0 0 0
383 44 0 0 0
384 44 0 0 0
385 44 0 0 0
386 44 0 0 0
387 44 0 0 0
388 44 0 0 0
389 44 0 0 0
390 44 0 0 0
391 44 0 0 0
392 44 0 0 0
393 44 0 0 0
394 44 0 0 0
395 44 0 0 0
396 44 0 0 0
397 44 0 0 0
398 44 0 0 0
399 44 0 0 0
400 44 0 0 0
401 44 0 0 0
402 44 0 0 0
403 44 0 0 0
404 44 0 0 0
405 44 5 5 5
406 44 5 5 5
407 44 4 4 4
408 44 4 4 4
409 44 4 4 4
410 44 4 4 4
411 44 4 4 4
412 44 4 4 4
413 44 1 1 1
414 44 1 1 1
415 44 0 0 0
416 44 0 0 0
417 44 1 1 1
418 44 1 1 1
419 44 3 3 3
420 44 3 3 3
421 44 2 2 2
422 44 2 2 2
423 44 2 2 2
424 44 2 2 2
425 44 2 2 2
426 44 2 2 2
427 44 2 2 2
428 44 2 2 2
429 44 2 2 2
430 44 2 2 2
431 44 2 2 2
432 44 2 2 2
433 44 2 2 2
434 44 2 2 2
435 44 2 2 2
436 44 2 2 2
437 44 3 3 3
438 44 3 3 3
439 44 3 3 3
440 44 3 3 3
441 44 4 4 4
442 44 4 4 4
443 44 4 4 4
444 44 4 4 4
445 44 4 4 4
446 44 4 4 4
447 44 4 4 4
448 44 4 4 4
449 44 4 4 4
450 44 4 4 4
451 44 4 4 4
452 44 4 4 4
453 44 4 4 4
454 44 4 4 4
455 44 4 4 4
456 44 4 4 4
457 44 4 4 4
458 44 4 4 4
459 44 4 4 4
460 44 4 4 4
461 44 3 3 3
462 44 3 3 3
463 44 3 3 3
464 44 3 3 3
465 44 3 3 3
466 44 3 3 3
467 44 3 3 3
468 44 3 3 3
469 44 3 3 3
470 44 3 3 3
471 44 3 3 3
472 44 3 3 3
473 44 3 3 3
474 44 3 3 3
475 44 3 3 3
476 44 3 3 3
477 44 3 3 3
478 44 3 3 3
479 44 3 3 3
480 44 3 3 3
481 44 4 4 4
482 44 4 4 4
483 44 4 4 4
484 44 4 4 4
485 44 4 4 4
486 44 4 4 4
487 44 4 4 4
488 44 4 4 4
489 44 4 4 4
490 44 4 4 4
491 44 4 4 4
492 44 4 4 4
493 44 4 4 4
494 44 4 4 4
495 44 4 4 4
496 44 4 4 4
497 44 4 4 4
498 44 4 4 4
499 44 4 4 4
500 44 4 4 4
501 44 4 4 4
502 44 4 4 4
503 44 4 4 4
504 44 4 4 4
505 44 4 4 4
506 44 4 4 4
507 44 4 4 4
508 44 4 4 4
509 44 4 4 4
510 44 4 4 4
511 44 5 5 5
512 44 5 5 5
513 44 4 4 4
514 44 4 4 4
515 44 0 0 0
516 44 0 0 0
517 44 0 0 0
518 44 0 0 0
519 44 0 0 0
520 44 0 0 0
521 44 0 0 0
522 44 0 0 0
523 44 0 0 0
524 44 0 0 0
525 44 0 0 0
526 44 0 0 0
527 44 0 0 0
528 44 0 0 0
529 44 0 0 0
530 44 0 0 0
531 44 0 0 0
532 44 0 0 0
533 44 0 0 0
534 44 0 0 0
535 44 0 0 0
536 44 0 0 0
537 44 0 0 0
538 44 0 0 0
539 44 0 0 0
540 44 0 0 0
541 44 0 0 0
542 44 0 0 0
543 44 0 0 0
544 44 0 0 0
545 44 0 0 0
546 44 0 0 0
547 44 0 0 0
548 44 0 0 0
549 44 0 0 0
550 44 0 0 0
551 44 0 0 0
552 44 0 0 0
553 44 0 0 0
554 44 0 0 0
555 44 0 0 0
556 44 0 0 0
557 44 0 0 0
558 44 0 0 0
559 44 0 0 0
560 44 0 0 0
561 44 0 0 0
562 44 0 0 0
563 44 0 0 0
564 44 0 0 0
565 44 0 0 0
566 44 0 0 0
567 44 0 0 0
568 44 0 0 0
569 44 0 0 0
570 44 0 0 0
571 44 2 2 2
572 44 2 2 2
573 44 0 0 0
574 44 0 0 0
575 44 0 0 0
576 44 0 0 0
577 44 0 0 0
578 44 0 0 0
579 44 2 2 2
580 44 2 2 2
581 44 1 1 1
582 44 1 1 1
583 44 1 1 1
584 44 1 1 1
585 44 1 1 1
586 44 1 1 1
587 44 0 0 0
588 44 0 0 0
589 44 0 0 0
590 44 0 0 0
591 44 0 0 0
592 44 0 0 0
593 44 0 0 0
594 44 0 0 0
595 44 0 0 0
596 44 0 0 0
597 44 0 0 0
598 44 0 0 0
599 44 0 0 0
600 44 0 0 0
601 44 0 0 0
602 44 0 0 0
603 44 0 0 0
604 44 0 0 0
605 44 0 0 0
606 44 0 0 0
607 44 0 0 0
608 44 0 0 0
609 44 0 0 0
610 44 0 0 0
611 44 0 0 0
612 44 0 0 0
613 44 0 0 0
614 44 0 0 0
615 44 0 0 0
616 44 0 0 0
617 44 0 0 0
618 44 0 0 0
619 44 0 0 0
620 44 0 0 0
621 44 0 0 0
622 44 0 0 0
623 44 0 0 0
624 44 0 0 0
625 44 0 0 0
626 44 0 0 0
627 44 0 0 0
628 44 0 0 0
629 44 0 0 0
630 44 0 0 0
631 44 0 0 0
632 44 0 0 0
633 44 0 0 0
634 44 0 0 0
635 44 0 0 0
636 44 0 0 0
637 44 0 0 0
638 44 0 0 0
639 44 0 0 0
0 45 0 0 0
1 45 0 0 0
2 45 0 0 0
3 45 0 0 0
4 45 0 0 0
5 45 0 0 0
6 45 0 0 0
7 45 0 0 0
8 45 0 0 0
9 45 0 0 0
10 45 0 0 0
11 45 0 0 0
12 45 0 0 0
13 45 0 0 0
14 45 0 0 0
15 45 0 0 0
16 45 0 0 0
17 45 0 0 0
18 45 0 0 0
19 45 0 0 0
20 45 0 0 0
21 45 0 0 0
22 45 0 0 0
23 45 0 0 0
24 45 0 0 0
25 45 0 0 0
26 45 0 0 0
27 45 0 0 0
28 45 0 0 0
29 45 0 0 0
30 45 0 0 0
31 45 0 0 0
32 45 0 0 0
33 45 0 0 0
34 45 0 0 0
35 45 0 0 0
36 45 0 0 0
37 45 0 0 0
38 45 0 0 0
39 45 0 0 0
40 45 0 0 0
41 45 0 0 0
42 45 0 0 0
43 45 0 0 0
44 45 0 0 0
45 45 0 0 0
46 45 0 0 0
47 45 0 0 0
48 45 0 0 0
49 45 0 0 0
50 45 0 0 0
51 45 0 0 0
52 45 0 0 0
53 45 0 0 0
54 45 0 0 0
55 45 0 0 0
56 45 0 0 0
57 45 0 0 0
58 45 0 0 0
59 45 0 0 0
60 45 0 0 0
61 45 0 0 0
62 45 0 0 0
63 45 0 0 0
64 45 0 0 0
65 45 0 0 0
66 45 0 0 0
67 45 0 0 0
68 45 0 0 0
69 45 0 0 0
70 45 0 0 0
71 45 0 0 0
72 45 0 0 0
73 45 0 0 0
74 45 0 0 0
75 45 0 0 0
76 45 0 0 0
77 45 0 0 0
78 45 0 0 0
79 45 0 0 0
80 45 0 0 0
81 45 0 0 0
82 45 0 0 0
83 45 0 0 0
84 45 0 0 0
85 45 0 0 0
86 45 0 0 0
87 45 0 0 0
88 45 0 0 0
89 45 0 0 0
90 45 0 0 0
91 45 0 0 0
92 45 0 0 0
93 45 0 0 0
94 45 0 0 0
95 45 0 0 0
96 45 0 0 0
97 45 0 0 0
98 45 0 0 0
99 45 0 0 0
100 45 0 0 0
101 45 0 0 0
102 45 0 0 0
103 45 0 0 0
104 45 0 0 0
105 45 0 0 0
106 45 0 0 0
107 45 0 0 0
108 45 0 0 0
109 45 0 0 0
110 45 0 0 0
111 45 0 0 0
112 45 0 0 0
113 45 0 0 0
114 45 0 0 0
115 45 0 0 0
116 45 0 0 0
117 45 0 0 0
118 45 0 0 0
119 45 0 0 0
120 45 0 0 0
121 45 0 0 0
122 45 0 0 0
123 45 0 0 0
124 45 0 0 0
125 45 0 0 0
126 45 0 0 0
127 45 0 0 0
128 45 0 0 0
129 45 0 0 0
130 45 0 0 0
131 45 0 0 0
132 45 0 0 0
133 45 0 0 0
134 45 0 0 0
135 45 0 0 0
136 45 0 0 0
137 45 0 0 0
138 45 0 0 0
139 45 0 0 0
140 45 0 0 0
141 45 0 0 0
142 45 0 0 0
143 45 0 0 0
144 45 0 0 0
145 45 0 0 0
146 45 0 0 0
147 45 0 0 0
148 45 0 0 0
149 45 0 0 0
150 45 0 0 0
151 45 0 0 0
152 45 0 0 0
153 45 0 0 0
154 45 0 0 0
155 45 0 0 0
156 45 0 0 0
157 45 0 0 0
158 45 0 0 0
159 45 0 0 0
160 45 0 0 0
161 45 0 0 0
162 45 0 0 0
163 45 0 0 0
164 45 0 0 0
165 45 0 0 0
166 45 0 0 0
167 45 0 0 0
168 45 0 0 0
169 45 0 0 0
170 45 0 0 0
171 45 0 0 0
172 45 0 0 0
173 45 0 0 0
174 45 0 0 0
175 45 0 0 0
176 45 0 0 0
177 45 0 0 0
178 45 0 0 0
179 45 0 0 0
180 45 0 0 0
181 45 0 0 0
182 45 0 0 0
183 45 0 0 0
184 45 0 0 0
185 45 0 0 0
186 45 0 0 0
187 45 0 0 0
188 45 0 0 0
189 45 0 0 0
190 45 0 0 0
191 45 0 0 0
192 45 0 0 0
193 45 0 0 0
194 45 0 0 0
195 45 0 0 0
196 45 0 0 0
197 45 0 0 0
198 45 0 0 0
199 45 0 0 0
200 45 0 0 0
201 45 0 0 0
202 45 0 0 0
203 45 0 0 0
204 45 0 0 0
205 45 0 0 0
206 45 0 0 0
207 45 0 0 0
208 45 0 0 0
209 45 0 0 0
210 45 0 0 0
211 45 0 0 0
212 45 0 0 0
213 45 0 0 0
214 45 0 0 0
215 45 0 0 0
216 45 0 0 0
217 45 0 0 0
218 45 0 0 0
219 45 0 0 0
220 45 0 0 0
221 45 0 0 0
222 45 0 0 0
223 45 0 0 0
224 45 0 0 0
225 45 0 0 0
226 45 0 0 0
227 45 0 0 0
228 45 0 0 0
229 45 0 0 0
230 45 0 0 0
231 45 0 0 0
232 45 0 0 0
233 45 0 0 0
234 45 0 0 0
235 45 0 0 0
236 45 0 0 0
237 45 0 0 0
238 45 0 0 0
239 45 0 0 0
240 45 0 0 0
241 45 0 0 0
242 45 0 0 0
243 45 0 0 0
244 45 0 0 0
245 45 0 0 0
246 45 0 0 0
247 45 0 0 0
248 45 0 0 0
249 45 1 1 1
250 45 1 1 1
251 45 2 2 2
252 45 2 2 2
253 45 0 0 0
254 45 0 0 0
255 45 0 0 0
256 45 0 0 0
257 45 1 1 1
258 45 1 1 1
259 45 2 2 2
260 45 2 2 2
261 45 1 1 1
262 45 1 1 1
263 45 1 1 1
264 45 1 1 1
265 45 1 1 1
266 45 1 1 1
267 45 0 0 0
268 45 0 0 0
269 45 0 0 0
270 45 0 0 0
271 45 0 0 0
272 45 0 0 0
273 45 0 0 0
274 45 0 0 0
275 45 0 0 0
276 45 0 0 0
277 45 2 2 2
278 45 2 2 2
279 45 0 0 0
280 45 0 0 0
281 45 0 0 0
282 45 0 0 0
283 45 0 0 0
284 45 0 0 0
285 45 0 0 0
286 45 0 0 0
287 45 0 0 0
288 45 0 0 0
289 45 0 0 0
290 45 0 0 0
291 45 1 1 1
292 45 1 1 1
293 45 5 5 5
294 45 5 5 5
295 45 4 4 4
296 45 4 4 4
297 45 4 4 4
298 45 4 4 4
299 45 7 7 7
300 45 7 7 7
301 45 a a a
302 45 a a a
303 45 6 6 6
304 45 6 6 6
305 45 7 7 7
306 45 7 7 7
307 45 9 9 9
308 45 9 9 9
309 45 a a a
310 45 a a a
311 45 a a a
312 45 a a a
313 45 a a a
314 45 a a a
315 45 9 9 9
316 45 9 9 9
317 45 8 8 8
318 45 8 8 8
319 45 6 6 6
320 45 6 6 6
321 45 7 7 7
322 45 7 7 7
323 45 6 6 6
324 45 6 6 6
325 45 4 4 4
326 45 4 4 4
327 45 3 3 3
328 45 3 3 3
329 45 0 0 0
330 45 0 0 0
331 45 0 0 0
332 45 0 0 0
333 45 0 0 0
334 45 0 0 0
335 45 0 0 0
336 45 0 0 0
337 45 0 0 0
338 45 0 0 0
339 45 0 0 0
340 45 0 0 0
341 45 0 0 0
342 45 0 0 0
343 45 0 0 0
344 45 0 0 0
345 45 0 0 0
346 45 0 0 0
347 45 0 0 0
348 45 0 0 0
349 45 0 0 0
350 45 0 0 0
351 45 0 0 0
352 45 0 0 0
353 45 0 0 0
354 45 0 0 0
355 45 0 0 0
356 45 0 0 0
357 45 0 0 0
358 45 0 0 0
359 45 0 0 0
360 45 0 0 0
361 45 0 0 0
362 45 0 0 0
363 45 0 0 0
364 45 0 0 0
365 45 0 0 0
366 45 0 0 0
367 45 0 0 0
368 45 0 0 0
369 45 0 0 0
370 45 0 0 0
371 45 0 0 0
372 45 0 0 0
373 45 0 0 0
374 45 0 0 0
375 45 0 0 0
376 45 0 0 0
377 45 0 0 0
378 45 0 0 0
379 45 0 0 0
380 45 0 0 0
381 45 0 0 0
382 45 0 0 0
383 45 0 0 0
384 45 0 0 0
385 45 0 0 0
386 45 0 0 0
387 45 0 0 0
388 45 0 0 0
389 45 0 0 0
390 45 0 0 0
391 45 0 0 0
392 45 0 0 0
393 45 0 0 0
394 45 0 0 0
395 45 0 0 0
396 45 0 0 0
397 45 0 0 0
398 45 0 0 0
399 45 0 0 0
400 45 0 0 0
401 45 0 0 0
402 45 0 0 0
403 45 0 0 0
404 45 0 0 0
405 45 5 5 5
406 45 5 5 5
407 45 4 4 4
408 45 4 4 4
409 45 4 4 4
410 45 4 4 4
411 45 4 4 4
412 45 4 4 4
413 45 1 1 1
414 45 1 1 1
415 45 0 0 0
416 45 0 0 0
417 45 1 1 1
418 45 1 1 1
419 45 3 3 3
420 45 3 3 3
421 45 2 2 2
422 45 2 2 2
423 45 2 2 2
424 45 2 2 2
425 45 2 2 2
426 45 2 2 2
427 45 2 2 2
428 45 2 2 2
429 45 2 2 2
430 45 2 2 2
431 45 2 2 2
432 45 2 2 2
433 45 2 2 2
434 45 2 2 2
435 45 2 2 2
436 45 2 2 2
437 45 3 3 3
438 45 3 3 3
439 45 3 3 3
440 45 3 3 3
441 45 4 4 4
442 45 4 4 4
443 45 4 4 4
444 45 4 4 4
445 45 4 4 4
446 45 4 4 4
447 45 4 4 4
448 45 4 4 4
449 45 4 4 4
450 45 4 4 4
451 45 4 4 4
452 45 4 4 4
453 45 4 4 4
454 45 4 4 4
455 45 4 4 4
456 45 4 4 4
457 45 4 4 4
458 45 4 4 4
459 45 4 4 4
460 45 4 4 4
461 45 3 3 3
462 45 3 3 3
463 45 3 3 3
464 45 3 3 3
465 45 3 3 3
466 45 3 3 3
467 45 3 3 3
468 45 3 3 3
469 45 3 3 3
470 45 3 3 3
471 45 3 3 3
472 45 3 3 3
473 45 3 3 3
474 45 3 3 3
475 45 3 3 3
476 45 3 3 3
477 45 3 3 3
478 45 3 3 3
479 45 3 3 3
480 45 3 3 3
481 45 4 4 4
482 45 4 4 4
483 45 4 4 4
484 45 4 4 4
485 45 4 4 4
486 45 4 4 4
487 45 4 4 4
488 45 4 4 4
489 45 4 4 4
490 45 4 4 4
491 45 4 4 4
492 45 4 4 4
493 45 4 4 4
494 45 4 4 4
495 45 4 4 4
496 45 4 4 4
497 45 4 4 4
498 45 4 4 4
499 45 4 4 4
500 45 4 4 4
501 45 4 4 4
502 45 4 4 4
503 45 4 4 4
504 45 4 4 4
505 45 4 4 4
506 45 4 4 4
507 45 4 4 4
508 45 4 4 4
509 45 4 4 4
510 45 4 4 4
511 45 5 5 5
512 45 5 5 5
513 45 4 4 4
514 45 4 4 4
515 45 0 0 0
516 45 0 0 0
517 45 0 0 0
518 45 0 0 0
519 45 0 0 0
520 45 0 0 0
521 45 0 0 0
522 45 0 0 0
523 45 0 0 0
524 45 0 0 0
525 45 0 0 0
526 45 0 0 0
527 45 0 0 0
528 45 0 0 0
529 45 0 0 0
530 45 0 0 0
531 45 0 0 0
532 45 0 0 0
533 45 0 0 0
534 45 0 0 0
535 45 0 0 0
536 45 0 0 0
537 45 0 0 0
538 45 0 0 0
539 45 0 0 0
540 45 0 0 0
541 45 0 0 0
542 45 0 0 0
543 45 0 0 0
544 45 0 0 0
545 45 0 0 0
546 45 0 0 0
547 45 0 0 0
548 45 0 0 0
549 45 0 0 0
550 45 0 0 0
551 45 0 0 0
552 45 0 0 0
553 45 0 0 0
554 45 0 0 0
555 45 0 0 0
556 45 0 0 0
557 45 0 0 0
558 45 0 0 0
559 45 0 0 0
560 45 0 0 0
561 45 0 0 0
562 45 0 0 0
563 45 0 0 0
564 45 0 0 0
565 45 0 0 0
566 45 0 0 0
567 45 0 0 0
568 45 0 0 0
569 45 0 0 0
570 45 0 0 0
571 45 2 2 2
572 45 2 2 2
573 45 0 0 0
574 45 0 0 0
575 45 0 0 0
576 45 0 0 0
577 45 0 0 0
578 45 0 0 0
579 45 2 2 2
580 45 2 2 2
581 45 1 1 1
582 45 1 1 1
583 45 1 1 1
584 45 1 1 1
585 45 1 1 1
586 45 1 1 1
587 45 0 0 0
588 45 0 0 0
589 45 0 0 0
590 45 0 0 0
591 45 0 0 0
592 45 0 0 0
593 45 0 0 0
594 45 0 0 0
595 45 0 0 0
596 45 0 0 0
597 45 0 0 0
598 45 0 0 0
599 45 0 0 0
600 45 0 0 0
601 45 0 0 0
602 45 0 0 0
603 45 0 0 0
604 45 0 0 0
605 45 0 0 0
606 45 0 0 0
607 45 0 0 0
608 45 0 0 0
609 45 0 0 0
610 45 0 0 0
611 45 0 0 0
612 45 0 0 0
613 45 0 0 0
614 45 0 0 0
615 45 0 0 0
616 45 0 0 0
617 45 0 0 0
618 45 0 0 0
619 45 0 0 0
620 45 0 0 0
621 45 0 0 0
622 45 0 0 0
623 45 0 0 0
624 45 0 0 0
625 45 0 0 0
626 45 0 0 0
627 45 0 0 0
628 45 0 0 0
629 45 0 0 0
630 45 0 0 0
631 45 0 0 0
632 45 0 0 0
633 45 0 0 0
634 45 0 0 0
635 45 0 0 0
636 45 0 0 0
637 45 0 0 0
638 45 0 0 0
639 45 0 0 0
0 46 0 0 0
1 46 0 0 0
2 46 0 0 0
3 46 0 0 0
4 46 0 0 0
5 46 0 0 0
6 46 0 0 0
7 46 0 0 0
8 46 0 0 0
9 46 0 0 0
10 46 0 0 0
11 46 0 0 0
12 46 0 0 0
13 46 0 0 0
14 46 0 0 0
15 46 0 0 0
16 46 0 0 0
17 46 0 0 0
18 46 0 0 0
19 46 0 0 0
20 46 0 0 0
21 46 0 0 0
22 46 0 0 0
23 46 0 0 0
24 46 0 0 0
25 46 0 0 0
26 46 0 0 0
27 46 0 0 0
28 46 0 0 0
29 46 0 0 0
30 46 0 0 0
31 46 0 0 0
32 46 0 0 0
33 46 0 0 0
34 46 0 0 0
35 46 0 0 0
36 46 0 0 0
37 46 0 0 0
38 46 0 0 0
39 46 0 0 0
40 46 0 0 0
41 46 0 0 0
42 46 0 0 0
43 46 0 0 0
44 46 0 0 0
45 46 0 0 0
46 46 0 0 0
47 46 0 0 0
48 46 0 0 0
49 46 0 0 0
50 46 0 0 0
51 46 0 0 0
52 46 0 0 0
53 46 0 0 0
54 46 0 0 0
55 46 0 0 0
56 46 0 0 0
57 46 0 0 0
58 46 0 0 0
59 46 0 0 0
60 46 0 0 0
61 46 0 0 0
62 46 0 0 0
63 46 0 0 0
64 46 0 0 0
65 46 0 0 0
66 46 0 0 0
67 46 0 0 0
68 46 0 0 0
69 46 0 0 0
70 46 0 0 0
71 46 0 0 0
72 46 0 0 0
73 46 0 0 0
74 46 0 0 0
75 46 0 0 0
76 46 0 0 0
77 46 0 0 0
78 46 0 0 0
79 46 0 0 0
80 46 0 0 0
81 46 0 0 0
82 46 0 0 0
83 46 0 0 0
84 46 0 0 0
85 46 0 0 0
86 46 0 0 0
87 46 0 0 0
88 46 0 0 0
89 46 0 0 0
90 46 0 0 0
91 46 0 0 0
92 46 0 0 0
93 46 0 0 0
94 46 0 0 0
95 46 0 0 0
96 46 0 0 0
97 46 0 0 0
98 46 0 0 0
99 46 0 0 0
100 46 0 0 0
101 46 0 0 0
102 46 0 0 0
103 46 0 0 0
104 46 0 0 0
105 46 0 0 0
106 46 0 0 0
107 46 0 0 0
108 46 0 0 0
109 46 0 0 0
110 46 0 0 0
111 46 0 0 0
112 46 0 0 0
113 46 0 0 0
114 46 0 0 0
115 46 0 0 0
116 46 0 0 0
117 46 0 0 0
118 46 0 0 0
119 46 0 0 0
120 46 0 0 0
121 46 0 0 0
122 46 0 0 0
123 46 0 0 0
124 46 0 0 0
125 46 0 0 0
126 46 0 0 0
127 46 0 0 0
128 46 0 0 0
129 46 0 0 0
130 46 0 0 0
131 46 0 0 0
132 46 0 0 0
133 46 0 0 0
134 46 0 0 0
135 46 0 0 0
136 46 0 0 0
137 46 0 0 0
138 46 0 0 0
139 46 0 0 0
140 46 0 0 0
141 46 0 0 0
142 46 0 0 0
143 46 0 0 0
144 46 0 0 0
145 46 0 0 0
146 46 0 0 0
147 46 0 0 0
148 46 0 0 0
149 46 0 0 0
150 46 0 0 0
151 46 0 0 0
152 46 0 0 0
153 46 0 0 0
154 46 0 0 0
155 46 0 0 0
156 46 0 0 0
157 46 0 0 0
158 46 0 0 0
159 46 0 0 0
160 46 0 0 0
161 46 0 0 0
162 46 0 0 0
163 46 0 0 0
164 46 0 0 0
165 46 0 0 0
166 46 0 0 0
167 46 0 0 0
168 46 0 0 0
169 46 0 0 0
170 46 0 0 0
171 46 0 0 0
172 46 0 0 0
173 46 0 0 0
174 46 0 0 0
175 46 0 0 0
176 46 0 0 0
177 46 0 0 0
178 46 0 0 0
179 46 0 0 0
180 46 0 0 0
181 46 0 0 0
182 46 0 0 0
183 46 0 0 0
184 46 0 0 0
185 46 0 0 0
186 46 0 0 0
187 46 0 0 0
188 46 0 0 0
189 46 0 0 0
190 46 0 0 0
191 46 0 0 0
192 46 0 0 0
193 46 0 0 0
194 46 0 0 0
195 46 0 0 0
196 46 0 0 0
197 46 0 0 0
198 46 0 0 0
199 46 0 0 0
200 46 0 0 0
201 46 0 0 0
202 46 0 0 0
203 46 0 0 0
204 46 0 0 0
205 46 0 0 0
206 46 0 0 0
207 46 0 0 0
208 46 0 0 0
209 46 0 0 0
210 46 0 0 0
211 46 0 0 0
212 46 0 0 0
213 46 0 0 0
214 46 0 0 0
215 46 0 0 0
216 46 0 0 0
217 46 0 0 0
218 46 0 0 0
219 46 0 0 0
220 46 0 0 0
221 46 0 0 0
222 46 0 0 0
223 46 0 0 0
224 46 0 0 0
225 46 0 0 0
226 46 0 0 0
227 46 0 0 0
228 46 0 0 0
229 46 0 0 0
230 46 0 0 0
231 46 0 0 0
232 46 0 0 0
233 46 0 0 0
234 46 0 0 0
235 46 0 0 0
236 46 0 0 0
237 46 0 0 0
238 46 0 0 0
239 46 0 0 0
240 46 0 0 0
241 46 0 0 0
242 46 0 0 0
243 46 0 0 0
244 46 0 0 0
245 46 0 0 0
246 46 0 0 0
247 46 0 0 0
248 46 0 0 0
249 46 1 1 1
250 46 1 1 1
251 46 2 2 2
252 46 2 2 2
253 46 0 0 0
254 46 0 0 0
255 46 1 1 1
256 46 1 1 1
257 46 2 2 2
258 46 2 2 2
259 46 1 1 1
260 46 1 1 1
261 46 0 0 0
262 46 0 0 0
263 46 2 2 2
264 46 2 2 2
265 46 1 1 1
266 46 1 1 1
267 46 0 0 0
268 46 0 0 0
269 46 0 0 0
270 46 0 0 0
271 46 0 0 0
272 46 0 0 0
273 46 0 0 0
274 46 0 0 0
275 46 0 0 0
276 46 0 0 0
277 46 2 2 2
278 46 2 2 2
279 46 5 5 5
280 46 5 5 5
281 46 4 4 4
282 46 4 4 4
283 46 1 1 1
284 46 1 1 1
285 46 0 0 0
286 46 0 0 0
287 46 0 0 0
288 46 0 0 0
289 46 0 0 0
290 46 0 0 0
291 46 1 1 1
292 46 1 1 1
293 46 6 6 6
294 46 6 6 6
295 46 4 4 4
296 46 4 4 4
297 46 4 4 4
298 46 4 4 4
299 46 7 7 7
300 46 7 7 7
301 46 a a a
302 46 a a a
303 46 a a a
304 46 a a a
305 46 7 7 7
306 46 7 7 7
307 46 6 6 6
308 46 6 6 6
309 46 9 9 9
310 46 9 9 9
311 46 a a a
312 46 a a a
313 46 a a a
314 46 a a a
315 46 a a a
316 46 a a a
317 46 9 9 9
318 46 9 9 9
319 46 7 7 7
320 46 7 7 7
321 46 6 6 6
322 46 6 6 6
323 46 7 7 7
324 46 7 7 7
325 46 6 6 6
326 46 6 6 6
327 46 4 4 4
328 46 4 4 4
329 46 2 2 2
330 46 2 2 2
331 46 0 0 0
332 46 0 0 0
333 46 0 0 0
334 46 0 0 0
335 46 0 0 0
336 46 0 0 0
337 46 0 0 0
338 46 0 0 0
339 46 0 0 0
340 46 0 0 0
341 46 0 0 0
342 46 0 0 0
343 46 0 0 0
344 46 0 0 0
345 46 0 0 0
346 46 0 0 0
347 46 0 0 0
348 46 0 0 0
349 46 0 0 0
350 46 0 0 0
351 46 0 0 0
352 46 0 0 0
353 46 0 0 0
354 46 0 0 0
355 46 0 0 0
356 46 0 0 0
357 46 0 0 0
358 46 0 0 0
359 46 0 0 0
360 46 0 0 0
361 46 0 0 0
362 46 0 0 0
363 46 0 0 0
364 46 0 0 0
365 46 0 0 0
366 46 0 0 0
367 46 0 0 0
368 46 0 0 0
369 46 0 0 0
370 46 0 0 0
371 46 0 0 0
372 46 0 0 0
373 46 0 0 0
374 46 0 0 0
375 46 0 0 0
376 46 0 0 0
377 46 0 0 0
378 46 0 0 0
379 46 0 0 0
380 46 0 0 0
381 46 0 0 0
382 46 0 0 0
383 46 0 0 0
384 46 0 0 0
385 46 0 0 0
386 46 0 0 0
387 46 0 0 0
388 46 0 0 0
389 46 0 0 0
390 46 0 0 0
391 46 0 0 0
392 46 0 0 0
393 46 0 0 0
394 46 0 0 0
395 46 0 0 0
396 46 0 0 0
397 46 0 0 0
398 46 0 0 0
399 46 0 0 0
400 46 0 0 0
401 46 0 0 0
402 46 0 0 0
403 46 0 0 0
404 46 0 0 0
405 46 4 4 4
406 46 4 4 4
407 46 4 4 4
408 46 4 4 4
409 46 4 4 4
410 46 4 4 4
411 46 4 4 4
412 46 4 4 4
413 46 2 2 2
414 46 2 2 2
415 46 1 1 1
416 46 1 1 1
417 46 3 3 3
418 46 3 3 3
419 46 2 2 2
420 46 2 2 2
421 46 2 2 2
422 46 2 2 2
423 46 2 2 2
424 46 2 2 2
425 46 2 2 2
426 46 2 2 2
427 46 2 2 2
428 46 2 2 2
429 46 2 2 2
430 46 2 2 2
431 46 1 1 1
432 46 1 1 1
433 46 3 3 3
434 46 3 3 3
435 46 4 4 4
436 46 4 4 4
437 46 4 4 4
438 46 4 4 4
439 46 4 4 4
440 46 4 4 4
441 46 4 4 4
442 46 4 4 4
443 46 3 3 3
444 46 3 3 3
445 46 3 3 3
446 46 3 3 3
447 46 3 3 3
448 46 3 3 3
449 46 3 3 3
450 46 3 3 3
451 46 3 3 3
452 46 3 3 3
453 46 3 3 3
454 46 3 3 3
455 46 3 3 3
456 46 3 3 3
457 46 3 3 3
458 46 3 3 3
459 46 3 3 3
460 46 3 3 3
461 46 3 3 3
462 46 3 3 3
463 46 3 3 3
464 46 3 3 3
465 46 3 3 3
466 46 3 3 3
467 46 3 3 3
468 46 3 3 3
469 46 3 3 3
470 46 3 3 3
471 46 3 3 3
472 46 3 3 3
473 46 3 3 3
474 46 3 3 3
475 46 3 3 3
476 46 3 3 3
477 46 3 3 3
478 46 3 3 3
479 46 3 3 3
480 46 3 3 3
481 46 3 3 3
482 46 3 3 3
483 46 3 3 3
484 46 3 3 3
485 46 3 3 3
486 46 3 3 3
487 46 4 4 4
488 46 4 4 4
489 46 4 4 4
490 46 4 4 4
491 46 4 4 4
492 46 4 4 4
493 46 4 4 4
494 46 4 4 4
495 46 4 4 4
496 46 4 4 4
497 46 4 4 4
498 46 4 4 4
499 46 4 4 4
500 46 4 4 4
501 46 4 4 4
502 46 4 4 4
503 46 4 4 4
504 46 4 4 4
505 46 4 4 4
506 46 4 4 4
507 46 4 4 4
508 46 4 4 4
509 46 4 4 4
510 46 4 4 4
511 46 4 4 4
512 46 4 4 4
513 46 4 4 4
514 46 4 4 4
515 46 5 5 5
516 46 5 5 5
517 46 1 1 1
518 46 1 1 1
519 46 0 0 0
520 46 0 0 0
521 46 0 0 0
522 46 0 0 0
523 46 0 0 0
524 46 0 0 0
525 46 0 0 0
526 46 0 0 0
527 46 0 0 0
528 46 0 0 0
529 46 0 0 0
530 46 0 0 0
531 46 0 0 0
532 46 0 0 0
533 46 0 0 0
534 46 0 0 0
535 46 0 0 0
536 46 0 0 0
537 46 0 0 0
538 46 0 0 0
539 46 0 0 0
540 46 0 0 0
541 46 0 0 0
542 46 0 0 0
543 46 0 0 0
544 46 0 0 0
545 46 0 0 0
546 46 0 0 0
547 46 0 0 0
548 46 0 0 0
549 46 0 0 0
550 46 0 0 0
551 46 0 0 0
552 46 0 0 0
553 46 0 0 0
554 46 0 0 0
555 46 0 0 0
556 46 0 0 0
557 46 0 0 0
558 46 0 0 0
559 46 0 0 0
560 46 0 0 0
561 46 0 0 0
562 46 0 0 0
563 46 0 0 0
564 46 0 0 0
565 46 0 0 0
566 46 0 0 0
567 46 0 0 0
568 46 0 0 0
569 46 1 1 1
570 46 1 1 1
571 46 2 2 2
572 46 2 2 2
573 46 0 0 0
574 46 0 0 0
575 46 1 1 1
576 46 1 1 1
577 46 2 2 2
578 46 2 2 2
579 46 1 1 1
580 46 1 1 1
581 46 0 0 0
582 46 0 0 0
583 46 1 1 1
584 46 1 1 1
585 46 2 2 2
586 46 2 2 2
587 46 0 0 0
588 46 0 0 0
589 46 0 0 0
590 46 0 0 0
591 46 0 0 0
592 46 0 0 0
593 46 0 0 0
594 46 0 0 0
595 46 0 0 0
596 46 0 0 0
597 46 0 0 0
598 46 0 0 0
599 46 0 0 0
600 46 0 0 0
601 46 0 0 0
602 46 0 0 0
603 46 0 0 0
604 46 0 0 0
605 46 0 0 0
606 46 0 0 0
607 46 0 0 0
608 46 0 0 0
609 46 0 0 0
610 46 0 0 0
611 46 0 0 0
612 46 0 0 0
613 46 0 0 0
614 46 0 0 0
615 46 0 0 0
616 46 0 0 0
617 46 0 0 0
618 46 0 0 0
619 46 0 0 0
620 46 0 0 0
621 46 0 0 0
622 46 0 0 0
623 46 0 0 0
624 46 0 0 0
625 46 0 0 0
626 46 0 0 0
627 46 0 0 0
628 46 0 0 0
629 46 0 0 0
630 46 0 0 0
631 46 0 0 0
632 46 0 0 0
633 46 0 0 0
634 46 0 0 0
635 46 0 0 0
636 46 0 0 0
637 46 0 0 0
638 46 0 0 0
639 46 0 0 0
0 47 0 0 0
1 47 0 0 0
2 47 0 0 0
3 47 0 0 0
4 47 0 0 0
5 47 0 0 0
6 47 0 0 0
7 47 0 0 0
8 47 0 0 0
9 47 0 0 0
10 47 0 0 0
11 47 0 0 0
12 47 0 0 0
13 47 0 0 0
14 47 0 0 0
15 47 0 0 0
16 47 0 0 0
17 47 0 0 0
18 47 0 0 0
19 47 0 0 0
20 47 0 0 0
21 47 0 0 0
22 47 0 0 0
23 47 0 0 0
24 47 0 0 0
25 47 0 0 0
26 47 0 0 0
27 47 0 0 0
28 47 0 0 0
29 47 0 0 0
30 47 0 0 0
31 47 0 0 0
32 47 0 0 0
33 47 0 0 0
34 47 0 0 0
35 47 0 0 0
36 47 0 0 0
37 47 0 0 0
38 47 0 0 0
39 47 0 0 0
40 47 0 0 0
41 47 0 0 0
42 47 0 0 0
43 47 0 0 0
44 47 0 0 0
45 47 0 0 0
46 47 0 0 0
47 47 0 0 0
48 47 0 0 0
49 47 0 0 0
50 47 0 0 0
51 47 0 0 0
52 47 0 0 0
53 47 0 0 0
54 47 0 0 0
55 47 0 0 0
56 47 0 0 0
57 47 0 0 0
58 47 0 0 0
59 47 0 0 0
60 47 0 0 0
61 47 0 0 0
62 47 0 0 0
63 47 0 0 0
64 47 0 0 0
65 47 0 0 0
66 47 0 0 0
67 47 0 0 0
68 47 0 0 0
69 47 0 0 0
70 47 0 0 0
71 47 0 0 0
72 47 0 0 0
73 47 0 0 0
74 47 0 0 0
75 47 0 0 0
76 47 0 0 0
77 47 0 0 0
78 47 0 0 0
79 47 0 0 0
80 47 0 0 0
81 47 0 0 0
82 47 0 0 0
83 47 0 0 0
84 47 0 0 0
85 47 0 0 0
86 47 0 0 0
87 47 0 0 0
88 47 0 0 0
89 47 0 0 0
90 47 0 0 0
91 47 0 0 0
92 47 0 0 0
93 47 0 0 0
94 47 0 0 0
95 47 0 0 0
96 47 0 0 0
97 47 0 0 0
98 47 0 0 0
99 47 0 0 0
100 47 0 0 0
101 47 0 0 0
102 47 0 0 0
103 47 0 0 0
104 47 0 0 0
105 47 0 0 0
106 47 0 0 0
107 47 0 0 0
108 47 0 0 0
109 47 0 0 0
110 47 0 0 0
111 47 0 0 0
112 47 0 0 0
113 47 0 0 0
114 47 0 0 0
115 47 0 0 0
116 47 0 0 0
117 47 0 0 0
118 47 0 0 0
119 47 0 0 0
120 47 0 0 0
121 47 0 0 0
122 47 0 0 0
123 47 0 0 0
124 47 0 0 0
125 47 0 0 0
126 47 0 0 0
127 47 0 0 0
128 47 0 0 0
129 47 0 0 0
130 47 0 0 0
131 47 0 0 0
132 47 0 0 0
133 47 0 0 0
134 47 0 0 0
135 47 0 0 0
136 47 0 0 0
137 47 0 0 0
138 47 0 0 0
139 47 0 0 0
140 47 0 0 0
141 47 0 0 0
142 47 0 0 0
143 47 0 0 0
144 47 0 0 0
145 47 0 0 0
146 47 0 0 0
147 47 0 0 0
148 47 0 0 0
149 47 0 0 0
150 47 0 0 0
151 47 0 0 0
152 47 0 0 0
153 47 0 0 0
154 47 0 0 0
155 47 0 0 0
156 47 0 0 0
157 47 0 0 0
158 47 0 0 0
159 47 0 0 0
160 47 0 0 0
161 47 0 0 0
162 47 0 0 0
163 47 0 0 0
164 47 0 0 0
165 47 0 0 0
166 47 0 0 0
167 47 0 0 0
168 47 0 0 0
169 47 0 0 0
170 47 0 0 0
171 47 0 0 0
172 47 0 0 0
173 47 0 0 0
174 47 0 0 0
175 47 0 0 0
176 47 0 0 0
177 47 0 0 0
178 47 0 0 0
179 47 0 0 0
180 47 0 0 0
181 47 0 0 0
182 47 0 0 0
183 47 0 0 0
184 47 0 0 0
185 47 0 0 0
186 47 0 0 0
187 47 0 0 0
188 47 0 0 0
189 47 0 0 0
190 47 0 0 0
191 47 0 0 0
192 47 0 0 0
193 47 0 0 0
194 47 0 0 0
195 47 0 0 0
196 47 0 0 0
197 47 0 0 0
198 47 0 0 0
199 47 0 0 0
200 47 0 0 0
201 47 0 0 0
202 47 0 0 0
203 47 0 0 0
204 47 0 0 0
205 47 0 0 0
206 47 0 0 0
207 47 0 0 0
208 47 0 0 0
209 47 0 0 0
210 47 0 0 0
211 47 0 0 0
212 47 0 0 0
213 47 0 0 0
214 47 0 0 0
215 47 0 0 0
216 47 0 0 0
217 47 0 0 0
218 47 0 0 0
219 47 0 0 0
220 47 0 0 0
221 47 0 0 0
222 47 0 0 0
223 47 0 0 0
224 47 0 0 0
225 47 0 0 0
226 47 0 0 0
227 47 0 0 0
228 47 0 0 0
229 47 0 0 0
230 47 0 0 0
231 47 0 0 0
232 47 0 0 0
233 47 0 0 0
234 47 0 0 0
235 47 0 0 0
236 47 0 0 0
237 47 0 0 0
238 47 0 0 0
239 47 0 0 0
240 47 0 0 0
241 47 0 0 0
242 47 0 0 0
243 47 0 0 0
244 47 0 0 0
245 47 0 0 0
246 47 0 0 0
247 47 0 0 0
248 47 0 0 0
249 47 1 1 1
250 47 1 1 1
251 47 2 2 2
252 47 2 2 2
253 47 0 0 0
254 47 0 0 0
255 47 1 1 1
256 47 1 1 1
257 47 2 2 2
258 47 2 2 2
259 47 1 1 1
260 47 1 1 1
261 47 0 0 0
262 47 0 0 0
263 47 2 2 2
264 47 2 2 2
265 47 1 1 1
266 47 1 1 1
267 47 0 0 0
268 47 0 0 0
269 47 0 0 0
270 47 0 0 0
271 47 0 0 0
272 47 0 0 0
273 47 0 0 0
274 47 0 0 0
275 47 0 0 0
276 47 0 0 0
277 47 2 2 2
278 47 2 2 2
279 47 5 5 5
280 47 5 5 5
281 47 4 4 4
282 47 4 4 4
283 47 1 1 1
284 47 1 1 1
285 47 0 0 0
286 47 0 0 0
287 47 0 0 0
288 47 0 0 0
289 47 0 0 0
290 47 0 0 0
291 47 1 1 1
292 47 1 1 1
293 47 6 6 6
294 47 6 6 6
295 47 4 4 4
296 47 4 4 4
297 47 4 4 4
298 47 4 4 4
299 47 7 7 7
300 47 7 7 7
301 47 a a a
302 47 a a a
303 47 a a a
304 47 a a a
305 47 7 7 7
306 47 7 7 7
307 47 6 6 6
308 47 6 6 6
309 47 9 9 9
310 47 9 9 9
311 47 a a a
312 47 a a a
313 47 a a a
314 47 a a a
315 47 a a a
316 47 a a a
317 47 9 9 9
318 47 9 9 9
319 47 7 7 7
320 47 7 7 7
321 47 6 6 6
322 47 6 6 6
323 47 7 7 7
324 47 7 7 7
325 47 6 6 6
326 47 6 6 6
327 47 4 4 4
328 47 4 4 4
329 47 2 2 2
330 47 2 2 2
331 47 0 0 0
332 47 0 0 0
333 47 0 0 0
334 47 0 0 0
335 47 0 0 0
336 47 0 0 0
337 47 0 0 0
338 47 0 0 0
339 47 0 0 0
340 47 0 0 0
341 47 0 0 0
342 47 0 0 0
343 47 0 0 0
344 47 0 0 0
345 47 0 0 0
346 47 0 0 0
347 47 0 0 0
348 47 0 0 0
349 47 0 0 0
350 47 0 0 0
351 47 0 0 0
352 47 0 0 0
353 47 0 0 0
354 47 0 0 0
355 47 0 0 0
356 47 0 0 0
357 47 0 0 0
358 47 0 0 0
359 47 0 0 0
360 47 0 0 0
361 47 0 0 0
362 47 0 0 0
363 47 0 0 0
364 47 0 0 0
365 47 0 0 0
366 47 0 0 0
367 47 0 0 0
368 47 0 0 0
369 47 0 0 0
370 47 0 0 0
371 47 0 0 0
372 47 0 0 0
373 47 0 0 0
374 47 0 0 0
375 47 0 0 0
376 47 0 0 0
377 47 0 0 0
378 47 0 0 0
379 47 0 0 0
380 47 0 0 0
381 47 0 0 0
382 47 0 0 0
383 47 0 0 0
384 47 0 0 0
385 47 0 0 0
386 47 0 0 0
387 47 0 0 0
388 47 0 0 0
389 47 0 0 0
390 47 0 0 0
391 47 0 0 0
392 47 0 0 0
393 47 0 0 0
394 47 0 0 0
395 47 0 0 0
396 47 0 0 0
397 47 0 0 0
398 47 0 0 0
399 47 0 0 0
400 47 0 0 0
401 47 0 0 0
402 47 0 0 0
403 47 0 0 0
404 47 0 0 0
405 47 4 4 4
406 47 4 4 4
407 47 4 4 4
408 47 4 4 4
409 47 4 4 4
410 47 4 4 4
411 47 4 4 4
412 47 4 4 4
413 47 2 2 2
414 47 2 2 2
415 47 1 1 1
416 47 1 1 1
417 47 3 3 3
418 47 3 3 3
419 47 2 2 2
420 47 2 2 2
421 47 2 2 2
422 47 2 2 2
423 47 2 2 2
424 47 2 2 2
425 47 2 2 2
426 47 2 2 2
427 47 2 2 2
428 47 2 2 2
429 47 2 2 2
430 47 2 2 2
431 47 1 1 1
432 47 1 1 1
433 47 3 3 3
434 47 3 3 3
435 47 4 4 4
436 47 4 4 4
437 47 4 4 4
438 47 4 4 4
439 47 4 4 4
440 47 4 4 4
441 47 4 4 4
442 47 4 4 4
443 47 3 3 3
444 47 3 3 3
445 47 3 3 3
446 47 3 3 3
447 47 3 3 3
448 47 3 3 3
449 47 3 3 3
450 47 3 3 3
451 47 3 3 3
452 47 3 3 3
453 47 3 3 3
454 47 3 3 3
455 47 3 3 3
456 47 3 3 3
457 47 3 3 3
458 47 3 3 3
459 47 3 3 3
460 47 3 3 3
461 47 3 3 3
462 47 3 3 3
463 47 3 3 3
464 47 3 3 3
465 47 3 3 3
466 47 3 3 3
467 47 3 3 3
468 47 3 3 3
469 47 3 3 3
470 47 3 3 3
471 47 3 3 3
472 47 3 3 3
473 47 3 3 3
474 47 3 3 3
475 47 3 3 3
476 47 3 3 3
477 47 3 3 3
478 47 3 3 3
479 47 3 3 3
480 47 3 3 3
481 47 3 3 3
482 47 3 3 3
483 47 3 3 3
484 47 3 3 3
485 47 3 3 3
486 47 3 3 3
487 47 4 4 4
488 47 4 4 4
489 47 4 4 4
490 47 4 4 4
491 47 4 4 4
492 47 4 4 4
493 47 4 4 4
494 47 4 4 4
495 47 4 4 4
496 47 4 4 4
497 47 4 4 4
498 47 4 4 4
499 47 4 4 4
500 47 4 4 4
501 47 4 4 4
502 47 4 4 4
503 47 4 4 4
504 47 4 4 4
505 47 4 4 4
506 47 4 4 4
507 47 4 4 4
508 47 4 4 4
509 47 4 4 4
510 47 4 4 4
511 47 4 4 4
512 47 4 4 4
513 47 4 4 4
514 47 4 4 4
515 47 5 5 5
516 47 5 5 5
517 47 1 1 1
518 47 1 1 1
519 47 0 0 0
520 47 0 0 0
521 47 0 0 0
522 47 0 0 0
523 47 0 0 0
524 47 0 0 0
525 47 0 0 0
526 47 0 0 0
527 47 0 0 0
528 47 0 0 0
529 47 0 0 0
530 47 0 0 0
531 47 0 0 0
532 47 0 0 0
533 47 0 0 0
534 47 0 0 0
535 47 0 0 0
536 47 0 0 0
537 47 0 0 0
538 47 0 0 0
539 47 0 0 0
540 47 0 0 0
541 47 0 0 0
542 47 0 0 0
543 47 0 0 0
544 47 0 0 0
545 47 0 0 0
546 47 0 0 0
547 47 0 0 0
548 47 0 0 0
549 47 0 0 0
550 47 0 0 0
551 47 0 0 0
552 47 0 0 0
553 47 0 0 0
554 47 0 0 0
555 47 0 0 0
556 47 0 0 0
557 47 0 0 0
558 47 0 0 0
559 47 0 0 0
560 47 0 0 0
561 47 0 0 0
562 47 0 0 0
563 47 0 0 0
564 47 0 0 0
565 47 0 0 0
566 47 0 0 0
567 47 0 0 0
568 47 0 0 0
569 47 1 1 1
570 47 1 1 1
571 47 2 2 2
572 47 2 2 2
573 47 0 0 0
574 47 0 0 0
575 47 1 1 1
576 47 1 1 1
577 47 2 2 2
578 47 2 2 2
579 47 1 1 1
580 47 1 1 1
581 47 0 0 0
582 47 0 0 0
583 47 1 1 1
584 47 1 1 1
585 47 2 2 2
586 47 2 2 2
587 47 0 0 0
588 47 0 0 0
589 47 0 0 0
590 47 0 0 0
591 47 0 0 0
592 47 0 0 0
593 47 0 0 0
594 47 0 0 0
595 47 0 0 0
596 47 0 0 0
597 47 0 0 0
598 47 0 0 0
599 47 0 0 0
600 47 0 0 0
601 47 0 0 0
602 47 0 0 0
603 47 0 0 0
604 47 0 0 0
605 47 0 0 0
606 47 0 0 0
607 47 0 0 0
608 47 0 0 0
609 47 0 0 0
610 47 0 0 0
611 47 0 0 0
612 47 0 0 0
613 47 0 0 0
614 47 0 0 0
615 47 0 0 0
616 47 0 0 0
617 47 0 0 0
618 47 0 0 0
619 47 0 0 0
620 47 0 0 0
621 47 0 0 0
622 47 0 0 0
623 47 0 0 0
624 47 0 0 0
625 47 0 0 0
626 47 0 0 0
627 47 0 0 0
628 47 0 0 0
629 47 0 0 0
630 47 0 0 0
631 47 0 0 0
632 47 0 0 0
633 47 0 0 0
634 47 0 0 0
635 47 0 0 0
636 47 0 0 0
637 47 0 0 0
638 47 0 0 0
639 47 0 0 0
0 48 0 0 0
1 48 0 0 0
2 48 0 0 0
3 48 0 0 0
4 48 0 0 0
5 48 0 0 0
6 48 0 0 0
7 48 0 0 0
8 48 0 0 0
9 48 0 0 0
10 48 0 0 0
11 48 0 0 0
12 48 0 0 0
13 48 0 0 0
14 48 0 0 0
15 48 0 0 0
16 48 0 0 0
17 48 0 0 0
18 48 0 0 0
19 48 0 0 0
20 48 0 0 0
21 48 0 0 0
22 48 0 0 0
23 48 0 0 0
24 48 0 0 0
25 48 0 0 0
26 48 0 0 0
27 48 0 0 0
28 48 0 0 0
29 48 0 0 0
30 48 0 0 0
31 48 0 0 0
32 48 0 0 0
33 48 0 0 0
34 48 0 0 0
35 48 0 0 0
36 48 0 0 0
37 48 0 0 0
38 48 0 0 0
39 48 0 0 0
40 48 0 0 0
41 48 0 0 0
42 48 0 0 0
43 48 0 0 0
44 48 0 0 0
45 48 0 0 0
46 48 0 0 0
47 48 0 0 0
48 48 0 0 0
49 48 0 0 0
50 48 0 0 0
51 48 0 0 0
52 48 0 0 0
53 48 0 0 0
54 48 0 0 0
55 48 0 0 0
56 48 0 0 0
57 48 0 0 0
58 48 0 0 0
59 48 0 0 0
60 48 0 0 0
61 48 0 0 0
62 48 0 0 0
63 48 0 0 0
64 48 0 0 0
65 48 0 0 0
66 48 0 0 0
67 48 0 0 0
68 48 0 0 0
69 48 0 0 0
70 48 0 0 0
71 48 0 0 0
72 48 0 0 0
73 48 0 0 0
74 48 0 0 0
75 48 0 0 0
76 48 0 0 0
77 48 0 0 0
78 48 0 0 0
79 48 0 0 0
80 48 0 0 0
81 48 0 0 0
82 48 0 0 0
83 48 0 0 0
84 48 0 0 0
85 48 0 0 0
86 48 0 0 0
87 48 0 0 0
88 48 0 0 0
89 48 0 0 0
90 48 0 0 0
91 48 0 0 0
92 48 0 0 0
93 48 0 0 0
94 48 0 0 0
95 48 0 0 0
96 48 0 0 0
97 48 0 0 0
98 48 0 0 0
99 48 0 0 0
100 48 0 0 0
101 48 0 0 0
102 48 0 0 0
103 48 0 0 0
104 48 0 0 0
105 48 0 0 0
106 48 0 0 0
107 48 0 0 0
108 48 0 0 0
109 48 0 0 0
110 48 0 0 0
111 48 0 0 0
112 48 0 0 0
113 48 0 0 0
114 48 0 0 0
115 48 0 0 0
116 48 0 0 0
117 48 0 0 0
118 48 0 0 0
119 48 0 0 0
120 48 0 0 0
121 48 0 0 0
122 48 0 0 0
123 48 0 0 0
124 48 0 0 0
125 48 0 0 0
126 48 0 0 0
127 48 0 0 0
128 48 0 0 0
129 48 0 0 0
130 48 0 0 0
131 48 0 0 0
132 48 0 0 0
133 48 0 0 0
134 48 0 0 0
135 48 0 0 0
136 48 0 0 0
137 48 0 0 0
138 48 0 0 0
139 48 0 0 0
140 48 0 0 0
141 48 0 0 0
142 48 0 0 0
143 48 0 0 0
144 48 0 0 0
145 48 0 0 0
146 48 0 0 0
147 48 0 0 0
148 48 0 0 0
149 48 0 0 0
150 48 0 0 0
151 48 0 0 0
152 48 0 0 0
153 48 0 0 0
154 48 0 0 0
155 48 0 0 0
156 48 0 0 0
157 48 0 0 0
158 48 0 0 0
159 48 0 0 0
160 48 0 0 0
161 48 0 0 0
162 48 0 0 0
163 48 0 0 0
164 48 0 0 0
165 48 0 0 0
166 48 0 0 0
167 48 0 0 0
168 48 0 0 0
169 48 0 0 0
170 48 0 0 0
171 48 0 0 0
172 48 0 0 0
173 48 0 0 0
174 48 0 0 0
175 48 0 0 0
176 48 0 0 0
177 48 0 0 0
178 48 0 0 0
179 48 0 0 0
180 48 0 0 0
181 48 0 0 0
182 48 0 0 0
183 48 0 0 0
184 48 0 0 0
185 48 0 0 0
186 48 0 0 0
187 48 0 0 0
188 48 0 0 0
189 48 0 0 0
190 48 0 0 0
191 48 0 0 0
192 48 0 0 0
193 48 0 0 0
194 48 0 0 0
195 48 0 0 0
196 48 0 0 0
197 48 0 0 0
198 48 0 0 0
199 48 0 0 0
200 48 0 0 0
201 48 0 0 0
202 48 0 0 0
203 48 0 0 0
204 48 0 0 0
205 48 0 0 0
206 48 0 0 0
207 48 0 0 0
208 48 0 0 0
209 48 0 0 0
210 48 0 0 0
211 48 0 0 0
212 48 0 0 0
213 48 0 0 0
214 48 0 0 0
215 48 0 0 0
216 48 0 0 0
217 48 0 0 0
218 48 0 0 0
219 48 0 0 0
220 48 0 0 0
221 48 0 0 0
222 48 0 0 0
223 48 0 0 0
224 48 0 0 0
225 48 0 0 0
226 48 0 0 0
227 48 0 0 0
228 48 0 0 0
229 48 0 0 0
230 48 0 0 0
231 48 0 0 0
232 48 0 0 0
233 48 0 0 0
234 48 0 0 0
235 48 0 0 0
236 48 0 0 0
237 48 0 0 0
238 48 0 0 0
239 48 0 0 0
240 48 0 0 0
241 48 0 0 0
242 48 0 0 0
243 48 1 1 1
244 48 1 1 1
245 48 1 1 1
246 48 1 1 1
247 48 0 0 0
248 48 0 0 0
249 48 1 1 1
250 48 1 1 1
251 48 2 2 2
252 48 2 2 2
253 48 1 1 1
254 48 1 1 1
255 48 1 1 1
256 48 1 1 1
257 48 0 0 0
258 48 0 0 0
259 48 0 0 0
260 48 0 0 0
261 48 1 1 1
262 48 1 1 1
263 48 2 2 2
264 48 2 2 2
265 48 0 0 0
266 48 0 0 0
267 48 0 0 0
268 48 0 0 0
269 48 0 0 0
270 48 0 0 0
271 48 0 0 0
272 48 0 0 0
273 48 0 0 0
274 48 0 0 0
275 48 0 0 0
276 48 0 0 0
277 48 0 0 0
278 48 0 0 0
279 48 0 0 0
280 48 0 0 0
281 48 2 2 2
282 48 2 2 2
283 48 5 5 5
284 48 5 5 5
285 48 4 4 4
286 48 4 4 4
287 48 1 1 1
288 48 1 1 1
289 48 0 0 0
290 48 0 0 0
291 48 1 1 1
292 48 1 1 1
293 48 6 6 6
294 48 6 6 6
295 48 4 4 4
296 48 4 4 4
297 48 4 4 4
298 48 4 4 4
299 48 8 8 8
300 48 8 8 8
301 48 a a a
302 48 a a a
303 48 a a a
304 48 a a a
305 48 b b b
306 48 b b b
307 48 8 8 8
308 48 8 8 8
309 48 5 5 5
310 48 5 5 5
311 48 8 8 8
312 48 8 8 8
313 48 a a a
314 48 a a a
315 48 a a a
316 48 a a a
317 48 9 9 9
318 48 9 9 9
319 48 8 8 8
320 48 8 8 8
321 48 7 7 7
322 48 7 7 7
323 48 6 6 6
324 48 6 6 6
325 48 7 7 7
326 48 7 7 7
327 48 6 6 6
328 48 6 6 6
329 48 3 3 3
330 48 3 3 3
331 48 2 2 2
332 48 2 2 2
333 48 0 0 0
334 48 0 0 0
335 48 0 0 0
336 48 0 0 0
337 48 0 0 0
338 48 0 0 0
339 48 0 0 0
340 48 0 0 0
341 48 0 0 0
342 48 0 0 0
343 48 0 0 0
344 48 0 0 0
345 48 0 0 0
346 48 0 0 0
347 48 0 0 0
348 48 0 0 0
349 48 0 0 0
350 48 0 0 0
351 48 0 0 0
352 48 0 0 0
353 48 0 0 0
354 48 0 0 0
355 48 0 0 0
356 48 0 0 0
357 48 0 0 0
358 48 0 0 0
359 48 0 0 0
360 48 0 0 0
361 48 0 0 0
362 48 0 0 0
363 48 0 0 0
364 48 0 0 0
365 48 0 0 0
366 48 0 0 0
367 48 0 0 0
368 48 0 0 0
369 48 0 0 0
370 48 0 0 0
371 48 0 0 0
372 48 0 0 0
373 48 0 0 0
374 48 0 0 0
375 48 0 0 0
376 48 0 0 0
377 48 0 0 0
378 48 0 0 0
379 48 0 0 0
380 48 0 0 0
381 48 0 0 0
382 48 0 0 0
383 48 0 0 0
384 48 0 0 0
385 48 0 0 0
386 48 0 0 0
387 48 0 0 0
388 48 0 0 0
389 48 0 0 0
390 48 0 0 0
391 48 0 0 0
392 48 0 0 0
393 48 0 0 0
394 48 0 0 0
395 48 0 0 0
396 48 0 0 0
397 48 0 0 0
398 48 0 0 0
399 48 0 0 0
400 48 0 0 0
401 48 0 0 0
402 48 0 0 0
403 48 0 0 0
404 48 0 0 0
405 48 4 4 4
406 48 4 4 4
407 48 4 4 4
408 48 4 4 4
409 48 4 4 4
410 48 4 4 4
411 48 4 4 4
412 48 4 4 4
413 48 3 3 3
414 48 3 3 3
415 48 2 2 2
416 48 2 2 2
417 48 1 1 1
418 48 1 1 1
419 48 1 1 1
420 48 1 1 1
421 48 1 1 1
422 48 1 1 1
423 48 2 2 2
424 48 2 2 2
425 48 2 2 2
426 48 2 2 2
427 48 1 1 1
428 48 1 1 1
429 48 1 1 1
430 48 1 1 1
431 48 3 3 3
432 48 3 3 3
433 48 4 4 4
434 48 4 4 4
435 48 4 4 4
436 48 4 4 4
437 48 3 3 3
438 48 3 3 3
439 48 3 3 3
440 48 3 3 3
441 48 3 3 3
442 48 3 3 3
443 48 3 3 3
444 48 3 3 3
445 48 3 3 3
446 48 3 3 3
447 48 3 3 3
448 48 3 3 3
449 48 3 3 3
450 48 3 3 3
451 48 3 3 3
452 48 3 3 3
453 48 3 3 3
454 48 3 3 3
455 48 3 3 3
456 48 3 3 3
457 48 3 3 3
458 48 3 3 3
459 48 3 3 3
460 48 3 3 3
461 48 3 3 3
462 48 3 3 3
463 48 3 3 3
464 48 3 3 3
465 48 3 3 3
466 48 3 3 3
467 48 3 3 3
468 48 3 3 3
469 48 3 3 3
470 48 3 3 3
471 48 3 3 3
472 48 3 3 3
473 48 3 3 3
474 48 3 3 3
475 48 3 3 3
476 48 3 3 3
477 48 3 3 3
478 48 3 3 3
479 48 3 3 3
480 48 3 3 3
481 48 3 3 3
482 48 3 3 3
483 48 3 3 3
484 48 3 3 3
485 48 3 3 3
486 48 3 3 3
487 48 3 3 3
488 48 3 3 3
489 48 3 3 3
490 48 3 3 3
491 48 4 4 4
492 48 4 4 4
493 48 4 4 4
494 48 4 4 4
495 48 4 4 4
496 48 4 4 4
497 48 4 4 4
498 48 4 4 4
499 48 4 4 4
500 48 4 4 4
501 48 4 4 4
502 48 4 4 4
503 48 4 4 4
504 48 4 4 4
505 48 4 4 4
506 48 4 4 4
507 48 4 4 4
508 48 4 4 4
509 48 4 4 4
510 48 4 4 4
511 48 4 4 4
512 48 4 4 4
513 48 4 4 4
514 48 4 4 4
515 48 4 4 4
516 48 4 4 4
517 48 4 4 4
518 48 4 4 4
519 48 0 0 0
520 48 0 0 0
521 48 0 0 0
522 48 0 0 0
523 48 0 0 0
524 48 0 0 0
525 48 0 0 0
526 48 0 0 0
527 48 0 0 0
528 48 0 0 0
529 48 0 0 0
530 48 0 0 0
531 48 0 0 0
532 48 0 0 0
533 48 0 0 0
534 48 0 0 0
535 48 0 0 0
536 48 0 0 0
537 48 0 0 0
538 48 0 0 0
539 48 0 0 0
540 48 0 0 0
541 48 0 0 0
542 48 0 0 0
543 48 0 0 0
544 48 0 0 0
545 48 0 0 0
546 48 0 0 0
547 48 0 0 0
548 48 0 0 0
549 48 0 0 0
550 48 0 0 0
551 48 0 0 0
552 48 0 0 0
553 48 0 0 0
554 48 0 0 0
555 48 0 0 0
556 48 0 0 0
557 48 0 0 0
558 48 0 0 0
559 48 0 0 0
560 48 0 0 0
561 48 0 0 0
562 48 0 0 0
563 48 1 1 1
564 48 1 1 1
565 48 1 1 1
566 48 1 1 1
567 48 0 0 0
568 48 0 0 0
569 48 0 0 0
570 48 0 0 0
571 48 2 2 2
572 48 2 2 2
573 48 1 1 1
574 48 1 1 1
575 48 1 1 1
576 48 1 1 1
577 48 0 0 0
578 48 0 0 0
579 48 0 0 0
580 48 0 0 0
581 48 0 0 0
582 48 0 0 0
583 48 2 2 2
584 48 2 2 2
585 48 1 1 1
586 48 1 1 1
587 48 0 0 0
588 48 0 0 0
589 48 0 0 0
590 48 0 0 0
591 48 0 0 0
592 48 0 0 0
593 48 0 0 0
594 48 0 0 0
595 48 0 0 0
596 48 0 0 0
597 48 0 0 0
598 48 0 0 0
599 48 0 0 0
600 48 0 0 0
601 48 0 0 0
602 48 0 0 0
603 48 0 0 0
604 48 0 0 0
605 48 0 0 0
606 48 0 0 0
607 48 0 0 0
608 48 0 0 0
609 48 0 0 0
610 48 0 0 0
611 48 0 0 0
612 48 0 0 0
613 48 0 0 0
614 48 0 0 0
615 48 0 0 0
616 48 0 0 0
617 48 0 0 0
618 48 0 0 0
619 48 0 0 0
620 48 0 0 0
621 48 0 0 0
622 48 0 0 0
623 48 0 0 0
624 48 0 0 0
625 48 0 0 0
626 48 0 0 0
627 48 0 0 0
628 48 0 0 0
629 48 0 0 0
630 48 0 0 0
631 48 0 0 0
632 48 0 0 0
633 48 0 0 0
634 48 0 0 0
635 48 0 0 0
636 48 0 0 0
637 48 0 0 0
638 48 0 0 0
639 48 0 0 0
0 49 0 0 0
1 49 0 0 0
2 49 0 0 0
3 49 0 0 0
4 49 0 0 0
5 49 0 0 0
6 49 0 0 0
7 49 0 0 0
8 49 0 0 0
9 49 0 0 0
10 49 0 0 0
11 49 0 0 0
12 49 0 0 0
13 49 0 0 0
14 49 0 0 0
15 49 0 0 0
16 49 0 0 0
17 49 0 0 0
18 49 0 0 0
19 49 0 0 0
20 49 0 0 0
21 49 0 0 0
22 49 0 0 0
23 49 0 0 0
24 49 0 0 0
25 49 0 0 0
26 49 0 0 0
27 49 0 0 0
28 49 0 0 0
29 49 0 0 0
30 49 0 0 0
31 49 0 0 0
32 49 0 0 0
33 49 0 0 0
34 49 0 0 0
35 49 0 0 0
36 49 0 0 0
37 49 0 0 0
38 49 0 0 0
39 49 0 0 0
40 49 0 0 0
41 49 0 0 0
42 49 0 0 0
43 49 0 0 0
44 49 0 0 0
45 49 0 0 0
46 49 0 0 0
47 49 0 0 0
48 49 0 0 0
49 49 0 0 0
50 49 0 0 0
51 49 0 0 0
52 49 0 0 0
53 49 0 0 0
54 49 0 0 0
55 49 0 0 0
56 49 0 0 0
57 49 0 0 0
58 49 0 0 0
59 49 0 0 0
60 49 0 0 0
61 49 0 0 0
62 49 0 0 0
63 49 0 0 0
64 49 0 0 0
65 49 0 0 0
66 49 0 0 0
67 49 0 0 0
68 49 0 0 0
69 49 0 0 0
70 49 0 0 0
71 49 0 0 0
72 49 0 0 0
73 49 0 0 0
74 49 0 0 0
75 49 0 0 0
76 49 0 0 0
77 49 0 0 0
78 49 0 0 0
79 49 0 0 0
80 49 0 0 0
81 49 0 0 0
82 49 0 0 0
83 49 0 0 0
84 49 0 0 0
85 49 0 0 0
86 49 0 0 0
87 49 0 0 0
88 49 0 0 0
89 49 0 0 0
90 49 0 0 0
91 49 0 0 0
92 49 0 0 0
93 49 0 0 0
94 49 0 0 0
95 49 0 0 0
96 49 0 0 0
97 49 0 0 0
98 49 0 0 0
99 49 0 0 0
100 49 0 0 0
101 49 0 0 0
102 49 0 0 0
103 49 0 0 0
104 49 0 0 0
105 49 0 0 0
106 49 0 0 0
107 49 0 0 0
108 49 0 0 0
109 49 0 0 0
110 49 0 0 0
111 49 0 0 0
112 49 0 0 0
113 49 0 0 0
114 49 0 0 0
115 49 0 0 0
116 49 0 0 0
117 49 0 0 0
118 49 0 0 0
119 49 0 0 0
120 49 0 0 0
121 49 0 0 0
122 49 0 0 0
123 49 0 0 0
124 49 0 0 0
125 49 0 0 0
126 49 0 0 0
127 49 0 0 0
128 49 0 0 0
129 49 0 0 0
130 49 0 0 0
131 49 0 0 0
132 49 0 0 0
133 49 0 0 0
134 49 0 0 0
135 49 0 0 0
136 49 0 0 0
137 49 0 0 0
138 49 0 0 0
139 49 0 0 0
140 49 0 0 0
141 49 0 0 0
142 49 0 0 0
143 49 0 0 0
144 49 0 0 0
145 49 0 0 0
146 49 0 0 0
147 49 0 0 0
148 49 0 0 0
149 49 0 0 0
150 49 0 0 0
151 49 0 0 0
152 49 0 0 0
153 49 0 0 0
154 49 0 0 0
155 49 0 0 0
156 49 0 0 0
157 49 0 0 0
158 49 0 0 0
159 49 0 0 0
160 49 0 0 0
161 49 0 0 0
162 49 0 0 0
163 49 0 0 0
164 49 0 0 0
165 49 0 0 0
166 49 0 0 0
167 49 0 0 0
168 49 0 0 0
169 49 0 0 0
170 49 0 0 0
171 49 0 0 0
172 49 0 0 0
173 49 0 0 0
174 49 0 0 0
175 49 0 0 0
176 49 0 0 0
177 49 0 0 0
178 49 0 0 0
179 49 0 0 0
180 49 0 0 0
181 49 0 0 0
182 49 0 0 0
183 49 0 0 0
184 49 0 0 0
185 49 0 0 0
186 49 0 0 0
187 49 0 0 0
188 49 0 0 0
189 49 0 0 0
190 49 0 0 0
191 49 0 0 0
192 49 0 0 0
193 49 0 0 0
194 49 0 0 0
195 49 0 0 0
196 49 0 0 0
197 49 0 0 0
198 49 0 0 0
199 49 0 0 0
200 49 0 0 0
201 49 0 0 0
202 49 0 0 0
203 49 0 0 0
204 49 0 0 0
205 49 0 0 0
206 49 0 0 0
207 49 0 0 0
208 49 0 0 0
209 49 0 0 0
210 49 0 0 0
211 49 0 0 0
212 49 0 0 0
213 49 0 0 0
214 49 0 0 0
215 49 0 0 0
216 49 0 0 0
217 49 0 0 0
218 49 0 0 0
219 49 0 0 0
220 49 0 0 0
221 49 0 0 0
222 49 0 0 0
223 49 0 0 0
224 49 0 0 0
225 49 0 0 0
226 49 0 0 0
227 49 0 0 0
228 49 0 0 0
229 49 0 0 0
230 49 0 0 0
231 49 0 0 0
232 49 0 0 0
233 49 0 0 0
234 49 0 0 0
235 49 0 0 0
236 49 0 0 0
237 49 0 0 0
238 49 0 0 0
239 49 0 0 0
240 49 0 0 0
241 49 0 0 0
242 49 0 0 0
243 49 1 1 1
244 49 1 1 1
245 49 1 1 1
246 49 1 1 1
247 49 0 0 0
248 49 0 0 0
249 49 1 1 1
250 49 1 1 1
251 49 2 2 2
252 49 2 2 2
253 49 1 1 1
254 49 1 1 1
255 49 1 1 1
256 49 1 1 1
257 49 0 0 0
258 49 0 0 0
259 49 0 0 0
260 49 0 0 0
261 49 1 1 1
262 49 1 1 1
263 49 2 2 2
264 49 2 2 2
265 49 0 0 0
266 49 0 0 0
267 49 0 0 0
268 49 0 0 0
269 49 0 0 0
270 49 0 0 0
271 49 0 0 0
272 49 0 0 0
273 49 0 0 0
274 49 0 0 0
275 49 0 0 0
276 49 0 0 0
277 49 0 0 0
278 49 0 0 0
279 49 0 0 0
280 49 0 0 0
281 49 2 2 2
282 49 2 2 2
283 49 5 5 5
284 49 5 5 5
285 49 4 4 4
286 49 4 4 4
287 49 1 1 1
288 49 1 1 1
289 49 0 0 0
290 49 0 0 0
291 49 1 1 1
292 49 1 1 1
293 49 6 6 6
294 49 6 6 6
295 49 4 4 4
296 49 4 4 4
297 49 4 4 4
298 49 4 4 4
299 49 8 8 8
300 49 8 8 8
301 49 a a a
302 49 a a a
303 49 a a a
304 49 a a a
305 49 b b b
306 49 b b b
307 49 8 8 8
308 49 8 8 8
309 49 5 5 5
310 49 5 5 5
311 49 8 8 8
312 49 8 8 8
313 49 a a a
314 49 a a a
315 49 a a a
316 49 a a a
317 49 9 9 9
318 49 9 9 9
319 49 8 8 8
320 49 8 8 8
321 49 7 7 7
322 49 7 7 7
323 49 6 6 6
324 49 6 6 6
325 49 7 7 7
326 49 7 7 7
327 49 6 6 6
328 49 6 6 6
329 49 3 3 3
330 49 3 3 3
331 49 2 2 2
332 49 2 2 2
333 49 0 0 0
334 49 0 0 0
335 49 0 0 0
336 49 0 0 0
337 49 0 0 0
338 49 0 0 0
339 49 0 0 0
340 49 0 0 0
341 49 0 0 0
342 49 0 0 0
343 49 0 0 0
344 49 0 0 0
345 49 0 0 0
346 49 0 0 0
347 49 0 0 0
348 49 0 0 0
349 49 0 0 0
350 49 0 0 0
351 49 0 0 0
352 49 0 0 0
353 49 0 0 0
354 49 0 0 0
355 49 0 0 0
356 49 0 0 0
357 49 0 0 0
358 49 0 0 0
359 49 0 0 0
360 49 0 0 0
361 49 0 0 0
362 49 0 0 0
363 49 0 0 0
364 49 0 0 0
365 49 0 0 0
366 49 0 0 0
367 49 0 0 0
368 49 0 0 0
369 49 0 0 0
370 49 0 0 0
371 49 0 0 0
372 49 0 0 0
373 49 0 0 0
374 49 0 0 0
375 49 0 0 0
376 49 0 0 0
377 49 0 0 0
378 49 0 0 0
379 49 0 0 0
380 49 0 0 0
381 49 0 0 0
382 49 0 0 0
383 49 0 0 0
384 49 0 0 0
385 49 0 0 0
386 49 0 0 0
387 49 0 0 0
388 49 0 0 0
389 49 0 0 0
390 49 0 0 0
391 49 0 0 0
392 49 0 0 0
393 49 0 0 0
394 49 0 0 0
395 49 0 0 0
396 49 0 0 0
397 49 0 0 0
398 49 0 0 0
399 49 0 0 0
400 49 0 0 0
401 49 0 0 0
402 49 0 0 0
403 49 0 0 0
404 49 0 0 0
405 49 4 4 4
406 49 4 4 4
407 49 4 4 4
408 49 4 4 4
409 49 4 4 4
410 49 4 4 4
411 49 4 4 4
412 49 4 4 4
413 49 3 3 3
414 49 3 3 3
415 49 2 2 2
416 49 2 2 2
417 49 1 1 1
418 49 1 1 1
419 49 1 1 1
420 49 1 1 1
421 49 1 1 1
422 49 1 1 1
423 49 2 2 2
424 49 2 2 2
425 49 2 2 2
426 49 2 2 2
427 49 1 1 1
428 49 1 1 1
429 49 1 1 1
430 49 1 1 1
431 49 3 3 3
432 49 3 3 3
433 49 4 4 4
434 49 4 4 4
435 49 4 4 4
436 49 4 4 4
437 49 3 3 3
438 49 3 3 3
439 49 3 3 3
440 49 3 3 3
441 49 3 3 3
442 49 3 3 3
443 49 3 3 3
444 49 3 3 3
445 49 3 3 3
446 49 3 3 3
447 49 3 3 3
448 49 3 3 3
449 49 3 3 3
450 49 3 3 3
451 49 3 3 3
452 49 3 3 3
453 49 3 3 3
454 49 3 3 3
455 49 3 3 3
456 49 3 3 3
457 49 3 3 3
458 49 3 3 3
459 49 3 3 3
460 49 3 3 3
461 49 3 3 3
462 49 3 3 3
463 49 3 3 3
464 49 3 3 3
465 49 3 3 3
466 49 3 3 3
467 49 3 3 3
468 49 3 3 3
469 49 3 3 3
470 49 3 3 3
471 49 3 3 3
472 49 3 3 3
473 49 3 3 3
474 49 3 3 3
475 49 3 3 3
476 49 3 3 3
477 49 3 3 3
478 49 3 3 3
479 49 3 3 3
480 49 3 3 3
481 49 3 3 3
482 49 3 3 3
483 49 3 3 3
484 49 3 3 3
485 49 3 3 3
486 49 3 3 3
487 49 3 3 3
488 49 3 3 3
489 49 3 3 3
490 49 3 3 3
491 49 4 4 4
492 49 4 4 4
493 49 4 4 4
494 49 4 4 4
495 49 4 4 4
496 49 4 4 4
497 49 4 4 4
498 49 4 4 4
499 49 4 4 4
500 49 4 4 4
501 49 4 4 4
502 49 4 4 4
503 49 4 4 4
504 49 4 4 4
505 49 4 4 4
506 49 4 4 4
507 49 4 4 4
508 49 4 4 4
509 49 4 4 4
510 49 4 4 4
511 49 4 4 4
512 49 4 4 4
513 49 4 4 4
514 49 4 4 4
515 49 4 4 4
516 49 4 4 4
517 49 4 4 4
518 49 4 4 4
519 49 0 0 0
520 49 0 0 0
521 49 0 0 0
522 49 0 0 0
523 49 0 0 0
524 49 0 0 0
525 49 0 0 0
526 49 0 0 0
527 49 0 0 0
528 49 0 0 0
529 49 0 0 0
530 49 0 0 0
531 49 0 0 0
532 49 0 0 0
533 49 0 0 0
534 49 0 0 0
535 49 0 0 0
536 49 0 0 0
537 49 0 0 0
538 49 0 0 0
539 49 0 0 0
540 49 0 0 0
541 49 0 0 0
542 49 0 0 0
543 49 0 0 0
544 49 0 0 0
545 49 0 0 0
546 49 0 0 0
547 49 0 0 0
548 49 0 0 0
549 49 0 0 0
550 49 0 0 0
551 49 0 0 0
552 49 0 0 0
553 49 0 0 0
554 49 0 0 0
555 49 0 0 0
556 49 0 0 0
557 49 0 0 0
558 49 0 0 0
559 49 0 0 0
560 49 0 0 0
561 49 0 0 0
562 49 0 0 0
563 49 1 1 1
564 49 1 1 1
565 49 1 1 1
566 49 1 1 1
567 49 0 0 0
568 49 0 0 0
569 49 0 0 0
570 49 0 0 0
571 49 2 2 2
572 49 2 2 2
573 49 1 1 1
574 49 1 1 1
575 49 1 1 1
576 49 1 1 1
577 49 0 0 0
578 49 0 0 0
579 49 0 0 0
580 49 0 0 0
581 49 0 0 0
582 49 0 0 0
583 49 2 2 2
584 49 2 2 2
585 49 1 1 1
586 49 1 1 1
587 49 0 0 0
588 49 0 0 0
589 49 0 0 0
590 49 0 0 0
591 49 0 0 0
592 49 0 0 0
593 49 0 0 0
594 49 0 0 0
595 49 0 0 0
596 49 0 0 0
597 49 0 0 0
598 49 0 0 0
599 49 0 0 0
600 49 0 0 0
601 49 0 0 0
602 49 0 0 0
603 49 0 0 0
604 49 0 0 0
605 49 0 0 0
606 49 0 0 0
607 49 0 0 0
608 49 0 0 0
609 49 0 0 0
610 49 0 0 0
611 49 0 0 0
612 49 0 0 0
613 49 0 0 0
614 49 0 0 0
615 49 0 0 0
616 49 0 0 0
617 49 0 0 0
618 49 0 0 0
619 49 0 0 0
620 49 0 0 0
621 49 0 0 0
622 49 0 0 0
623 49 0 0 0
624 49 0 0 0
625 49 0 0 0
626 49 0 0 0
627 49 0 0 0
628 49 0 0 0
629 49 0 0 0
630 49 0 0 0
631 49 0 0 0
632 49 0 0 0
633 49 0 0 0
634 49 0 0 0
635 49 0 0 0
636 49 0 0 0
637 49 0 0 0
638 49 0 0 0
639 49 0 0 0
0 50 0 0 0
1 50 0 0 0
2 50 0 0 0
3 50 0 0 0
4 50 0 0 0
5 50 0 0 0
6 50 0 0 0
7 50 0 0 0
8 50 0 0 0
9 50 0 0 0
10 50 0 0 0
11 50 0 0 0
12 50 0 0 0
13 50 0 0 0
14 50 0 0 0
15 50 0 0 0
16 50 0 0 0
17 50 0 0 0
18 50 0 0 0
19 50 0 0 0
20 50 0 0 0
21 50 0 0 0
22 50 0 0 0
23 50 0 0 0
24 50 0 0 0
25 50 0 0 0
26 50 0 0 0
27 50 0 0 0
28 50 0 0 0
29 50 0 0 0
30 50 0 0 0
31 50 0 0 0
32 50 0 0 0
33 50 0 0 0
34 50 0 0 0
35 50 0 0 0
36 50 0 0 0
37 50 0 0 0
38 50 0 0 0
39 50 0 0 0
40 50 0 0 0
41 50 0 0 0
42 50 0 0 0
43 50 0 0 0
44 50 0 0 0
45 50 0 0 0
46 50 0 0 0
47 50 0 0 0
48 50 0 0 0
49 50 0 0 0
50 50 0 0 0
51 50 0 0 0
52 50 0 0 0
53 50 0 0 0
54 50 0 0 0
55 50 0 0 0
56 50 0 0 0
57 50 0 0 0
58 50 0 0 0
59 50 0 0 0
60 50 0 0 0
61 50 0 0 0
62 50 0 0 0
63 50 0 0 0
64 50 0 0 0
65 50 0 0 0
66 50 0 0 0
67 50 0 0 0
68 50 0 0 0
69 50 0 0 0
70 50 0 0 0
71 50 0 0 0
72 50 0 0 0
73 50 0 0 0
74 50 0 0 0
75 50 0 0 0
76 50 0 0 0
77 50 0 0 0
78 50 0 0 0
79 50 0 0 0
80 50 0 0 0
81 50 0 0 0
82 50 0 0 0
83 50 0 0 0
84 50 0 0 0
85 50 0 0 0
86 50 0 0 0
87 50 0 0 0
88 50 0 0 0
89 50 0 0 0
90 50 0 0 0
91 50 0 0 0
92 50 0 0 0
93 50 0 0 0
94 50 0 0 0
95 50 0 0 0
96 50 0 0 0
97 50 0 0 0
98 50 0 0 0
99 50 0 0 0
100 50 0 0 0
101 50 0 0 0
102 50 0 0 0
103 50 0 0 0
104 50 0 0 0
105 50 0 0 0
106 50 0 0 0
107 50 0 0 0
108 50 0 0 0
109 50 0 0 0
110 50 0 0 0
111 50 0 0 0
112 50 0 0 0
113 50 0 0 0
114 50 0 0 0
115 50 0 0 0
116 50 0 0 0
117 50 0 0 0
118 50 0 0 0
119 50 0 0 0
120 50 0 0 0
121 50 0 0 0
122 50 0 0 0
123 50 0 0 0
124 50 0 0 0
125 50 0 0 0
126 50 0 0 0
127 50 0 0 0
128 50 0 0 0
129 50 0 0 0
130 50 0 0 0
131 50 0 0 0
132 50 0 0 0
133 50 0 0 0
134 50 0 0 0
135 50 0 0 0
136 50 0 0 0
137 50 0 0 0
138 50 0 0 0
139 50 0 0 0
140 50 0 0 0
141 50 0 0 0
142 50 0 0 0
143 50 0 0 0
144 50 0 0 0
145 50 0 0 0
146 50 0 0 0
147 50 0 0 0
148 50 0 0 0
149 50 0 0 0
150 50 0 0 0
151 50 0 0 0
152 50 0 0 0
153 50 0 0 0
154 50 0 0 0
155 50 0 0 0
156 50 0 0 0
157 50 0 0 0
158 50 0 0 0
159 50 0 0 0
160 50 0 0 0
161 50 0 0 0
162 50 0 0 0
163 50 0 0 0
164 50 0 0 0
165 50 0 0 0
166 50 0 0 0
167 50 0 0 0
168 50 0 0 0
169 50 0 0 0
170 50 0 0 0
171 50 0 0 0
172 50 0 0 0
173 50 0 0 0
174 50 0 0 0
175 50 0 0 0
176 50 0 0 0
177 50 0 0 0
178 50 0 0 0
179 50 0 0 0
180 50 0 0 0
181 50 0 0 0
182 50 0 0 0
183 50 0 0 0
184 50 0 0 0
185 50 0 0 0
186 50 0 0 0
187 50 0 0 0
188 50 0 0 0
189 50 0 0 0
190 50 0 0 0
191 50 0 0 0
192 50 0 0 0
193 50 0 0 0
194 50 0 0 0
195 50 0 0 0
196 50 0 0 0
197 50 0 0 0
198 50 0 0 0
199 50 0 0 0
200 50 0 0 0
201 50 0 0 0
202 50 0 0 0
203 50 0 0 0
204 50 0 0 0
205 50 0 0 0
206 50 0 0 0
207 50 0 0 0
208 50 0 0 0
209 50 0 0 0
210 50 0 0 0
211 50 0 0 0
212 50 0 0 0
213 50 0 0 0
214 50 0 0 0
215 50 0 0 0
216 50 0 0 0
217 50 0 0 0
218 50 0 0 0
219 50 0 0 0
220 50 0 0 0
221 50 0 0 0
222 50 0 0 0
223 50 0 0 0
224 50 0 0 0
225 50 0 0 0
226 50 0 0 0
227 50 0 0 0
228 50 0 0 0
229 50 0 0 0
230 50 0 0 0
231 50 0 0 0
232 50 0 0 0
233 50 0 0 0
234 50 0 0 0
235 50 0 0 0
236 50 0 0 0
237 50 0 0 0
238 50 0 0 0
239 50 0 0 0
240 50 0 0 0
241 50 1 1 1
242 50 1 1 1
243 50 2 2 2
244 50 2 2 2
245 50 0 0 0
246 50 0 0 0
247 50 0 0 0
248 50 0 0 0
249 50 0 0 0
250 50 0 0 0
251 50 1 1 1
252 50 1 1 1
253 50 2 2 2
254 50 2 2 2
255 50 1 1 1
256 50 1 1 1
257 50 1 1 1
258 50 1 1 1
259 50 2 2 2
260 50 2 2 2
261 50 2 2 2
262 50 2 2 2
263 50 1 1 1
264 50 1 1 1
265 50 0 0 0
266 50 0 0 0
267 50 0 0 0
268 50 0 0 0
269 50 0 0 0
270 50 0 0 0
271 50 0 0 0
272 50 0 0 0
273 50 0 0 0
274 50 0 0 0
275 50 0 0 0
276 50 0 0 0
277 50 0 0 0
278 50 0 0 0
279 50 0 0 0
280 50 0 0 0
281 50 0 0 0
282 50 0 0 0
283 50 0 0 0
284 50 0 0 0
285 50 4 4 4
286 50 4 4 4
287 50 5 5 5
288 50 5 5 5
289 50 2 2 2
290 50 2 2 2
291 50 0 0 0
292 50 0 0 0
293 50 6 6 6
294 50 6 6 6
295 50 4 4 4
296 50 4 4 4
297 50 4 4 4
298 50 4 4 4
299 50 8 8 8
300 50 8 8 8
301 50 a a a
302 50 a a a
303 50 a a a
304 50 a a a
305 50 a a a
306 50 a a a
307 50 b b b
308 50 b b b
309 50 9 9 9
310 50 9 9 9
311 50 6 6 6
312 50 6 6 6
313 50 8 8 8
314 50 8 8 8
315 50 a a a
316 50 a a a
317 50 a a a
318 50 a a a
319 50 9 9 9
320 50 9 9 9
321 50 7 7 7
322 50 7 7 7
323 50 6 6 6
324 50 6 6 6
325 50 6 6 6
326 50 6 6 6
327 50 6 6 6
328 50 6 6 6
329 50 5 5 5
330 50 5 5 5
331 50 3 3 3
332 50 3 3 3
333 50 2 2 2
334 50 2 2 2
335 50 0 0 0
336 50 0 0 0
337 50 0 0 0
338 50 0 0 0
339 50 0 0 0
340 50 0 0 0
341 50 0 0 0
342 50 0 0 0
343 50 0 0 0
344 50 0 0 0
345 50 0 0 0
346 50 0 0 0
347 50 0 0 0
348 50 0 0 0
349 50 1 1 1
350 50 1 1 1
351 50 0 0 0
352 50 0 0 0
353 50 0 0 0
354 50 0 0 0
355 50 0 0 0
356 50 0 0 0
357 50 0 0 0
358 50 0 0 0
359 50 0 0 0
360 50 0 0 0
361 50 0 0 0
362 50 0 0 0
363 50 0 0 0
364 50 0 0 0
365 50 0 0 0
366 50 0 0 0
367 50 0 0 0
368 50 0 0 0
369 50 0 0 0
370 50 0 0 0
371 50 0 0 0
372 50 0 0 0
373 50 0 0 0
374 50 0 0 0
375 50 0 0 0
376 50 0 0 0
377 50 0 0 0
378 50 0 0 0
379 50 0 0 0
380 50 0 0 0
381 50 0 0 0
382 50 0 0 0
383 50 0 0 0
384 50 0 0 0
385 50 0 0 0
386 50 0 0 0
387 50 0 0 0
388 50 0 0 0
389 50 0 0 0
390 50 0 0 0
391 50 0 0 0
392 50 0 0 0
393 50 0 0 0
394 50 0 0 0
395 50 0 0 0
396 50 0 0 0
397 50 0 0 0
398 50 0 0 0
399 50 0 0 0
400 50 0 0 0
401 50 0 0 0
402 50 0 0 0
403 50 0 0 0
404 50 0 0 0
405 50 2 2 2
406 50 2 2 2
407 50 4 4 4
408 50 4 4 4
409 50 4 4 4
410 50 4 4 4
411 50 4 4 4
412 50 4 4 4
413 50 2 2 2
414 50 2 2 2
415 50 1 1 1
416 50 1 1 1
417 50 1 1 1
418 50 1 1 1
419 50 1 1 1
420 50 1 1 1
421 50 1 1 1
422 50 1 1 1
423 50 1 1 1
424 50 1 1 1
425 50 1 1 1
426 50 1 1 1
427 50 1 1 1
428 50 1 1 1
429 50 4 4 4
430 50 4 4 4
431 50 4 4 4
432 50 4 4 4
433 50 3 3 3
434 50 3 3 3
435 50 3 3 3
436 50 3 3 3
437 50 3 3 3
438 50 3 3 3
439 50 3 3 3
440 50 3 3 3
441 50 3 3 3
442 50 3 3 3
443 50 3 3 3
444 50 3 3 3
445 50 3 3 3
446 50 3 3 3
447 50 3 3 3
448 50 3 3 3
449 50 3 3 3
450 50 3 3 3
451 50 4 4 4
452 50 4 4 4
453 50 4 4 4
454 50 4 4 4
455 50 4 4 4
456 50 4 4 4
457 50 4 4 4
458 50 4 4 4
459 50 4 4 4
460 50 4 4 4
461 50 4 4 4
462 50 4 4 4
463 50 4 4 4
464 50 4 4 4
465 50 4 4 4
466 50 4 4 4
467 50 3 3 3
468 50 3 3 3
469 50 3 3 3
470 50 3 3 3
471 50 3 3 3
472 50 3 3 3
473 50 3 3 3
474 50 3 3 3
475 50 3 3 3
476 50 3 3 3
477 50 2 2 2
478 50 2 2 2
479 50 2 2 2
480 50 2 2 2
481 50 3 3 3
482 50 3 3 3
483 50 3 3 3
484 50 3 3 3
485 50 3 3 3
486 50 3 3 3
487 50 3 3 3
488 50 3 3 3
489 50 3 3 3
490 50 3 3 3
491 50 3 3 3
492 50 3 3 3
493 50 3 3 3
494 50 3 3 3
495 50 4 4 4
496 50 4 4 4
497 50 4 4 4
498 50 4 4 4
499 50 4 4 4
500 50 4 4 4
501 50 4 4 4
502 50 4 4 4
503 50 4 4 4
504 50 4 4 4
505 50 4 4 4
506 50 4 4 4
507 50 4 4 4
508 50 4 4 4
509 50 4 4 4
510 50 4 4 4
511 50 4 4 4
512 50 4 4 4
513 50 4 4 4
514 50 4 4 4
515 50 4 4 4
516 50 4 4 4
517 50 4 4 4
518 50 4 4 4
519 50 4 4 4
520 50 4 4 4
521 50 0 0 0
522 50 0 0 0
523 50 0 0 0
524 50 0 0 0
525 50 0 0 0
526 50 0 0 0
527 50 0 0 0
528 50 0 0 0
529 50 0 0 0
530 50 0 0 0
531 50 0 0 0
532 50 0 0 0
533 50 0 0 0
534 50 0 0 0
535 50 0 0 0
536 50 0 0 0
537 50 0 0 0
538 50 0 0 0
539 50 0 0 0
540 50 0 0 0
541 50 0 0 0
542 50 0 0 0
543 50 0 0 0
544 50 0 0 0
545 50 0 0 0
546 50 0 0 0
547 50 0 0 0
548 50 0 0 0
549 50 0 0 0
550 50 0 0 0
551 50 0 0 0
552 50 0 0 0
553 50 0 0 0
554 50 0 0 0
555 50 0 0 0
556 50 0 0 0
557 50 0 0 0
558 50 0 0 0
559 50 0 0 0
560 50 0 0 0
561 50 0 0 0
562 50 0 0 0
563 50 2 2 2
564 50 2 2 2
565 50 1 1 1
566 50 1 1 1
567 50 0 0 0
568 50 0 0 0
569 50 0 0 0
570 50 0 0 0
571 50 1 1 1
572 50 1 1 1
573 50 2 2 2
574 50 2 2 2
575 50 2 2 2
576 50 2 2 2
577 50 1 1 1
578 50 1 1 1
579 50 2 2 2
580 50 2 2 2
581 50 2 2 2
582 50 2 2 2
583 50 1 1 1
584 50 1 1 1
585 50 0 0 0
586 50 0 0 0
587 50 0 0 0
588 50 0 0 0
589 50 0 0 0
590 50 0 0 0
591 50 0 0 0
592 50 0 0 0
593 50 0 0 0
594 50 0 0 0
595 50 0 0 0
596 50 0 0 0
597 50 0 0 0
598 50 0 0 0
599 50 0 0 0
600 50 0 0 0
601 50 0 0 0
602 50 0 0 0
603 50 0 0 0
604 50 0 0 0
605 50 0 0 0
606 50 0 0 0
607 50 0 0 0
608 50 0 0 0
609 50 0 0 0
610 50 0 0 0
611 50 0 0 0
612 50 0 0 0
613 50 0 0 0
614 50 0 0 0
615 50 0 0 0
616 50 0 0 0
617 50 0 0 0
618 50 0 0 0
619 50 0 0 0
620 50 0 0 0
621 50 0 0 0
622 50 0 0 0
623 50 0 0 0
624 50 0 0 0
625 50 0 0 0
626 50 0 0 0
627 50 0 0 0
628 50 0 0 0
629 50 0 0 0
630 50 0 0 0
631 50 0 0 0
632 50 0 0 0
633 50 0 0 0
634 50 0 0 0
635 50 0 0 0
636 50 0 0 0
637 50 0 0 0
638 50 0 0 0
639 50 0 0 0
0 51 0 0 0
1 51 0 0 0
2 51 0 0 0
3 51 0 0 0
4 51 0 0 0
5 51 0 0 0
6 51 0 0 0
7 51 0 0 0
8 51 0 0 0
9 51 0 0 0
10 51 0 0 0
11 51 0 0 0
12 51 0 0 0
13 51 0 0 0
14 51 0 0 0
15 51 0 0 0
16 51 0 0 0
17 51 0 0 0
18 51 0 0 0
19 51 0 0 0
20 51 0 0 0
21 51 0 0 0
22 51 0 0 0
23 51 0 0 0
24 51 0 0 0
25 51 0 0 0
26 51 0 0 0
27 51 0 0 0
28 51 0 0 0
29 51 0 0 0
30 51 0 0 0
31 51 0 0 0
32 51 0 0 0
33 51 0 0 0
34 51 0 0 0
35 51 0 0 0
36 51 0 0 0
37 51 0 0 0
38 51 0 0 0
39 51 0 0 0
40 51 0 0 0
41 51 0 0 0
42 51 0 0 0
43 51 0 0 0
44 51 0 0 0
45 51 0 0 0
46 51 0 0 0
47 51 0 0 0
48 51 0 0 0
49 51 0 0 0
50 51 0 0 0
51 51 0 0 0
52 51 0 0 0
53 51 0 0 0
54 51 0 0 0
55 51 0 0 0
56 51 0 0 0
57 51 0 0 0
58 51 0 0 0
59 51 0 0 0
60 51 0 0 0
61 51 0 0 0
62 51 0 0 0
63 51 0 0 0
64 51 0 0 0
65 51 0 0 0
66 51 0 0 0
67 51 0 0 0
68 51 0 0 0
69 51 0 0 0
70 51 0 0 0
71 51 0 0 0
72 51 0 0 0
73 51 0 0 0
74 51 0 0 0
75 51 0 0 0
76 51 0 0 0
77 51 0 0 0
78 51 0 0 0
79 51 0 0 0
80 51 0 0 0
81 51 0 0 0
82 51 0 0 0
83 51 0 0 0
84 51 0 0 0
85 51 0 0 0
86 51 0 0 0
87 51 0 0 0
88 51 0 0 0
89 51 0 0 0
90 51 0 0 0
91 51 0 0 0
92 51 0 0 0
93 51 0 0 0
94 51 0 0 0
95 51 0 0 0
96 51 0 0 0
97 51 0 0 0
98 51 0 0 0
99 51 0 0 0
100 51 0 0 0
101 51 0 0 0
102 51 0 0 0
103 51 0 0 0
104 51 0 0 0
105 51 0 0 0
106 51 0 0 0
107 51 0 0 0
108 51 0 0 0
109 51 0 0 0
110 51 0 0 0
111 51 0 0 0
112 51 0 0 0
113 51 0 0 0
114 51 0 0 0
115 51 0 0 0
116 51 0 0 0
117 51 0 0 0
118 51 0 0 0
119 51 0 0 0
120 51 0 0 0
121 51 0 0 0
122 51 0 0 0
123 51 0 0 0
124 51 0 0 0
125 51 0 0 0
126 51 0 0 0
127 51 0 0 0
128 51 0 0 0
129 51 0 0 0
130 51 0 0 0
131 51 0 0 0
132 51 0 0 0
133 51 0 0 0
134 51 0 0 0
135 51 0 0 0
136 51 0 0 0
137 51 0 0 0
138 51 0 0 0
139 51 0 0 0
140 51 0 0 0
141 51 0 0 0
142 51 0 0 0
143 51 0 0 0
144 51 0 0 0
145 51 0 0 0
146 51 0 0 0
147 51 0 0 0
148 51 0 0 0
149 51 0 0 0
150 51 0 0 0
151 51 0 0 0
152 51 0 0 0
153 51 0 0 0
154 51 0 0 0
155 51 0 0 0
156 51 0 0 0
157 51 0 0 0
158 51 0 0 0
159 51 0 0 0
160 51 0 0 0
161 51 0 0 0
162 51 0 0 0
163 51 0 0 0
164 51 0 0 0
165 51 0 0 0
166 51 0 0 0
167 51 0 0 0
168 51 0 0 0
169 51 0 0 0
170 51 0 0 0
171 51 0 0 0
172 51 0 0 0
173 51 0 0 0
174 51 0 0 0
175 51 0 0 0
176 51 0 0 0
177 51 0 0 0
178 51 0 0 0
179 51 0 0 0
180 51 0 0 0
181 51 0 0 0
182 51 0 0 0
183 51 0 0 0
184 51 0 0 0
185 51 0 0 0
186 51 0 0 0
187 51 0 0 0
188 51 0 0 0
189 51 0 0 0
190 51 0 0 0
191 51 0 0 0
192 51 0 0 0
193 51 0 0 0
194 51 0 0 0
195 51 0 0 0
196 51 0 0 0
197 51 0 0 0
198 51 0 0 0
199 51 0 0 0
200 51 0 0 0
201 51 0 0 0
202 51 0 0 0
203 51 0 0 0
204 51 0 0 0
205 51 0 0 0
206 51 0 0 0
207 51 0 0 0
208 51 0 0 0
209 51 0 0 0
210 51 0 0 0
211 51 0 0 0
212 51 0 0 0
213 51 0 0 0
214 51 0 0 0
215 51 0 0 0
216 51 0 0 0
217 51 0 0 0
218 51 0 0 0
219 51 0 0 0
220 51 0 0 0
221 51 0 0 0
222 51 0 0 0
223 51 0 0 0
224 51 0 0 0
225 51 0 0 0
226 51 0 0 0
227 51 0 0 0
228 51 0 0 0
229 51 0 0 0
230 51 0 0 0
231 51 0 0 0
232 51 0 0 0
233 51 0 0 0
234 51 0 0 0
235 51 0 0 0
236 51 0 0 0
237 51 0 0 0
238 51 0 0 0
239 51 0 0 0
240 51 0 0 0
241 51 1 1 1
242 51 1 1 1
243 51 2 2 2
244 51 2 2 2
245 51 0 0 0
246 51 0 0 0
247 51 0 0 0
248 51 0 0 0
249 51 0 0 0
250 51 0 0 0
251 51 1 1 1
252 51 1 1 1
253 51 2 2 2
254 51 2 2 2
255 51 1 1 1
256 51 1 1 1
257 51 1 1 1
258 51 1 1 1
259 51 2 2 2
260 51 2 2 2
261 51 2 2 2
262 51 2 2 2
263 51 1 1 1
264 51 1 1 1
265 51 0 0 0
266 51 0 0 0
267 51 0 0 0
268 51 0 0 0
269 51 0 0 0
270 51 0 0 0
271 51 0 0 0
272 51 0 0 0
273 51 0 0 0
274 51 0 0 0
275 51 0 0 0
276 51 0 0 0
277 51 0 0 0
278 51 0 0 0
279 51 0 0 0
280 51 0 0 0
281 51 0 0 0
282 51 0 0 0
283 51 0 0 0
284 51 0 0 0
285 51 4 4 4
286 51 4 4 4
287 51 5 5 5
288 51 5 5 5
289 51 2 2 2
290 51 2 2 2
291 51 0 0 0
292 51 0 0 0
293 51 6 6 6
294 51 6 6 6
295 51 4 4 4
296 51 4 4 4
297 51 4 4 4
298 51 4 4 4
299 51 8 8 8
300 51 8 8 8
301 51 a a a
302 51 a a a
303 51 a a a
304 51 a a a
305 51 a a a
306 51 a a a
307 51 b b b
308 51 b b b
309 51 9 9 9
310 51 9 9 9
311 51 6 6 6
312 51 6 6 6
313 51 8 8 8
314 51 8 8 8
315 51 a a a
316 51 a a a
317 51 a a a
318 51 a a a
319 51 9 9 9
320 51 9 9 9
321 51 7 7 7
322 51 7 7 7
323 51 6 6 6
324 51 6 6 6
325 51 6 6 6
326 51 6 6 6
327 51 6 6 6
328 51 6 6 6
329 51 5 5 5
330 51 5 5 5
331 51 3 3 3
332 51 3 3 3
333 51 2 2 2
334 51 2 2 2
335 51 0 0 0
336 51 0 0 0
337 51 0 0 0
338 51 0 0 0
339 51 0 0 0
340 51 0 0 0
341 51 0 0 0
342 51 0 0 0
343 51 0 0 0
344 51 0 0 0
345 51 0 0 0
346 51 0 0 0
347 51 0 0 0
348 51 0 0 0
349 51 1 1 1
350 51 1 1 1
351 51 0 0 0
352 51 0 0 0
353 51 0 0 0
354 51 0 0 0
355 51 0 0 0
356 51 0 0 0
357 51 0 0 0
358 51 0 0 0
359 51 0 0 0
360 51 0 0 0
361 51 0 0 0
362 51 0 0 0
363 51 0 0 0
364 51 0 0 0
365 51 0 0 0
366 51 0 0 0
367 51 0 0 0
368 51 0 0 0
369 51 0 0 0
370 51 0 0 0
371 51 0 0 0
372 51 0 0 0
373 51 0 0 0
374 51 0 0 0
375 51 0 0 0
376 51 0 0 0
377 51 0 0 0
378 51 0 0 0
379 51 0 0 0
380 51 0 0 0
381 51 0 0 0
382 51 0 0 0
383 51 0 0 0
384 51 0 0 0
385 51 0 0 0
386 51 0 0 0
387 51 0 0 0
388 51 0 0 0
389 51 0 0 0
390 51 0 0 0
391 51 0 0 0
392 51 0 0 0
393 51 0 0 0
394 51 0 0 0
395 51 0 0 0
396 51 0 0 0
397 51 0 0 0
398 51 0 0 0
399 51 0 0 0
400 51 0 0 0
401 51 0 0 0
402 51 0 0 0
403 51 0 0 0
404 51 0 0 0
405 51 2 2 2
406 51 2 2 2
407 51 4 4 4
408 51 4 4 4
409 51 4 4 4
410 51 4 4 4
411 51 4 4 4
412 51 4 4 4
413 51 2 2 2
414 51 2 2 2
415 51 1 1 1
416 51 1 1 1
417 51 1 1 1
418 51 1 1 1
419 51 1 1 1
420 51 1 1 1
421 51 1 1 1
422 51 1 1 1
423 51 1 1 1
424 51 1 1 1
425 51 1 1 1
426 51 1 1 1
427 51 1 1 1
428 51 1 1 1
429 51 4 4 4
430 51 4 4 4
431 51 4 4 4
432 51 4 4 4
433 51 3 3 3
434 51 3 3 3
435 51 3 3 3
436 51 3 3 3
437 51 3 3 3
438 51 3 3 3
439 51 3 3 3
440 51 3 3 3
441 51 3 3 3
442 51 3 3 3
443 51 3 3 3
444 51 3 3 3
445 51 3 3 3
446 51 3 3 3
447 51 3 3 3
448 51 3 3 3
449 51 3 3 3
450 51 3 3 3
451 51 4 4 4
452 51 4 4 4
453 51 4 4 4
454 51 4 4 4
455 51 4 4 4
456 51 4 4 4
457 51 4 4 4
458 51 4 4 4
459 51 4 4 4
460 51 4 4 4
461 51 4 4 4
462 51 4 4 4
463 51 4 4 4
464 51 4 4 4
465 51 4 4 4
466 51 4 4 4
467 51 3 3 3
468 51 3 3 3
469 51 3 3 3
470 51 3 3 3
471 51 3 3 3
472 51 3 3 3
473 51 3 3 3
474 51 3 3 3
475 51 3 3 3
476 51 3 3 3
477 51 2 2 2
478 51 2 2 2
479 51 2 2 2
480 51 2 2 2
481 51 3 3 3
482 51 3 3 3
483 51 3 3 3
484 51 3 3 3
485 51 3 3 3
486 51 3 3 3
487 51 3 3 3
488 51 3 3 3
489 51 3 3 3
490 51 3 3 3
491 51 3 3 3
492 51 3 3 3
493 51 3 3 3
494 51 3 3 3
495 51 4 4 4
496 51 4 4 4
497 51 4 4 4
498 51 4 4 4
499 51 4 4 4
500 51 4 4 4
501 51 4 4 4
502 51 4 4 4
503 51 4 4 4
504 51 4 4 4
505 51 4 4 4
506 51 4 4 4
507 51 4 4 4
508 51 4 4 4
509 51 4 4 4
510 51 4 4 4
511 51 4 4 4
512 51 4 4 4
513 51 4 4 4
514 51 4 4 4
515 51 4 4 4
516 51 4 4 4
517 51 4 4 4
518 51 4 4 4
519 51 4 4 4
520 51 4 4 4
521 51 0 0 0
522 51 0 0 0
523 51 0 0 0
524 51 0 0 0
525 51 0 0 0
526 51 0 0 0
527 51 0 0 0
528 51 0 0 0
529 51 0 0 0
530 51 0 0 0
531 51 0 0 0
532 51 0 0 0
533 51 0 0 0
534 51 0 0 0
535 51 0 0 0
536 51 0 0 0
537 51 0 0 0
538 51 0 0 0
539 51 0 0 0
540 51 0 0 0
541 51 0 0 0
542 51 0 0 0
543 51 0 0 0
544 51 0 0 0
545 51 0 0 0
546 51 0 0 0
547 51 0 0 0
548 51 0 0 0
549 51 0 0 0
550 51 0 0 0
551 51 0 0 0
552 51 0 0 0
553 51 0 0 0
554 51 0 0 0
555 51 0 0 0
556 51 0 0 0
557 51 0 0 0
558 51 0 0 0
559 51 0 0 0
560 51 0 0 0
561 51 0 0 0
562 51 0 0 0
563 51 2 2 2
564 51 2 2 2
565 51 1 1 1
566 51 1 1 1
567 51 0 0 0
568 51 0 0 0
569 51 0 0 0
570 51 0 0 0
571 51 1 1 1
572 51 1 1 1
573 51 2 2 2
574 51 2 2 2
575 51 2 2 2
576 51 2 2 2
577 51 1 1 1
578 51 1 1 1
579 51 2 2 2
580 51 2 2 2
581 51 2 2 2
582 51 2 2 2
583 51 1 1 1
584 51 1 1 1
585 51 0 0 0
586 51 0 0 0
587 51 0 0 0
588 51 0 0 0
589 51 0 0 0
590 51 0 0 0
591 51 0 0 0
592 51 0 0 0
593 51 0 0 0
594 51 0 0 0
595 51 0 0 0
596 51 0 0 0
597 51 0 0 0
598 51 0 0 0
599 51 0 0 0
600 51 0 0 0
601 51 0 0 0
602 51 0 0 0
603 51 0 0 0
604 51 0 0 0
605 51 0 0 0
606 51 0 0 0
607 51 0 0 0
608 51 0 0 0
609 51 0 0 0
610 51 0 0 0
611 51 0 0 0
612 51 0 0 0
613 51 0 0 0
614 51 0 0 0
615 51 0 0 0
616 51 0 0 0
617 51 0 0 0
618 51 0 0 0
619 51 0 0 0
620 51 0 0 0
621 51 0 0 0
622 51 0 0 0
623 51 0 0 0
624 51 0 0 0
625 51 0 0 0
626 51 0 0 0
627 51 0 0 0
628 51 0 0 0
629 51 0 0 0
630 51 0 0 0
631 51 0 0 0
632 51 0 0 0
633 51 0 0 0
634 51 0 0 0
635 51 0 0 0
636 51 0 0 0
637 51 0 0 0
638 51 0 0 0
639 51 0 0 0
0 52 0 0 0
1 52 0 0 0
2 52 0 0 0
3 52 0 0 0
4 52 0 0 0
5 52 0 0 0
6 52 0 0 0
7 52 0 0 0
8 52 0 0 0
9 52 0 0 0
10 52 0 0 0
11 52 0 0 0
12 52 0 0 0
13 52 0 0 0
14 52 0 0 0
15 52 0 0 0
16 52 0 0 0
17 52 0 0 0
18 52 0 0 0
19 52 0 0 0
20 52 0 0 0
21 52 0 0 0
22 52 0 0 0
23 52 0 0 0
24 52 0 0 0
25 52 0 0 0
26 52 0 0 0
27 52 0 0 0
28 52 0 0 0
29 52 0 0 0
30 52 0 0 0
31 52 0 0 0
32 52 0 0 0
33 52 0 0 0
34 52 0 0 0
35 52 0 0 0
36 52 0 0 0
37 52 0 0 0
38 52 0 0 0
39 52 0 0 0
40 52 0 0 0
41 52 0 0 0
42 52 0 0 0
43 52 0 0 0
44 52 0 0 0
45 52 0 0 0
46 52 0 0 0
47 52 0 0 0
48 52 0 0 0
49 52 0 0 0
50 52 0 0 0
51 52 0 0 0
52 52 0 0 0
53 52 0 0 0
54 52 0 0 0
55 52 0 0 0
56 52 0 0 0
57 52 0 0 0
58 52 0 0 0
59 52 0 0 0
60 52 0 0 0
61 52 0 0 0
62 52 0 0 0
63 52 0 0 0
64 52 0 0 0
65 52 0 0 0
66 52 0 0 0
67 52 0 0 0
68 52 0 0 0
69 52 0 0 0
70 52 0 0 0
71 52 0 0 0
72 52 0 0 0
73 52 0 0 0
74 52 0 0 0
75 52 0 0 0
76 52 0 0 0
77 52 0 0 0
78 52 0 0 0
79 52 0 0 0
80 52 0 0 0
81 52 0 0 0
82 52 0 0 0
83 52 0 0 0
84 52 0 0 0
85 52 0 0 0
86 52 0 0 0
87 52 0 0 0
88 52 0 0 0
89 52 0 0 0
90 52 0 0 0
91 52 0 0 0
92 52 0 0 0
93 52 0 0 0
94 52 0 0 0
95 52 0 0 0
96 52 0 0 0
97 52 0 0 0
98 52 0 0 0
99 52 0 0 0
100 52 0 0 0
101 52 0 0 0
102 52 0 0 0
103 52 0 0 0
104 52 0 0 0
105 52 0 0 0
106 52 0 0 0
107 52 0 0 0
108 52 0 0 0
109 52 0 0 0
110 52 0 0 0
111 52 0 0 0
112 52 0 0 0
113 52 0 0 0
114 52 0 0 0
115 52 0 0 0
116 52 0 0 0
117 52 0 0 0
118 52 0 0 0
119 52 0 0 0
120 52 0 0 0
121 52 0 0 0
122 52 0 0 0
123 52 0 0 0
124 52 0 0 0
125 52 0 0 0
126 52 0 0 0
127 52 0 0 0
128 52 0 0 0
129 52 0 0 0
130 52 0 0 0
131 52 0 0 0
132 52 0 0 0
133 52 0 0 0
134 52 0 0 0
135 52 0 0 0
136 52 0 0 0
137 52 0 0 0
138 52 0 0 0
139 52 0 0 0
140 52 0 0 0
141 52 0 0 0
142 52 0 0 0
143 52 0 0 0
144 52 0 0 0
145 52 0 0 0
146 52 0 0 0
147 52 0 0 0
148 52 0 0 0
149 52 0 0 0
150 52 0 0 0
151 52 0 0 0
152 52 0 0 0
153 52 0 0 0
154 52 0 0 0
155 52 0 0 0
156 52 0 0 0
157 52 0 0 0
158 52 0 0 0
159 52 0 0 0
160 52 0 0 0
161 52 0 0 0
162 52 0 0 0
163 52 0 0 0
164 52 0 0 0
165 52 0 0 0
166 52 0 0 0
167 52 0 0 0
168 52 0 0 0
169 52 0 0 0
170 52 0 0 0
171 52 0 0 0
172 52 0 0 0
173 52 0 0 0
174 52 0 0 0
175 52 0 0 0
176 52 0 0 0
177 52 0 0 0
178 52 0 0 0
179 52 0 0 0
180 52 0 0 0
181 52 0 0 0
182 52 0 0 0
183 52 0 0 0
184 52 0 0 0
185 52 0 0 0
186 52 0 0 0
187 52 0 0 0
188 52 0 0 0
189 52 0 0 0
190 52 0 0 0
191 52 0 0 0
192 52 0 0 0
193 52 0 0 0
194 52 0 0 0
195 52 0 0 0
196 52 0 0 0
197 52 0 0 0
198 52 0 0 0
199 52 0 0 0
200 52 0 0 0
201 52 0 0 0
202 52 0 0 0
203 52 0 0 0
204 52 0 0 0
205 52 0 0 0
206 52 0 0 0
207 52 0 0 0
208 52 0 0 0
209 52 0 0 0
210 52 0 0 0
211 52 0 0 0
212 52 0 0 0
213 52 0 0 0
214 52 0 0 0
215 52 0 0 0
216 52 0 0 0
217 52 0 0 0
218 52 0 0 0
219 52 0 0 0
220 52 0 0 0
221 52 0 0 0
222 52 0 0 0
223 52 0 0 0
224 52 0 0 0
225 52 0 0 0
226 52 0 0 0
227 52 0 0 0
228 52 0 0 0
229 52 0 0 0
230 52 0 0 0
231 52 0 0 0
232 52 0 0 0
233 52 0 0 0
234 52 0 0 0
235 52 0 0 0
236 52 0 0 0
237 52 0 0 0
238 52 0 0 0
239 52 0 0 0
240 52 0 0 0
241 52 1 1 1
242 52 1 1 1
243 52 2 2 2
244 52 2 2 2
245 52 0 0 0
246 52 0 0 0
247 52 0 0 0
248 52 0 0 0
249 52 0 0 0
250 52 0 0 0
251 52 0 0 0
252 52 0 0 0
253 52 0 0 0
254 52 0 0 0
255 52 1 1 1
256 52 1 1 1
257 52 1 1 1
258 52 1 1 1
259 52 1 1 1
260 52 1 1 1
261 52 0 0 0
262 52 0 0 0
263 52 0 0 0
264 52 0 0 0
265 52 0 0 0
266 52 0 0 0
267 52 0 0 0
268 52 0 0 0
269 52 0 0 0
270 52 0 0 0
271 52 0 0 0
272 52 0 0 0
273 52 0 0 0
274 52 0 0 0
275 52 0 0 0
276 52 0 0 0
277 52 0 0 0
278 52 0 0 0
279 52 0 0 0
280 52 0 0 0
281 52 0 0 0
282 52 0 0 0
283 52 0 0 0
284 52 0 0 0
285 52 0 0 0
286 52 0 0 0
287 52 3 3 3
288 52 3 3 3
289 52 5 5 5
290 52 5 5 5
291 52 4 4 4
292 52 4 4 4
293 52 6 6 6
294 52 6 6 6
295 52 4 4 4
296 52 4 4 4
297 52 4 4 4
298 52 4 4 4
299 52 9 9 9
300 52 9 9 9
301 52 a a a
302 52 a a a
303 52 a a a
304 52 a a a
305 52 a a a
306 52 a a a
307 52 a a a
308 52 a a a
309 52 b b b
310 52 b b b
311 52 9 9 9
312 52 9 9 9
313 52 6 6 6
314 52 6 6 6
315 52 9 9 9
316 52 9 9 9
317 52 a a a
318 52 a a a
319 52 9 9 9
320 52 9 9 9
321 52 8 8 8
322 52 8 8 8
323 52 6 6 6
324 52 6 6 6
325 52 6 6 6
326 52 6 6 6
327 52 6 6 6
328 52 6 6 6
329 52 6 6 6
330 52 6 6 6
331 52 5 5 5
332 52 5 5 5
333 52 3 3 3
334 52 3 3 3
335 52 3 3 3
336 52 3 3 3
337 52 0 0 0
338 52 0 0 0
339 52 0 0 0
340 52 0 0 0
341 52 0 0 0
342 52 0 0 0
343 52 0 0 0
344 52 0 0 0
345 52 0 0 0
346 52 0 0 0
347 52 0 0 0
348 52 0 0 0
349 52 6 6 6
350 52 6 6 6
351 52 3 3 3
352 52 3 3 3
353 52 0 0 0
354 52 0 0 0
355 52 0 0 0
356 52 0 0 0
357 52 0 0 0
358 52 0 0 0
359 52 0 0 0
360 52 0 0 0
361 52 0 0 0
362 52 0 0 0
363 52 0 0 0
364 52 0 0 0
365 52 0 0 0
366 52 0 0 0
367 52 0 0 0
368 52 0 0 0
369 52 0 0 0
370 52 0 0 0
371 52 0 0 0
372 52 0 0 0
373 52 0 0 0
374 52 0 0 0
375 52 0 0 0
376 52 0 0 0
377 52 0 0 0
378 52 0 0 0
379 52 0 0 0
380 52 0 0 0
381 52 0 0 0
382 52 0 0 0
383 52 0 0 0
384 52 0 0 0
385 52 0 0 0
386 52 0 0 0
387 52 0 0 0
388 52 0 0 0
389 52 0 0 0
390 52 0 0 0
391 52 0 0 0
392 52 0 0 0
393 52 0 0 0
394 52 0 0 0
395 52 0 0 0
396 52 0 0 0
397 52 0 0 0
398 52 0 0 0
399 52 0 0 0
400 52 0 0 0
401 52 0 0 0
402 52 0 0 0
403 52 0 0 0
404 52 0 0 0
405 52 2 2 2
406 52 2 2 2
407 52 5 5 5
408 52 5 5 5
409 52 4 4 4
410 52 4 4 4
411 52 4 4 4
412 52 4 4 4
413 52 2 2 2
414 52 2 2 2
415 52 1 1 1
416 52 1 1 1
417 52 1 1 1
418 52 1 1 1
419 52 1 1 1
420 52 1 1 1
421 52 1 1 1
422 52 1 1 1
423 52 1 1 1
424 52 1 1 1
425 52 1 1 1
426 52 1 1 1
427 52 3 3 3
428 52 3 3 3
429 52 4 4 4
430 52 4 4 4
431 52 3 3 3
432 52 3 3 3
433 52 3 3 3
434 52 3 3 3
435 52 3 3 3
436 52 3 3 3
437 52 3 3 3
438 52 3 3 3
439 52 3 3 3
440 52 3 3 3
441 52 2 2 2
442 52 2 2 2
443 52 3 3 3
444 52 3 3 3
445 52 3 3 3
446 52 3 3 3
447 52 4 4 4
448 52 4 4 4
449 52 4 4 4
450 52 4 4 4
451 52 3 3 3
452 52 3 3 3
453 52 3 3 3
454 52 3 3 3
455 52 3 3 3
456 52 3 3 3
457 52 3 3 3
458 52 3 3 3
459 52 3 3 3
460 52 3 3 3
461 52 3 3 3
462 52 3 3 3
463 52 3 3 3
464 52 3 3 3
465 52 3 3 3
466 52 3 3 3
467 52 3 3 3
468 52 3 3 3
469 52 3 3 3
470 52 3 3 3
471 52 3 3 3
472 52 3 3 3
473 52 3 3 3
474 52 3 3 3
475 52 3 3 3
476 52 3 3 3
477 52 2 2 2
478 52 2 2 2
479 52 2 2 2
480 52 2 2 2
481 52 2 2 2
482 52 2 2 2
483 52 2 2 2
484 52 2 2 2
485 52 2 2 2
486 52 2 2 2
487 52 3 3 3
488 52 3 3 3
489 52 3 3 3
490 52 3 3 3
491 52 3 3 3
492 52 3 3 3
493 52 3 3 3
494 52 3 3 3
495 52 3 3 3
496 52 3 3 3
497 52 3 3 3
498 52 3 3 3
499 52 4 4 4
500 52 4 4 4
501 52 4 4 4
502 52 4 4 4
503 52 4 4 4
504 52 4 4 4
505 52 4 4 4
506 52 4 4 4
507 52 4 4 4
508 52 4 4 4
509 52 4 4 4
510 52 4 4 4
511 52 4 4 4
512 52 4 4 4
513 52 4 4 4
514 52 4 4 4
515 52 4 4 4
516 52 4 4 4
517 52 4 4 4
518 52 4 4 4
519 52 4 4 4
520 52 4 4 4
521 52 2 2 2
522 52 2 2 2
523 52 0 0 0
524 52 0 0 0
525 52 0 0 0
526 52 0 0 0
527 52 0 0 0
528 52 0 0 0
529 52 0 0 0
530 52 0 0 0
531 52 0 0 0
532 52 0 0 0
533 52 0 0 0
534 52 0 0 0
535 52 0 0 0
536 52 0 0 0
537 52 0 0 0
538 52 0 0 0
539 52 0 0 0
540 52 0 0 0
541 52 0 0 0
542 52 0 0 0
543 52 0 0 0
544 52 0 0 0
545 52 0 0 0
546 52 0 0 0
547 52 0 0 0
548 52 0 0 0
549 52 0 0 0
550 52 0 0 0
551 52 0 0 0
552 52 0 0 0
553 52 0 0 0
554 52 0 0 0
555 52 0 0 0
556 52 0 0 0
557 52 0 0 0
558 52 0 0 0
559 52 0 0 0
560 52 0 0 0
561 52 0 0 0
562 52 0 0 0
563 52 2 2 2
564 52 2 2 2
565 52 0 0 0
566 52 0 0 0
567 52 0 0 0
568 52 0 0 0
569 52 0 0 0
570 52 0 0 0
571 52 0 0 0
572 52 0 0 0
573 52 0 0 0
574 52 0 0 0
575 52 1 1 1
576 52 1 1 1
577 52 1 1 1
578 52 1 1 1
579 52 1 1 1
580 52 1 1 1
581 52 0 0 0
582 52 0 0 0
583 52 0 0 0
584 52 0 0 0
585 52 0 0 0
586 52 0 0 0
587 52 0 0 0
588 52 0 0 0
589 52 0 0 0
590 52 0 0 0
591 52 0 0 0
592 52 0 0 0
593 52 0 0 0
594 52 0 0 0
595 52 0 0 0
596 52 0 0 0
597 52 0 0 0
598 52 0 0 0
599 52 0 0 0
600 52 0 0 0
601 52 0 0 0
602 52 0 0 0
603 52 0 0 0
604 52 0 0 0
605 52 0 0 0
606 52 0 0 0
607 52 0 0 0
608 52 0 0 0
609 52 0 0 0
610 52 0 0 0
611 52 0 0 0
612 52 0 0 0
613 52 0 0 0
614 52 0 0 0
615 52 0 0 0
616 52 0 0 0
617 52 0 0 0
618 52 0 0 0
619 52 0 0 0
620 52 0 0 0
621 52 0 0 0
622 52 0 0 0
623 52 0 0 0
624 52 0 0 0
625 52 0 0 0
626 52 0 0 0
627 52 0 0 0
628 52 0 0 0
629 52 0 0 0
630 52 0 0 0
631 52 0 0 0
632 52 0 0 0
633 52 0 0 0
634 52 0 0 0
635 52 0 0 0
636 52 0 0 0
637 52 0 0 0
638 52 0 0 0
639 52 0 0 0
0 53 0 0 0
1 53 0 0 0
2 53 0 0 0
3 53 0 0 0
4 53 0 0 0
5 53 0 0 0
6 53 0 0 0
7 53 0 0 0
8 53 0 0 0
9 53 0 0 0
10 53 0 0 0
11 53 0 0 0
12 53 0 0 0
13 53 0 0 0
14 53 0 0 0
15 53 0 0 0
16 53 0 0 0
17 53 0 0 0
18 53 0 0 0
19 53 0 0 0
20 53 0 0 0
21 53 0 0 0
22 53 0 0 0
23 53 0 0 0
24 53 0 0 0
25 53 0 0 0
26 53 0 0 0
27 53 0 0 0
28 53 0 0 0
29 53 0 0 0
30 53 0 0 0
31 53 0 0 0
32 53 0 0 0
33 53 0 0 0
34 53 0 0 0
35 53 0 0 0
36 53 0 0 0
37 53 0 0 0
38 53 0 0 0
39 53 0 0 0
40 53 0 0 0
41 53 0 0 0
42 53 0 0 0
43 53 0 0 0
44 53 0 0 0
45 53 0 0 0
46 53 0 0 0
47 53 0 0 0
48 53 0 0 0
49 53 0 0 0
50 53 0 0 0
51 53 0 0 0
52 53 0 0 0
53 53 0 0 0
54 53 0 0 0
55 53 0 0 0
56 53 0 0 0
57 53 0 0 0
58 53 0 0 0
59 53 0 0 0
60 53 0 0 0
61 53 0 0 0
62 53 0 0 0
63 53 0 0 0
64 53 0 0 0
65 53 0 0 0
66 53 0 0 0
67 53 0 0 0
68 53 0 0 0
69 53 0 0 0
70 53 0 0 0
71 53 0 0 0
72 53 0 0 0
73 53 0 0 0
74 53 0 0 0
75 53 0 0 0
76 53 0 0 0
77 53 0 0 0
78 53 0 0 0
79 53 0 0 0
80 53 0 0 0
81 53 0 0 0
82 53 0 0 0
83 53 0 0 0
84 53 0 0 0
85 53 0 0 0
86 53 0 0 0
87 53 0 0 0
88 53 0 0 0
89 53 0 0 0
90 53 0 0 0
91 53 0 0 0
92 53 0 0 0
93 53 0 0 0
94 53 0 0 0
95 53 0 0 0
96 53 0 0 0
97 53 0 0 0
98 53 0 0 0
99 53 0 0 0
100 53 0 0 0
101 53 0 0 0
102 53 0 0 0
103 53 0 0 0
104 53 0 0 0
105 53 0 0 0
106 53 0 0 0
107 53 0 0 0
108 53 0 0 0
109 53 0 0 0
110 53 0 0 0
111 53 0 0 0
112 53 0 0 0
113 53 0 0 0
114 53 0 0 0
115 53 0 0 0
116 53 0 0 0
117 53 0 0 0
118 53 0 0 0
119 53 0 0 0
120 53 0 0 0
121 53 0 0 0
122 53 0 0 0
123 53 0 0 0
124 53 0 0 0
125 53 0 0 0
126 53 0 0 0
127 53 0 0 0
128 53 0 0 0
129 53 0 0 0
130 53 0 0 0
131 53 0 0 0
132 53 0 0 0
133 53 0 0 0
134 53 0 0 0
135 53 0 0 0
136 53 0 0 0
137 53 0 0 0
138 53 0 0 0
139 53 0 0 0
140 53 0 0 0
141 53 0 0 0
142 53 0 0 0
143 53 0 0 0
144 53 0 0 0
145 53 0 0 0
146 53 0 0 0
147 53 0 0 0
148 53 0 0 0
149 53 0 0 0
150 53 0 0 0
151 53 0 0 0
152 53 0 0 0
153 53 0 0 0
154 53 0 0 0
155 53 0 0 0
156 53 0 0 0
157 53 0 0 0
158 53 0 0 0
159 53 0 0 0
160 53 0 0 0
161 53 0 0 0
162 53 0 0 0
163 53 0 0 0
164 53 0 0 0
165 53 0 0 0
166 53 0 0 0
167 53 0 0 0
168 53 0 0 0
169 53 0 0 0
170 53 0 0 0
171 53 0 0 0
172 53 0 0 0
173 53 0 0 0
174 53 0 0 0
175 53 0 0 0
176 53 0 0 0
177 53 0 0 0
178 53 0 0 0
179 53 0 0 0
180 53 0 0 0
181 53 0 0 0
182 53 0 0 0
183 53 0 0 0
184 53 0 0 0
185 53 0 0 0
186 53 0 0 0
187 53 0 0 0
188 53 0 0 0
189 53 0 0 0
190 53 0 0 0
191 53 0 0 0
192 53 0 0 0
193 53 0 0 0
194 53 0 0 0
195 53 0 0 0
196 53 0 0 0
197 53 0 0 0
198 53 0 0 0
199 53 0 0 0
200 53 0 0 0
201 53 0 0 0
202 53 0 0 0
203 53 0 0 0
204 53 0 0 0
205 53 0 0 0
206 53 0 0 0
207 53 0 0 0
208 53 0 0 0
209 53 0 0 0
210 53 0 0 0
211 53 0 0 0
212 53 0 0 0
213 53 0 0 0
214 53 0 0 0
215 53 0 0 0
216 53 0 0 0
217 53 0 0 0
218 53 0 0 0
219 53 0 0 0
220 53 0 0 0
221 53 0 0 0
222 53 0 0 0
223 53 0 0 0
224 53 0 0 0
225 53 0 0 0
226 53 0 0 0
227 53 0 0 0
228 53 0 0 0
229 53 0 0 0
230 53 0 0 0
231 53 0 0 0
232 53 0 0 0
233 53 0 0 0
234 53 0 0 0
235 53 0 0 0
236 53 0 0 0
237 53 0 0 0
238 53 0 0 0
239 53 0 0 0
240 53 0 0 0
241 53 1 1 1
242 53 1 1 1
243 53 2 2 2
244 53 2 2 2
245 53 0 0 0
246 53 0 0 0
247 53 0 0 0
248 53 0 0 0
249 53 0 0 0
250 53 0 0 0
251 53 0 0 0
252 53 0 0 0
253 53 0 0 0
254 53 0 0 0
255 53 1 1 1
256 53 1 1 1
257 53 1 1 1
258 53 1 1 1
259 53 1 1 1
260 53 1 1 1
261 53 0 0 0
262 53 0 0 0
263 53 0 0 0
264 53 0 0 0
265 53 0 0 0
266 53 0 0 0
267 53 0 0 0
268 53 0 0 0
269 53 0 0 0
270 53 0 0 0
271 53 0 0 0
272 53 0 0 0
273 53 0 0 0
274 53 0 0 0
275 53 0 0 0
276 53 0 0 0
277 53 0 0 0
278 53 0 0 0
279 53 0 0 0
280 53 0 0 0
281 53 0 0 0
282 53 0 0 0
283 53 0 0 0
284 53 0 0 0
285 53 0 0 0
286 53 0 0 0
287 53 3 3 3
288 53 3 3 3
289 53 5 5 5
290 53 5 5 5
291 53 4 4 4
292 53 4 4 4
293 53 6 6 6
294 53 6 6 6
295 53 4 4 4
296 53 4 4 4
297 53 4 4 4
298 53 4 4 4
299 53 9 9 9
300 53 9 9 9
301 53 a a a
302 53 a a a
303 53 a a a
304 53 a a a
305 53 a a a
306 53 a a a
307 53 a a a
308 53 a a a
309 53 b b b
310 53 b b b
311 53 9 9 9
312 53 9 9 9
313 53 6 6 6
314 53 6 6 6
315 53 9 9 9
316 53 9 9 9
317 53 a a a
318 53 a a a
319 53 9 9 9
320 53 9 9 9
321 53 8 8 8
322 53 8 8 8
323 53 6 6 6
324 53 6 6 6
325 53 6 6 6
326 53 6 6 6
327 53 6 6 6
328 53 6 6 6
329 53 6 6 6
330 53 6 6 6
331 53 5 5 5
332 53 5 5 5
333 53 3 3 3
334 53 3 3 3
335 53 3 3 3
336 53 3 3 3
337 53 0 0 0
338 53 0 0 0
339 53 0 0 0
340 53 0 0 0
341 53 0 0 0
342 53 0 0 0
343 53 0 0 0
344 53 0 0 0
345 53 0 0 0
346 53 0 0 0
347 53 0 0 0
348 53 0 0 0
349 53 6 6 6
350 53 6 6 6
351 53 3 3 3
352 53 3 3 3
353 53 0 0 0
354 53 0 0 0
355 53 0 0 0
356 53 0 0 0
357 53 0 0 0
358 53 0 0 0
359 53 0 0 0
360 53 0 0 0
361 53 0 0 0
362 53 0 0 0
363 53 0 0 0
364 53 0 0 0
365 53 0 0 0
366 53 0 0 0
367 53 0 0 0
368 53 0 0 0
369 53 0 0 0
370 53 0 0 0
371 53 0 0 0
372 53 0 0 0
373 53 0 0 0
374 53 0 0 0
375 53 0 0 0
376 53 0 0 0
377 53 0 0 0
378 53 0 0 0
379 53 0 0 0
380 53 0 0 0
381 53 0 0 0
382 53 0 0 0
383 53 0 0 0
384 53 0 0 0
385 53 0 0 0
386 53 0 0 0
387 53 0 0 0
388 53 0 0 0
389 53 0 0 0
390 53 0 0 0
391 53 0 0 0
392 53 0 0 0
393 53 0 0 0
394 53 0 0 0
395 53 0 0 0
396 53 0 0 0
397 53 0 0 0
398 53 0 0 0
399 53 0 0 0
400 53 0 0 0
401 53 0 0 0
402 53 0 0 0
403 53 0 0 0
404 53 0 0 0
405 53 2 2 2
406 53 2 2 2
407 53 5 5 5
408 53 5 5 5
409 53 4 4 4
410 53 4 4 4
411 53 4 4 4
412 53 4 4 4
413 53 2 2 2
414 53 2 2 2
415 53 1 1 1
416 53 1 1 1
417 53 1 1 1
418 53 1 1 1
419 53 1 1 1
420 53 1 1 1
421 53 1 1 1
422 53 1 1 1
423 53 1 1 1
424 53 1 1 1
425 53 1 1 1
426 53 1 1 1
427 53 3 3 3
428 53 3 3 3
429 53 4 4 4
430 53 4 4 4
431 53 3 3 3
432 53 3 3 3
433 53 3 3 3
434 53 3 3 3
435 53 3 3 3
436 53 3 3 3
437 53 3 3 3
438 53 3 3 3
439 53 3 3 3
440 53 3 3 3
441 53 2 2 2
442 53 2 2 2
443 53 3 3 3
444 53 3 3 3
445 53 3 3 3
446 53 3 3 3
447 53 4 4 4
448 53 4 4 4
449 53 4 4 4
450 53 4 4 4
451 53 3 3 3
452 53 3 3 3
453 53 3 3 3
454 53 3 3 3
455 53 3 3 3
456 53 3 3 3
457 53 3 3 3
458 53 3 3 3
459 53 3 3 3
460 53 3 3 3
461 53 3 3 3
462 53 3 3 3
463 53 3 3 3
464 53 3 3 3
465 53 3 3 3
466 53 3 3 3
467 53 3 3 3
468 53 3 3 3
469 53 3 3 3
470 53 3 3 3
471 53 3 3 3
472 53 3 3 3
473 53 3 3 3
474 53 3 3 3
475 53 3 3 3
476 53 3 3 3
477 53 2 2 2
478 53 2 2 2
479 53 2 2 2
480 53 2 2 2
481 53 2 2 2
482 53 2 2 2
483 53 2 2 2
484 53 2 2 2
485 53 2 2 2
486 53 2 2 2
487 53 3 3 3
488 53 3 3 3
489 53 3 3 3
490 53 3 3 3
491 53 3 3 3
492 53 3 3 3
493 53 3 3 3
494 53 3 3 3
495 53 3 3 3
496 53 3 3 3
497 53 3 3 3
498 53 3 3 3
499 53 4 4 4
500 53 4 4 4
501 53 4 4 4
502 53 4 4 4
503 53 4 4 4
504 53 4 4 4
505 53 4 4 4
506 53 4 4 4
507 53 4 4 4
508 53 4 4 4
509 53 4 4 4
510 53 4 4 4
511 53 4 4 4
512 53 4 4 4
513 53 4 4 4
514 53 4 4 4
515 53 4 4 4
516 53 4 4 4
517 53 4 4 4
518 53 4 4 4
519 53 4 4 4
520 53 4 4 4
521 53 2 2 2
522 53 2 2 2
523 53 0 0 0
524 53 0 0 0
525 53 0 0 0
526 53 0 0 0
527 53 0 0 0
528 53 0 0 0
529 53 0 0 0
530 53 0 0 0
531 53 0 0 0
532 53 0 0 0
533 53 0 0 0
534 53 0 0 0
535 53 0 0 0
536 53 0 0 0
537 53 0 0 0
538 53 0 0 0
539 53 0 0 0
540 53 0 0 0
541 53 0 0 0
542 53 0 0 0
543 53 0 0 0
544 53 0 0 0
545 53 0 0 0
546 53 0 0 0
547 53 0 0 0
548 53 0 0 0
549 53 0 0 0
550 53 0 0 0
551 53 0 0 0
552 53 0 0 0
553 53 0 0 0
554 53 0 0 0
555 53 0 0 0
556 53 0 0 0
557 53 0 0 0
558 53 0 0 0
559 53 0 0 0
560 53 0 0 0
561 53 0 0 0
562 53 0 0 0
563 53 2 2 2
564 53 2 2 2
565 53 0 0 0
566 53 0 0 0
567 53 0 0 0
568 53 0 0 0
569 53 0 0 0
570 53 0 0 0
571 53 0 0 0
572 53 0 0 0
573 53 0 0 0
574 53 0 0 0
575 53 1 1 1
576 53 1 1 1
577 53 1 1 1
578 53 1 1 1
579 53 1 1 1
580 53 1 1 1
581 53 0 0 0
582 53 0 0 0
583 53 0 0 0
584 53 0 0 0
585 53 0 0 0
586 53 0 0 0
587 53 0 0 0
588 53 0 0 0
589 53 0 0 0
590 53 0 0 0
591 53 0 0 0
592 53 0 0 0
593 53 0 0 0
594 53 0 0 0
595 53 0 0 0
596 53 0 0 0
597 53 0 0 0
598 53 0 0 0
599 53 0 0 0
600 53 0 0 0
601 53 0 0 0
602 53 0 0 0
603 53 0 0 0
604 53 0 0 0
605 53 0 0 0
606 53 0 0 0
607 53 0 0 0
608 53 0 0 0
609 53 0 0 0
610 53 0 0 0
611 53 0 0 0
612 53 0 0 0
613 53 0 0 0
614 53 0 0 0
615 53 0 0 0
616 53 0 0 0
617 53 0 0 0
618 53 0 0 0
619 53 0 0 0
620 53 0 0 0
621 53 0 0 0
622 53 0 0 0
623 53 0 0 0
624 53 0 0 0
625 53 0 0 0
626 53 0 0 0
627 53 0 0 0
628 53 0 0 0
629 53 0 0 0
630 53 0 0 0
631 53 0 0 0
632 53 0 0 0
633 53 0 0 0
634 53 0 0 0
635 53 0 0 0
636 53 0 0 0
637 53 0 0 0
638 53 0 0 0
639 53 0 0 0
0 54 0 0 0
1 54 0 0 0
2 54 0 0 0
3 54 0 0 0
4 54 0 0 0
5 54 0 0 0
6 54 0 0 0
7 54 0 0 0
8 54 0 0 0
9 54 0 0 0
10 54 0 0 0
11 54 0 0 0
12 54 0 0 0
13 54 0 0 0
14 54 0 0 0
15 54 0 0 0
16 54 0 0 0
17 54 0 0 0
18 54 0 0 0
19 54 0 0 0
20 54 0 0 0
21 54 0 0 0
22 54 0 0 0
23 54 0 0 0
24 54 0 0 0
25 54 0 0 0
26 54 0 0 0
27 54 0 0 0
28 54 0 0 0
29 54 0 0 0
30 54 0 0 0
31 54 0 0 0
32 54 0 0 0
33 54 0 0 0
34 54 0 0 0
35 54 0 0 0
36 54 0 0 0
37 54 0 0 0
38 54 0 0 0
39 54 0 0 0
40 54 0 0 0
41 54 0 0 0
42 54 0 0 0
43 54 0 0 0
44 54 0 0 0
45 54 0 0 0
46 54 0 0 0
47 54 0 0 0
48 54 0 0 0
49 54 0 0 0
50 54 0 0 0
51 54 0 0 0
52 54 0 0 0
53 54 0 0 0
54 54 0 0 0
55 54 0 0 0
56 54 0 0 0
57 54 0 0 0
58 54 0 0 0
59 54 0 0 0
60 54 0 0 0
61 54 0 0 0
62 54 0 0 0
63 54 0 0 0
64 54 0 0 0
65 54 0 0 0
66 54 0 0 0
67 54 0 0 0
68 54 0 0 0
69 54 0 0 0
70 54 0 0 0
71 54 0 0 0
72 54 0 0 0
73 54 0 0 0
74 54 0 0 0
75 54 0 0 0
76 54 0 0 0
77 54 0 0 0
78 54 0 0 0
79 54 0 0 0
80 54 0 0 0
81 54 0 0 0
82 54 0 0 0
83 54 0 0 0
84 54 0 0 0
85 54 0 0 0
86 54 0 0 0
87 54 0 0 0
88 54 0 0 0
89 54 0 0 0
90 54 0 0 0
91 54 0 0 0
92 54 0 0 0
93 54 0 0 0
94 54 0 0 0
95 54 0 0 0
96 54 0 0 0
97 54 0 0 0
98 54 0 0 0
99 54 0 0 0
100 54 0 0 0
101 54 0 0 0
102 54 0 0 0
103 54 0 0 0
104 54 0 0 0
105 54 0 0 0
106 54 0 0 0
107 54 0 0 0
108 54 0 0 0
109 54 0 0 0
110 54 0 0 0
111 54 0 0 0
112 54 0 0 0
113 54 0 0 0
114 54 0 0 0
115 54 0 0 0
116 54 0 0 0
117 54 0 0 0
118 54 0 0 0
119 54 0 0 0
120 54 0 0 0
121 54 0 0 0
122 54 0 0 0
123 54 0 0 0
124 54 0 0 0
125 54 0 0 0
126 54 0 0 0
127 54 0 0 0
128 54 0 0 0
129 54 0 0 0
130 54 0 0 0
131 54 0 0 0
132 54 0 0 0
133 54 0 0 0
134 54 0 0 0
135 54 0 0 0
136 54 0 0 0
137 54 0 0 0
138 54 0 0 0
139 54 0 0 0
140 54 0 0 0
141 54 0 0 0
142 54 0 0 0
143 54 0 0 0
144 54 0 0 0
145 54 0 0 0
146 54 0 0 0
147 54 0 0 0
148 54 0 0 0
149 54 0 0 0
150 54 0 0 0
151 54 0 0 0
152 54 0 0 0
153 54 0 0 0
154 54 0 0 0
155 54 0 0 0
156 54 0 0 0
157 54 0 0 0
158 54 0 0 0
159 54 0 0 0
160 54 0 0 0
161 54 0 0 0
162 54 0 0 0
163 54 0 0 0
164 54 0 0 0
165 54 0 0 0
166 54 0 0 0
167 54 0 0 0
168 54 0 0 0
169 54 0 0 0
170 54 0 0 0
171 54 0 0 0
172 54 0 0 0
173 54 0 0 0
174 54 0 0 0
175 54 0 0 0
176 54 0 0 0
177 54 0 0 0
178 54 0 0 0
179 54 0 0 0
180 54 0 0 0
181 54 0 0 0
182 54 0 0 0
183 54 0 0 0
184 54 0 0 0
185 54 0 0 0
186 54 0 0 0
187 54 0 0 0
188 54 0 0 0
189 54 0 0 0
190 54 0 0 0
191 54 0 0 0
192 54 0 0 0
193 54 0 0 0
194 54 0 0 0
195 54 0 0 0
196 54 0 0 0
197 54 0 0 0
198 54 0 0 0
199 54 0 0 0
200 54 0 0 0
201 54 0 0 0
202 54 0 0 0
203 54 0 0 0
204 54 0 0 0
205 54 0 0 0
206 54 0 0 0
207 54 0 0 0
208 54 0 0 0
209 54 0 0 0
210 54 0 0 0
211 54 0 0 0
212 54 0 0 0
213 54 0 0 0
214 54 0 0 0
215 54 0 0 0
216 54 0 0 0
217 54 0 0 0
218 54 0 0 0
219 54 0 0 0
220 54 0 0 0
221 54 0 0 0
222 54 0 0 0
223 54 0 0 0
224 54 0 0 0
225 54 0 0 0
226 54 0 0 0
227 54 0 0 0
228 54 0 0 0
229 54 0 0 0
230 54 0 0 0
231 54 0 0 0
232 54 0 0 0
233 54 0 0 0
234 54 0 0 0
235 54 2 2 2
236 54 2 2 2
237 54 1 1 1
238 54 1 1 1
239 54 0 0 0
240 54 0 0 0
241 54 0 0 0
242 54 0 0 0
243 54 2 2 2
244 54 2 2 2
245 54 1 1 1
246 54 1 1 1
247 54 0 0 0
248 54 0 0 0
249 54 0 0 0
250 54 0 0 0
251 54 0 0 0
252 54 0 0 0
253 54 0 0 0
254 54 0 0 0
255 54 0 0 0
256 54 0 0 0
257 54 0 0 0
258 54 0 0 0
259 54 0 0 0
260 54 0 0 0
261 54 0 0 0
262 54 0 0 0
263 54 0 0 0
264 54 0 0 0
265 54 0 0 0
266 54 0 0 0
267 54 0 0 0
268 54 0 0 0
269 54 0 0 0
270 54 0 0 0
271 54 0 0 0
272 54 0 0 0
273 54 0 0 0
274 54 0 0 0
275 54 0 0 0
276 54 0 0 0
277 54 0 0 0
278 54 0 0 0
279 54 0 0 0
280 54 0 0 0
281 54 0 0 0
282 54 0 0 0
283 54 0 0 0
284 54 0 0 0
285 54 0 0 0
286 54 0 0 0
287 54 0 0 0
288 54 0 0 0
289 54 3 3 3
290 54 3 3 3
291 54 6 6 6
292 54 6 6 6
293 54 7 7 7
294 54 7 7 7
295 54 4 4 4
296 54 4 4 4
297 54 5 5 5
298 54 5 5 5
299 54 a a a
300 54 a a a
301 54 a a a
302 54 a a a
303 54 a a a
304 54 a a a
305 54 a a a
306 54 a a a
307 54 a a a
308 54 a a a
309 54 a a a
310 54 a a a
311 54 b b b
312 54 b b b
313 54 9 9 9
314 54 9 9 9
315 54 7 7 7
316 54 7 7 7
317 54 a a a
318 54 a a a
319 54 9 9 9
320 54 9 9 9
321 54 8 8 8
322 54 8 8 8
323 54 7 7 7
324 54 7 7 7
325 54 6 6 6
326 54 6 6 6
327 54 6 6 6
328 54 6 6 6
329 54 5 5 5
330 54 5 5 5
331 54 6 6 6
332 54 6 6 6
333 54 5 5 5
334 54 5 5 5
335 54 4 4 4
336 54 4 4 4
337 54 3 3 3
338 54 3 3 3
339 54 0 0 0
340 54 0 0 0
341 54 0 0 0
342 54 0 0 0
343 54 0 0 0
344 54 0 0 0
345 54 0 0 0
346 54 0 0 0
347 54 0 0 0
348 54 0 0 0
349 54 0 0 0
350 54 0 0 0
351 54 5 5 5
352 54 5 5 5
353 54 3 3 3
354 54 3 3 3
355 54 0 0 0
356 54 0 0 0
357 54 0 0 0
358 54 0 0 0
359 54 0 0 0
360 54 0 0 0
361 54 0 0 0
362 54 0 0 0
363 54 0 0 0
364 54 0 0 0
365 54 0 0 0
366 54 0 0 0
367 54 0 0 0
368 54 0 0 0
369 54 0 0 0
370 54 0 0 0
371 54 0 0 0
372 54 0 0 0
373 54 0 0 0
374 54 0 0 0
375 54 0 0 0
376 54 0 0 0
377 54 0 0 0
378 54 0 0 0
379 54 0 0 0
380 54 0 0 0
381 54 0 0 0
382 54 0 0 0
383 54 0 0 0
384 54 0 0 0
385 54 0 0 0
386 54 0 0 0
387 54 0 0 0
388 54 0 0 0
389 54 0 0 0
390 54 0 0 0
391 54 0 0 0
392 54 0 0 0
393 54 0 0 0
394 54 0 0 0
395 54 0 0 0
396 54 0 0 0
397 54 0 0 0
398 54 0 0 0
399 54 0 0 0
400 54 0 0 0
401 54 0 0 0
402 54 0 0 0
403 54 0 0 0
404 54 0 0 0
405 54 2 2 2
406 54 2 2 2
407 54 5 5 5
408 54 5 5 5
409 54 4 4 4
410 54 4 4 4
411 54 4 4 4
412 54 4 4 4
413 54 2 2 2
414 54 2 2 2
415 54 1 1 1
416 54 1 1 1
417 54 1 1 1
418 54 1 1 1
419 54 1 1 1
420 54 1 1 1
421 54 1 1 1
422 54 1 1 1
423 54 1 1 1
424 54 1 1 1
425 54 1 1 1
426 54 1 1 1
427 54 5 5 5
428 54 5 5 5
429 54 3 3 3
430 54 3 3 3
431 54 3 3 3
432 54 3 3 3
433 54 3 3 3
434 54 3 3 3
435 54 3 3 3
436 54 3 3 3
437 54 3 3 3
438 54 3 3 3
439 54 2 2 2
440 54 2 2 2
441 54 3 3 3
442 54 3 3 3
443 54 4 4 4
444 54 4 4 4
445 54 3 3 3
446 54 3 3 3
447 54 3 3 3
448 54 3 3 3
449 54 3 3 3
450 54 3 3 3
451 54 3 3 3
452 54 3 3 3
453 54 3 3 3
454 54 3 3 3
455 54 3 3 3
456 54 3 3 3
457 54 3 3 3
458 54 3 3 3
459 54 3 3 3
460 54 3 3 3
461 54 3 3 3
462 54 3 3 3
463 54 3 3 3
464 54 3 3 3
465 54 3 3 3
466 54 3 3 3
467 54 3 3 3
468 54 3 3 3
469 54 3 3 3
470 54 3 3 3
471 54 3 3 3
472 54 3 3 3
473 54 3 3 3
474 54 3 3 3
475 54 3 3 3
476 54 3 3 3
477 54 3 3 3
478 54 3 3 3
479 54 3 3 3
480 54 3 3 3
481 54 3 3 3
482 54 3 3 3
483 54 3 3 3
484 54 3 3 3
485 54 3 3 3
486 54 3 3 3
487 54 3 3 3
488 54 3 3 3
489 54 3 3 3
490 54 3 3 3
491 54 2 2 2
492 54 2 2 2
493 54 3 3 3
494 54 3 3 3
495 54 3 3 3
496 54 3 3 3
497 54 3 3 3
498 54 3 3 3
499 54 3 3 3
500 54 3 3 3
501 54 3 3 3
502 54 3 3 3
503 54 4 4 4
504 54 4 4 4
505 54 4 4 4
506 54 4 4 4
507 54 4 4 4
508 54 4 4 4
509 54 4 4 4
510 54 4 4 4
511 54 4 4 4
512 54 4 4 4
513 54 4 4 4
514 54 4 4 4
515 54 4 4 4
516 54 4 4 4
517 54 4 4 4
518 54 4 4 4
519 54 4 4 4
520 54 4 4 4
521 54 5 5 5
522 54 5 5 5
523 54 4 4 4
524 54 4 4 4
525 54 2 2 2
526 54 2 2 2
527 54 2 2 2
528 54 2 2 2
529 54 2 2 2
530 54 2 2 2
531 54 2 2 2
532 54 2 2 2
533 54 3 3 3
534 54 3 3 3
535 54 3 3 3
536 54 3 3 3
537 54 2 2 2
538 54 2 2 2
539 54 1 1 1
540 54 1 1 1
541 54 0 0 0
542 54 0 0 0
543 54 0 0 0
544 54 0 0 0
545 54 0 0 0
546 54 0 0 0
547 54 0 0 0
548 54 0 0 0
549 54 0 0 0
550 54 0 0 0
551 54 0 0 0
552 54 0 0 0
553 54 0 0 0
554 54 0 0 0
555 54 1 1 1
556 54 1 1 1
557 54 2 2 2
558 54 2 2 2
559 54 0 0 0
560 54 0 0 0
561 54 0 0 0
562 54 0 0 0
563 54 2 2 2
564 54 2 2 2
565 54 2 2 2
566 54 2 2 2
567 54 0 0 0
568 54 0 0 0
569 54 0 0 0
570 54 0 0 0
571 54 0 0 0
572 54 0 0 0
573 54 0 0 0
574 54 0 0 0
575 54 0 0 0
576 54 0 0 0
577 54 0 0 0
578 54 0 0 0
579 54 0 0 0
580 54 0 0 0
581 54 0 0 0
582 54 0 0 0
583 54 0 0 0
584 54 0 0 0
585 54 0 0 0
586 54 0 0 0
587 54 0 0 0
588 54 0 0 0
589 54 0 0 0
590 54 0 0 0
591 54 0 0 0
592 54 0 0 0
593 54 0 0 0
594 54 0 0 0
595 54 0 0 0
596 54 0 0 0
597 54 0 0 0
598 54 0 0 0
599 54 0 0 0
600 54 0 0 0
601 54 0 0 0
602 54 0 0 0
603 54 0 0 0
604 54 0 0 0
605 54 0 0 0
606 54 0 0 0
607 54 0 0 0
608 54 0 0 0
609 54 0 0 0
610 54 0 0 0
611 54 0 0 0
612 54 0 0 0
613 54 0 0 0
614 54 0 0 0
615 54 0 0 0
616 54 0 0 0
617 54 0 0 0
618 54 0 0 0
619 54 0 0 0
620 54 0 0 0
621 54 0 0 0
622 54 0 0 0
623 54 0 0 0
624 54 0 0 0
625 54 0 0 0
626 54 0 0 0
627 54 0 0 0
628 54 0 0 0
629 54 0 0 0
630 54 0 0 0
631 54 0 0 0
632 54 0 0 0
633 54 0 0 0
634 54 0 0 0
635 54 0 0 0
636 54 0 0 0
637 54 0 0 0
638 54 0 0 0
639 54 0 0 0
0 55 0 0 0
1 55 0 0 0
2 55 0 0 0
3 55 0 0 0
4 55 0 0 0
5 55 0 0 0
6 55 0 0 0
7 55 0 0 0
8 55 0 0 0
9 55 0 0 0
10 55 0 0 0
11 55 0 0 0
12 55 0 0 0
13 55 0 0 0
14 55 0 0 0
15 55 0 0 0
16 55 0 0 0
17 55 0 0 0
18 55 0 0 0
19 55 0 0 0
20 55 0 0 0
21 55 0 0 0
22 55 0 0 0
23 55 0 0 0
24 55 0 0 0
25 55 0 0 0
26 55 0 0 0
27 55 0 0 0
28 55 0 0 0
29 55 0 0 0
30 55 0 0 0
31 55 0 0 0
32 55 0 0 0
33 55 0 0 0
34 55 0 0 0
35 55 0 0 0
36 55 0 0 0
37 55 0 0 0
38 55 0 0 0
39 55 0 0 0
40 55 0 0 0
41 55 0 0 0
42 55 0 0 0
43 55 0 0 0
44 55 0 0 0
45 55 0 0 0
46 55 0 0 0
47 55 0 0 0
48 55 0 0 0
49 55 0 0 0
50 55 0 0 0
51 55 0 0 0
52 55 0 0 0
53 55 0 0 0
54 55 0 0 0
55 55 0 0 0
56 55 0 0 0
57 55 0 0 0
58 55 0 0 0
59 55 0 0 0
60 55 0 0 0
61 55 0 0 0
62 55 0 0 0
63 55 0 0 0
64 55 0 0 0
65 55 0 0 0
66 55 0 0 0
67 55 0 0 0
68 55 0 0 0
69 55 0 0 0
70 55 0 0 0
71 55 0 0 0
72 55 0 0 0
73 55 0 0 0
74 55 0 0 0
75 55 0 0 0
76 55 0 0 0
77 55 0 0 0
78 55 0 0 0
79 55 0 0 0
80 55 0 0 0
81 55 0 0 0
82 55 0 0 0
83 55 0 0 0
84 55 0 0 0
85 55 0 0 0
86 55 0 0 0
87 55 0 0 0
88 55 0 0 0
89 55 0 0 0
90 55 0 0 0
91 55 0 0 0
92 55 0 0 0
93 55 0 0 0
94 55 0 0 0
95 55 0 0 0
96 55 0 0 0
97 55 0 0 0
98 55 0 0 0
99 55 0 0 0
100 55 0 0 0
101 55 0 0 0
102 55 0 0 0
103 55 0 0 0
104 55 0 0 0
105 55 0 0 0
106 55 0 0 0
107 55 0 0 0
108 55 0 0 0
109 55 0 0 0
110 55 0 0 0
111 55 0 0 0
112 55 0 0 0
113 55 0 0 0
114 55 0 0 0
115 55 0 0 0
116 55 0 0 0
117 55 0 0 0
118 55 0 0 0
119 55 0 0 0
120 55 0 0 0
121 55 0 0 0
122 55 0 0 0
123 55 0 0 0
124 55 0 0 0
125 55 0 0 0
126 55 0 0 0
127 55 0 0 0
128 55 0 0 0
129 55 0 0 0
130 55 0 0 0
131 55 0 0 0
132 55 0 0 0
133 55 0 0 0
134 55 0 0 0
135 55 0 0 0
136 55 0 0 0
137 55 0 0 0
138 55 0 0 0
139 55 0 0 0
140 55 0 0 0
141 55 0 0 0
142 55 0 0 0
143 55 0 0 0
144 55 0 0 0
145 55 0 0 0
146 55 0 0 0
147 55 0 0 0
148 55 0 0 0
149 55 0 0 0
150 55 0 0 0
151 55 0 0 0
152 55 0 0 0
153 55 0 0 0
154 55 0 0 0
155 55 0 0 0
156 55 0 0 0
157 55 0 0 0
158 55 0 0 0
159 55 0 0 0
160 55 0 0 0
161 55 0 0 0
162 55 0 0 0
163 55 0 0 0
164 55 0 0 0
165 55 0 0 0
166 55 0 0 0
167 55 0 0 0
168 55 0 0 0
169 55 0 0 0
170 55 0 0 0
171 55 0 0 0
172 55 0 0 0
173 55 0 0 0
174 55 0 0 0
175 55 0 0 0
176 55 0 0 0
177 55 0 0 0
178 55 0 0 0
179 55 0 0 0
180 55 0 0 0
181 55 0 0 0
182 55 0 0 0
183 55 0 0 0
184 55 0 0 0
185 55 0 0 0
186 55 0 0 0
187 55 0 0 0
188 55 0 0 0
189 55 0 0 0
190 55 0 0 0
191 55 0 0 0
192 55 0 0 0
193 55 0 0 0
194 55 0 0 0
195 55 0 0 0
196 55 0 0 0
197 55 0 0 0
198 55 0 0 0
199 55 0 0 0
200 55 0 0 0
201 55 0 0 0
202 55 0 0 0
203 55 0 0 0
204 55 0 0 0
205 55 0 0 0
206 55 0 0 0
207 55 0 0 0
208 55 0 0 0
209 55 0 0 0
210 55 0 0 0
211 55 0 0 0
212 55 0 0 0
213 55 0 0 0
214 55 0 0 0
215 55 0 0 0
216 55 0 0 0
217 55 0 0 0
218 55 0 0 0
219 55 0 0 0
220 55 0 0 0
221 55 0 0 0
222 55 0 0 0
223 55 0 0 0
224 55 0 0 0
225 55 0 0 0
226 55 0 0 0
227 55 0 0 0
228 55 0 0 0
229 55 0 0 0
230 55 0 0 0
231 55 0 0 0
232 55 0 0 0
233 55 0 0 0
234 55 0 0 0
235 55 2 2 2
236 55 2 2 2
237 55 1 1 1
238 55 1 1 1
239 55 0 0 0
240 55 0 0 0
241 55 0 0 0
242 55 0 0 0
243 55 2 2 2
244 55 2 2 2
245 55 1 1 1
246 55 1 1 1
247 55 0 0 0
248 55 0 0 0
249 55 0 0 0
250 55 0 0 0
251 55 0 0 0
252 55 0 0 0
253 55 0 0 0
254 55 0 0 0
255 55 0 0 0
256 55 0 0 0
257 55 0 0 0
258 55 0 0 0
259 55 0 0 0
260 55 0 0 0
261 55 0 0 0
262 55 0 0 0
263 55 0 0 0
264 55 0 0 0
265 55 0 0 0
266 55 0 0 0
267 55 0 0 0
268 55 0 0 0
269 55 0 0 0
270 55 0 0 0
271 55 0 0 0
272 55 0 0 0
273 55 0 0 0
274 55 0 0 0
275 55 0 0 0
276 55 0 0 0
277 55 0 0 0
278 55 0 0 0
279 55 0 0 0
280 55 0 0 0
281 55 0 0 0
282 55 0 0 0
283 55 0 0 0
284 55 0 0 0
285 55 0 0 0
286 55 0 0 0
287 55 0 0 0
288 55 0 0 0
289 55 3 3 3
290 55 3 3 3
291 55 6 6 6
292 55 6 6 6
293 55 7 7 7
294 55 7 7 7
295 55 4 4 4
296 55 4 4 4
297 55 5 5 5
298 55 5 5 5
299 55 a a a
300 55 a a a
301 55 a a a
302 55 a a a
303 55 a a a
304 55 a a a
305 55 a a a
306 55 a a a
307 55 a a a
308 55 a a a
309 55 a a a
310 55 a a a
311 55 b b b
312 55 b b b
313 55 9 9 9
314 55 9 9 9
315 55 7 7 7
316 55 7 7 7
317 55 a a a
318 55 a a a
319 55 9 9 9
320 55 9 9 9
321 55 8 8 8
322 55 8 8 8
323 55 7 7 7
324 55 7 7 7
325 55 6 6 6
326 55 6 6 6
327 55 6 6 6
328 55 6 6 6
329 55 5 5 5
330 55 5 5 5
331 55 6 6 6
332 55 6 6 6
333 55 5 5 5
334 55 5 5 5
335 55 4 4 4
336 55 4 4 4
337 55 3 3 3
338 55 3 3 3
339 55 0 0 0
340 55 0 0 0
341 55 0 0 0
342 55 0 0 0
343 55 0 0 0
344 55 0 0 0
345 55 0 0 0
346 55 0 0 0
347 55 0 0 0
348 55 0 0 0
349 55 0 0 0
350 55 0 0 0
351 55 5 5 5
352 55 5 5 5
353 55 3 3 3
354 55 3 3 3
355 55 0 0 0
356 55 0 0 0
357 55 0 0 0
358 55 0 0 0
359 55 0 0 0
360 55 0 0 0
361 55 0 0 0
362 55 0 0 0
363 55 0 0 0
364 55 0 0 0
365 55 0 0 0
366 55 0 0 0
367 55 0 0 0
368 55 0 0 0
369 55 0 0 0
370 55 0 0 0
371 55 0 0 0
372 55 0 0 0
373 55 0 0 0
374 55 0 0 0
375 55 0 0 0
376 55 0 0 0
377 55 0 0 0
378 55 0 0 0
379 55 0 0 0
380 55 0 0 0
381 55 0 0 0
382 55 0 0 0
383 55 0 0 0
384 55 0 0 0
385 55 0 0 0
386 55 0 0 0
387 55 0 0 0
388 55 0 0 0
389 55 0 0 0
390 55 0 0 0
391 55 0 0 0
392 55 0 0 0
393 55 0 0 0
394 55 0 0 0
395 55 0 0 0
396 55 0 0 0
397 55 0 0 0
398 55 0 0 0
399 55 0 0 0
400 55 0 0 0
401 55 0 0 0
402 55 0 0 0
403 55 0 0 0
404 55 0 0 0
405 55 2 2 2
406 55 2 2 2
407 55 5 5 5
408 55 5 5 5
409 55 4 4 4
410 55 4 4 4
411 55 4 4 4
412 55 4 4 4
413 55 2 2 2
414 55 2 2 2
415 55 1 1 1
416 55 1 1 1
417 55 1 1 1
418 55 1 1 1
419 55 1 1 1
420 55 1 1 1
421 55 1 1 1
422 55 1 1 1
423 55 1 1 1
424 55 1 1 1
425 55 1 1 1
426 55 1 1 1
427 55 5 5 5
428 55 5 5 5
429 55 3 3 3
430 55 3 3 3
431 55 3 3 3
432 55 3 3 3
433 55 3 3 3
434 55 3 3 3
435 55 3 3 3
436 55 3 3 3
437 55 3 3 3
438 55 3 3 3
439 55 2 2 2
440 55 2 2 2
441 55 3 3 3
442 55 3 3 3
443 55 4 4 4
444 55 4 4 4
445 55 3 3 3
446 55 3 3 3
447 55 3 3 3
448 55 3 3 3
449 55 3 3 3
450 55 3 3 3
451 55 3 3 3
452 55 3 3 3
453 55 3 3 3
454 55 3 3 3
455 55 3 3 3
456 55 3 3 3
457 55 3 3 3
458 55 3 3 3
459 55 3 3 3
460 55 3 3 3
461 55 3 3 3
462 55 3 3 3
463 55 3 3 3
464 55 3 3 3
465 55 3 3 3
466 55 3 3 3
467 55 3 3 3
468 55 3 3 3
469 55 3 3 3
470 55 3 3 3
471 55 3 3 3
472 55 3 3 3
473 55 3 3 3
474 55 3 3 3
475 55 3 3 3
476 55 3 3 3
477 55 3 3 3
478 55 3 3 3
479 55 3 3 3
480 55 3 3 3
481 55 3 3 3
482 55 3 3 3
483 55 3 3 3
484 55 3 3 3
485 55 3 3 3
486 55 3 3 3
487 55 3 3 3
488 55 3 3 3
489 55 3 3 3
490 55 3 3 3
491 55 2 2 2
492 55 2 2 2
493 55 3 3 3
494 55 3 3 3
495 55 3 3 3
496 55 3 3 3
497 55 3 3 3
498 55 3 3 3
499 55 3 3 3
500 55 3 3 3
501 55 3 3 3
502 55 3 3 3
503 55 4 4 4
504 55 4 4 4
505 55 4 4 4
506 55 4 4 4
507 55 4 4 4
508 55 4 4 4
509 55 4 4 4
510 55 4 4 4
511 55 4 4 4
512 55 4 4 4
513 55 4 4 4
514 55 4 4 4
515 55 4 4 4
516 55 4 4 4
517 55 4 4 4
518 55 4 4 4
519 55 4 4 4
520 55 4 4 4
521 55 5 5 5
522 55 5 5 5
523 55 4 4 4
524 55 4 4 4
525 55 2 2 2
526 55 2 2 2
527 55 2 2 2
528 55 2 2 2
529 55 2 2 2
530 55 2 2 2
531 55 2 2 2
532 55 2 2 2
533 55 3 3 3
534 55 3 3 3
535 55 3 3 3
536 55 3 3 3
537 55 2 2 2
538 55 2 2 2
539 55 1 1 1
540 55 1 1 1
541 55 0 0 0
542 55 0 0 0
543 55 0 0 0
544 55 0 0 0
545 55 0 0 0
546 55 0 0 0
547 55 0 0 0
548 55 0 0 0
549 55 0 0 0
550 55 0 0 0
551 55 0 0 0
552 55 0 0 0
553 55 0 0 0
554 55 0 0 0
555 55 1 1 1
556 55 1 1 1
557 55 2 2 2
558 55 2 2 2
559 55 0 0 0
560 55 0 0 0
561 55 0 0 0
562 55 0 0 0
563 55 2 2 2
564 55 2 2 2
565 55 2 2 2
566 55 2 2 2
567 55 0 0 0
568 55 0 0 0
569 55 0 0 0
570 55 0 0 0
571 55 0 0 0
572 55 0 0 0
573 55 0 0 0
574 55 0 0 0
575 55 0 0 0
576 55 0 0 0
577 55 0 0 0
578 55 0 0 0
579 55 0 0 0
580 55 0 0 0
581 55 0 0 0
582 55 0 0 0
583 55 0 0 0
584 55 0 0 0
585 55 0 0 0
586 55 0 0 0
587 55 0 0 0
588 55 0 0 0
589 55 0 0 0
590 55 0 0 0
591 55 0 0 0
592 55 0 0 0
593 55 0 0 0
594 55 0 0 0
595 55 0 0 0
596 55 0 0 0
597 55 0 0 0
598 55 0 0 0
599 55 0 0 0
600 55 0 0 0
601 55 0 0 0
602 55 0 0 0
603 55 0 0 0
604 55 0 0 0
605 55 0 0 0
606 55 0 0 0
607 55 0 0 0
608 55 0 0 0
609 55 0 0 0
610 55 0 0 0
611 55 0 0 0
612 55 0 0 0
613 55 0 0 0
614 55 0 0 0
615 55 0 0 0
616 55 0 0 0
617 55 0 0 0
618 55 0 0 0
619 55 0 0 0
620 55 0 0 0
621 55 0 0 0
622 55 0 0 0
623 55 0 0 0
624 55 0 0 0
625 55 0 0 0
626 55 0 0 0
627 55 0 0 0
628 55 0 0 0
629 55 0 0 0
630 55 0 0 0
631 55 0 0 0
632 55 0 0 0
633 55 0 0 0
634 55 0 0 0
635 55 0 0 0
636 55 0 0 0
637 55 0 0 0
638 55 0 0 0
639 55 0 0 0
0 56 0 0 0
1 56 0 0 0
2 56 0 0 0
3 56 0 0 0
4 56 0 0 0
5 56 0 0 0
6 56 0 0 0
7 56 0 0 0
8 56 0 0 0
9 56 0 0 0
10 56 0 0 0
11 56 0 0 0
12 56 0 0 0
13 56 0 0 0
14 56 0 0 0
15 56 0 0 0
16 56 0 0 0
17 56 0 0 0
18 56 0 0 0
19 56 0 0 0
20 56 0 0 0
21 56 0 0 0
22 56 0 0 0
23 56 0 0 0
24 56 0 0 0
25 56 0 0 0
26 56 0 0 0
27 56 0 0 0
28 56 0 0 0
29 56 0 0 0
30 56 0 0 0
31 56 0 0 0
32 56 0 0 0
33 56 0 0 0
34 56 0 0 0
35 56 0 0 0
36 56 0 0 0
37 56 0 0 0
38 56 0 0 0
39 56 0 0 0
40 56 0 0 0
41 56 0 0 0
42 56 0 0 0
43 56 0 0 0
44 56 0 0 0
45 56 0 0 0
46 56 0 0 0
47 56 0 0 0
48 56 0 0 0
49 56 0 0 0
50 56 0 0 0
51 56 0 0 0
52 56 0 0 0
53 56 0 0 0
54 56 0 0 0
55 56 0 0 0
56 56 0 0 0
57 56 0 0 0
58 56 0 0 0
59 56 0 0 0
60 56 0 0 0
61 56 0 0 0
62 56 0 0 0
63 56 0 0 0
64 56 0 0 0
65 56 0 0 0
66 56 0 0 0
67 56 0 0 0
68 56 0 0 0
69 56 0 0 0
70 56 0 0 0
71 56 0 0 0
72 56 0 0 0
73 56 0 0 0
74 56 0 0 0
75 56 0 0 0
76 56 0 0 0
77 56 0 0 0
78 56 0 0 0
79 56 0 0 0
80 56 0 0 0
81 56 0 0 0
82 56 0 0 0
83 56 0 0 0
84 56 0 0 0
85 56 0 0 0
86 56 0 0 0
87 56 0 0 0
88 56 0 0 0
89 56 0 0 0
90 56 0 0 0
91 56 0 0 0
92 56 0 0 0
93 56 0 0 0
94 56 0 0 0
95 56 0 0 0
96 56 0 0 0
97 56 0 0 0
98 56 0 0 0
99 56 0 0 0
100 56 0 0 0
101 56 0 0 0
102 56 0 0 0
103 56 0 0 0
104 56 0 0 0
105 56 0 0 0
106 56 0 0 0
107 56 0 0 0
108 56 0 0 0
109 56 0 0 0
110 56 0 0 0
111 56 0 0 0
112 56 0 0 0
113 56 0 0 0
114 56 0 0 0
115 56 0 0 0
116 56 0 0 0
117 56 0 0 0
118 56 0 0 0
119 56 0 0 0
120 56 0 0 0
121 56 0 0 0
122 56 0 0 0
123 56 0 0 0
124 56 0 0 0
125 56 0 0 0
126 56 0 0 0
127 56 0 0 0
128 56 0 0 0
129 56 0 0 0
130 56 0 0 0
131 56 0 0 0
132 56 0 0 0
133 56 0 0 0
134 56 0 0 0
135 56 0 0 0
136 56 0 0 0
137 56 0 0 0
138 56 0 0 0
139 56 0 0 0
140 56 0 0 0
141 56 0 0 0
142 56 0 0 0
143 56 0 0 0
144 56 0 0 0
145 56 0 0 0
146 56 0 0 0
147 56 0 0 0
148 56 0 0 0
149 56 0 0 0
150 56 0 0 0
151 56 0 0 0
152 56 0 0 0
153 56 0 0 0
154 56 0 0 0
155 56 0 0 0
156 56 0 0 0
157 56 0 0 0
158 56 0 0 0
159 56 0 0 0
160 56 0 0 0
161 56 0 0 0
162 56 0 0 0
163 56 0 0 0
164 56 0 0 0
165 56 0 0 0
166 56 0 0 0
167 56 0 0 0
168 56 0 0 0
169 56 0 0 0
170 56 0 0 0
171 56 0 0 0
172 56 0 0 0
173 56 0 0 0
174 56 0 0 0
175 56 0 0 0
176 56 0 0 0
177 56 0 0 0
178 56 0 0 0
179 56 0 0 0
180 56 0 0 0
181 56 0 0 0
182 56 0 0 0
183 56 0 0 0
184 56 0 0 0
185 56 0 0 0
186 56 0 0 0
187 56 0 0 0
188 56 0 0 0
189 56 0 0 0
190 56 0 0 0
191 56 0 0 0
192 56 0 0 0
193 56 0 0 0
194 56 0 0 0
195 56 0 0 0
196 56 0 0 0
197 56 0 0 0
198 56 0 0 0
199 56 0 0 0
200 56 0 0 0
201 56 0 0 0
202 56 0 0 0
203 56 0 0 0
204 56 0 0 0
205 56 0 0 0
206 56 0 0 0
207 56 0 0 0
208 56 0 0 0
209 56 0 0 0
210 56 0 0 0
211 56 0 0 0
212 56 0 0 0
213 56 0 0 0
214 56 0 0 0
215 56 0 0 0
216 56 0 0 0
217 56 0 0 0
218 56 0 0 0
219 56 0 0 0
220 56 0 0 0
221 56 0 0 0
222 56 0 0 0
223 56 0 0 0
224 56 0 0 0
225 56 0 0 0
226 56 0 0 0
227 56 0 0 0
228 56 0 0 0
229 56 0 0 0
230 56 0 0 0
231 56 0 0 0
232 56 0 0 0
233 56 2 2 2
234 56 2 2 2
235 56 1 1 1
236 56 1 1 1
237 56 0 0 0
238 56 0 0 0
239 56 0 0 0
240 56 0 0 0
241 56 0 0 0
242 56 0 0 0
243 56 0 0 0
244 56 0 0 0
245 56 2 2 2
246 56 2 2 2
247 56 2 2 2
248 56 2 2 2
249 56 0 0 0
250 56 0 0 0
251 56 0 0 0
252 56 0 0 0
253 56 0 0 0
254 56 0 0 0
255 56 0 0 0
256 56 0 0 0
257 56 0 0 0
258 56 0 0 0
259 56 0 0 0
260 56 0 0 0
261 56 0 0 0
262 56 0 0 0
263 56 0 0 0
264 56 0 0 0
265 56 0 0 0
266 56 0 0 0
267 56 0 0 0
268 56 0 0 0
269 56 0 0 0
270 56 0 0 0
271 56 0 0 0
272 56 0 0 0
273 56 0 0 0
274 56 0 0 0
275 56 0 0 0
276 56 0 0 0
277 56 0 0 0
278 56 0 0 0
279 56 0 0 0
280 56 0 0 0
281 56 0 0 0
282 56 0 0 0
283 56 0 0 0
284 56 0 0 0
285 56 0 0 0
286 56 0 0 0
287 56 0 0 0
288 56 0 0 0
289 56 1 1 1
290 56 1 1 1
291 56 5 5 5
292 56 5 5 5
293 56 6 6 6
294 56 6 6 6
295 56 4 4 4
296 56 4 4 4
297 56 5 5 5
298 56 5 5 5
299 56 a a a
300 56 a a a
301 56 a a a
302 56 a a a
303 56 a a a
304 56 a a a
305 56 a a a
306 56 a a a
307 56 a a a
308 56 a a a
309 56 a a a
310 56 a a a
311 56 a a a
312 56 a a a
313 56 b b b
314 56 b b b
315 56 8 8 8
316 56 8 8 8
317 56 9 9 9
318 56 9 9 9
319 56 a a a
320 56 a a a
321 56 9 9 9
322 56 9 9 9
323 56 7 7 7
324 56 7 7 7
325 56 6 6 6
326 56 6 6 6
327 56 6 6 6
328 56 6 6 6
329 56 5 5 5
330 56 5 5 5
331 56 5 5 5
332 56 5 5 5
333 56 6 6 6
334 56 6 6 6
335 56 4 4 4
336 56 4 4 4
337 56 4 4 4
338 56 4 4 4
339 56 2 2 2
340 56 2 2 2
341 56 0 0 0
342 56 0 0 0
343 56 0 0 0
344 56 0 0 0
345 56 0 0 0
346 56 0 0 0
347 56 0 0 0
348 56 0 0 0
349 56 0 0 0
350 56 0 0 0
351 56 0 0 0
352 56 0 0 0
353 56 6 6 6
354 56 6 6 6
355 56 1 1 1
356 56 1 1 1
357 56 0 0 0
358 56 0 0 0
359 56 0 0 0
360 56 0 0 0
361 56 0 0 0
362 56 0 0 0
363 56 0 0 0
364 56 0 0 0
365 56 0 0 0
366 56 0 0 0
367 56 0 0 0
368 56 0 0 0
369 56 0 0 0
370 56 0 0 0
371 56 0 0 0
372 56 0 0 0
373 56 0 0 0
374 56 0 0 0
375 56 0 0 0
376 56 0 0 0
377 56 0 0 0
378 56 0 0 0
379 56 0 0 0
380 56 0 0 0
381 56 0 0 0
382 56 0 0 0
383 56 0 0 0
384 56 0 0 0
385 56 0 0 0
386 56 0 0 0
387 56 0 0 0
388 56 0 0 0
389 56 0 0 0
390 56 0 0 0
391 56 0 0 0
392 56 0 0 0
393 56 0 0 0
394 56 0 0 0
395 56 0 0 0
396 56 0 0 0
397 56 0 0 0
398 56 0 0 0
399 56 0 0 0
400 56 0 0 0
401 56 0 0 0
402 56 0 0 0
403 56 0 0 0
404 56 0 0 0
405 56 2 2 2
406 56 2 2 2
407 56 5 5 5
408 56 5 5 5
409 56 4 4 4
410 56 4 4 4
411 56 4 4 4
412 56 4 4 4
413 56 3 3 3
414 56 3 3 3
415 56 0 0 0
416 56 0 0 0
417 56 1 1 1
418 56 1 1 1
419 56 1 1 1
420 56 1 1 1
421 56 0 0 0
422 56 0 0 0
423 56 1 1 1
424 56 1 1 1
425 56 3 3 3
426 56 3 3 3
427 56 4 4 4
428 56 4 4 4
429 56 3 3 3
430 56 3 3 3
431 56 2 2 2
432 56 2 2 2
433 56 2 2 2
434 56 2 2 2
435 56 2 2 2
436 56 2 2 2
437 56 2 2 2
438 56 2 2 2
439 56 2 2 2
440 56 2 2 2
441 56 4 4 4
442 56 4 4 4
443 56 3 3 3
444 56 3 3 3
445 56 3 3 3
446 56 3 3 3
447 56 3 3 3
448 56 3 3 3
449 56 2 2 2
450 56 2 2 2
451 56 2 2 2
452 56 2 2 2
453 56 2 2 2
454 56 2 2 2
455 56 2 2 2
456 56 2 2 2
457 56 2 2 2
458 56 2 2 2
459 56 2 2 2
460 56 2 2 2
461 56 2 2 2
462 56 2 2 2
463 56 2 2 2
464 56 2 2 2
465 56 2 2 2
466 56 2 2 2
467 56 3 3 3
468 56 3 3 3
469 56 3 3 3
470 56 3 3 3
471 56 3 3 3
472 56 3 3 3
473 56 3 3 3
474 56 3 3 3
475 56 3 3 3
476 56 3 3 3
477 56 3 3 3
478 56 3 3 3
479 56 3 3 3
480 56 3 3 3
481 56 3 3 3
482 56 3 3 3
483 56 4 4 4
484 56 4 4 4
485 56 4 4 4
486 56 4 4 4
487 56 4 4 4
488 56 4 4 4
489 56 4 4 4
490 56 4 4 4
491 56 3 3 3
492 56 3 3 3
493 56 2 2 2
494 56 2 2 2
495 56 3 3 3
496 56 3 3 3
497 56 3 3 3
498 56 3 3 3
499 56 3 3 3
500 56 3 3 3
501 56 3 3 3
502 56 3 3 3
503 56 3 3 3
504 56 3 3 3
505 56 4 4 4
506 56 4 4 4
507 56 4 4 4
508 56 4 4 4
509 56 4 4 4
510 56 4 4 4
511 56 4 4 4
512 56 4 4 4
513 56 4 4 4
514 56 4 4 4
515 56 4 4 4
516 56 4 4 4
517 56 4 4 4
518 56 4 4 4
519 56 4 4 4
520 56 4 4 4
521 56 4 4 4
522 56 4 4 4
523 56 3 3 3
524 56 3 3 3
525 56 1 1 1
526 56 1 1 1
527 56 3 3 3
528 56 3 3 3
529 56 3 3 3
530 56 3 3 3
531 56 3 3 3
532 56 3 3 3
533 56 4 4 4
534 56 4 4 4
535 56 4 4 4
536 56 4 4 4
537 56 4 4 4
538 56 4 4 4
539 56 4 4 4
540 56 4 4 4
541 56 1 1 1
542 56 1 1 1
543 56 0 0 0
544 56 0 0 0
545 56 0 0 0
546 56 0 0 0
547 56 0 0 0
548 56 0 0 0
549 56 0 0 0
550 56 0 0 0
551 56 0 0 0
552 56 0 0 0
553 56 2 2 2
554 56 2 2 2
555 56 2 2 2
556 56 2 2 2
557 56 0 0 0
558 56 0 0 0
559 56 0 0 0
560 56 0 0 0
561 56 0 0 0
562 56 0 0 0
563 56 0 0 0
564 56 0 0 0
565 56 1 1 1
566 56 1 1 1
567 56 2 2 2
568 56 2 2 2
569 56 0 0 0
570 56 0 0 0
571 56 0 0 0
572 56 0 0 0
573 56 0 0 0
574 56 0 0 0
575 56 0 0 0
576 56 0 0 0
577 56 0 0 0
578 56 0 0 0
579 56 0 0 0
580 56 0 0 0
581 56 0 0 0
582 56 0 0 0
583 56 0 0 0
584 56 0 0 0
585 56 0 0 0
586 56 0 0 0
587 56 0 0 0
588 56 0 0 0
589 56 0 0 0
590 56 0 0 0
591 56 0 0 0
592 56 0 0 0
593 56 0 0 0
594 56 0 0 0
595 56 0 0 0
596 56 0 0 0
597 56 0 0 0
598 56 0 0 0
599 56 0 0 0
600 56 0 0 0
601 56 0 0 0
602 56 0 0 0
603 56 0 0 0
604 56 0 0 0
605 56 0 0 0
606 56 0 0 0
607 56 0 0 0
608 56 0 0 0
609 56 0 0 0
610 56 0 0 0
611 56 0 0 0
612 56 0 0 0
613 56 0 0 0
614 56 0 0 0
615 56 0 0 0
616 56 0 0 0
617 56 0 0 0
618 56 0 0 0
619 56 0 0 0
620 56 0 0 0
621 56 0 0 0
622 56 0 0 0
623 56 0 0 0
624 56 0 0 0
625 56 0 0 0
626 56 0 0 0
627 56 0 0 0
628 56 0 0 0
629 56 0 0 0
630 56 0 0 0
631 56 0 0 0
632 56 0 0 0
633 56 0 0 0
634 56 0 0 0
635 56 0 0 0
636 56 0 0 0
637 56 0 0 0
638 56 0 0 0
639 56 0 0 0
0 57 0 0 0
1 57 0 0 0
2 57 0 0 0
3 57 0 0 0
4 57 0 0 0
5 57 0 0 0
6 57 0 0 0
7 57 0 0 0
8 57 0 0 0
9 57 0 0 0
10 57 0 0 0
11 57 0 0 0
12 57 0 0 0
13 57 0 0 0
14 57 0 0 0
15 57 0 0 0
16 57 0 0 0
17 57 0 0 0
18 57 0 0 0
19 57 0 0 0
20 57 0 0 0
21 57 0 0 0
22 57 0 0 0
23 57 0 0 0
24 57 0 0 0
25 57 0 0 0
26 57 0 0 0
27 57 0 0 0
28 57 0 0 0
29 57 0 0 0
30 57 0 0 0
31 57 0 0 0
32 57 0 0 0
33 57 0 0 0
34 57 0 0 0
35 57 0 0 0
36 57 0 0 0
37 57 0 0 0
38 57 0 0 0
39 57 0 0 0
40 57 0 0 0
41 57 0 0 0
42 57 0 0 0
43 57 0 0 0
44 57 0 0 0
45 57 0 0 0
46 57 0 0 0
47 57 0 0 0
48 57 0 0 0
49 57 0 0 0
50 57 0 0 0
51 57 0 0 0
52 57 0 0 0
53 57 0 0 0
54 57 0 0 0
55 57 0 0 0
56 57 0 0 0
57 57 0 0 0
58 57 0 0 0
59 57 0 0 0
60 57 0 0 0
61 57 0 0 0
62 57 0 0 0
63 57 0 0 0
64 57 0 0 0
65 57 0 0 0
66 57 0 0 0
67 57 0 0 0
68 57 0 0 0
69 57 0 0 0
70 57 0 0 0
71 57 0 0 0
72 57 0 0 0
73 57 0 0 0
74 57 0 0 0
75 57 0 0 0
76 57 0 0 0
77 57 0 0 0
78 57 0 0 0
79 57 0 0 0
80 57 0 0 0
81 57 0 0 0
82 57 0 0 0
83 57 0 0 0
84 57 0 0 0
85 57 0 0 0
86 57 0 0 0
87 57 0 0 0
88 57 0 0 0
89 57 0 0 0
90 57 0 0 0
91 57 0 0 0
92 57 0 0 0
93 57 0 0 0
94 57 0 0 0
95 57 0 0 0
96 57 0 0 0
97 57 0 0 0
98 57 0 0 0
99 57 0 0 0
100 57 0 0 0
101 57 0 0 0
102 57 0 0 0
103 57 0 0 0
104 57 0 0 0
105 57 0 0 0
106 57 0 0 0
107 57 0 0 0
108 57 0 0 0
109 57 0 0 0
110 57 0 0 0
111 57 0 0 0
112 57 0 0 0
113 57 0 0 0
114 57 0 0 0
115 57 0 0 0
116 57 0 0 0
117 57 0 0 0
118 57 0 0 0
119 57 0 0 0
120 57 0 0 0
121 57 0 0 0
122 57 0 0 0
123 57 0 0 0
124 57 0 0 0
125 57 0 0 0
126 57 0 0 0
127 57 0 0 0
128 57 0 0 0
129 57 0 0 0
130 57 0 0 0
131 57 0 0 0
132 57 0 0 0
133 57 0 0 0
134 57 0 0 0
135 57 0 0 0
136 57 0 0 0
137 57 0 0 0
138 57 0 0 0
139 57 0 0 0
140 57 0 0 0
141 57 0 0 0
142 57 0 0 0
143 57 0 0 0
144 57 0 0 0
145 57 0 0 0
146 57 0 0 0
147 57 0 0 0
148 57 0 0 0
149 57 0 0 0
150 57 0 0 0
151 57 0 0 0
152 57 0 0 0
153 57 0 0 0
154 57 0 0 0
155 57 0 0 0
156 57 0 0 0
157 57 0 0 0
158 57 0 0 0
159 57 0 0 0
160 57 0 0 0
161 57 0 0 0
162 57 0 0 0
163 57 0 0 0
164 57 0 0 0
165 57 0 0 0
166 57 0 0 0
167 57 0 0 0
168 57 0 0 0
169 57 0 0 0
170 57 0 0 0
171 57 0 0 0
172 57 0 0 0
173 57 0 0 0
174 57 0 0 0
175 57 0 0 0
176 57 0 0 0
177 57 0 0 0
178 57 0 0 0
179 57 0 0 0
180 57 0 0 0
181 57 0 0 0
182 57 0 0 0
183 57 0 0 0
184 57 0 0 0
185 57 0 0 0
186 57 0 0 0
187 57 0 0 0
188 57 0 0 0
189 57 0 0 0
190 57 0 0 0
191 57 0 0 0
192 57 0 0 0
193 57 0 0 0
194 57 0 0 0
195 57 0 0 0
196 57 0 0 0
197 57 0 0 0
198 57 0 0 0
199 57 0 0 0
200 57 0 0 0
201 57 0 0 0
202 57 0 0 0
203 57 0 0 0
204 57 0 0 0
205 57 0 0 0
206 57 0 0 0
207 57 0 0 0
208 57 0 0 0
209 57 0 0 0
210 57 0 0 0
211 57 0 0 0
212 57 0 0 0
213 57 0 0 0
214 57 0 0 0
215 57 0 0 0
216 57 0 0 0
217 57 0 0 0
218 57 0 0 0
219 57 0 0 0
220 57 0 0 0
221 57 0 0 0
222 57 0 0 0
223 57 0 0 0
224 57 0 0 0
225 57 0 0 0
226 57 0 0 0
227 57 0 0 0
228 57 0 0 0
229 57 0 0 0
230 57 0 0 0
231 57 0 0 0
232 57 0 0 0
233 57 2 2 2
234 57 2 2 2
235 57 1 1 1
236 57 1 1 1
237 57 0 0 0
238 57 0 0 0
239 57 0 0 0
240 57 0 0 0
241 57 0 0 0
242 57 0 0 0
243 57 0 0 0
244 57 0 0 0
245 57 2 2 2
246 57 2 2 2
247 57 2 2 2
248 57 2 2 2
249 57 0 0 0
250 57 0 0 0
251 57 0 0 0
252 57 0 0 0
253 57 0 0 0
254 57 0 0 0
255 57 0 0 0
256 57 0 0 0
257 57 0 0 0
258 57 0 0 0
259 57 0 0 0
260 57 0 0 0
261 57 0 0 0
262 57 0 0 0
263 57 0 0 0
264 57 0 0 0
265 57 0 0 0
266 57 0 0 0
267 57 0 0 0
268 57 0 0 0
269 57 0 0 0
270 57 0 0 0
271 57 0 0 0
272 57 0 0 0
273 57 0 0 0
274 57 0 0 0
275 57 0 0 0
276 57 0 0 0
277 57 0 0 0
278 57 0 0 0
279 57 0 0 0
280 57 0 0 0
281 57 0 0 0
282 57 0 0 0
283 57 0 0 0
284 57 0 0 0
285 57 0 0 0
286 57 0 0 0
287 57 0 0 0
288 57 0 0 0
289 57 1 1 1
290 57 1 1 1
291 57 5 5 5
292 57 5 5 5
293 57 6 6 6
294 57 6 6 6
295 57 4 4 4
296 57 4 4 4
297 57 5 5 5
298 57 5 5 5
299 57 a a a
300 57 a a a
301 57 a a a
302 57 a a a
303 57 a a a
304 57 a a a
305 57 a a a
306 57 a a a
307 57 a a a
308 57 a a a
309 57 a a a
310 57 a a a
311 57 a a a
312 57 a a a
313 57 b b b
314 57 b b b
315 57 8 8 8
316 57 8 8 8
317 57 9 9 9
318 57 9 9 9
319 57 a a a
320 57 a a a
321 57 9 9 9
322 57 9 9 9
323 57 7 7 7
324 57 7 7 7
325 57 6 6 6
326 57 6 6 6
327 57 6 6 6
328 57 6 6 6
329 57 5 5 5
330 57 5 5 5
331 57 5 5 5
332 57 5 5 5
333 57 6 6 6
334 57 6 6 6
335 57 4 4 4
336 57 4 4 4
337 57 4 4 4
338 57 4 4 4
339 57 2 2 2
340 57 2 2 2
341 57 0 0 0
342 57 0 0 0
343 57 0 0 0
344 57 0 0 0
345 57 0 0 0
346 57 0 0 0
347 57 0 0 0
348 57 0 0 0
349 57 0 0 0
350 57 0 0 0
351 57 0 0 0
352 57 0 0 0
353 57 6 6 6
354 57 6 6 6
355 57 1 1 1
356 57 1 1 1
357 57 0 0 0
358 57 0 0 0
359 57 0 0 0
360 57 0 0 0
361 57 0 0 0
362 57 0 0 0
363 57 0 0 0
364 57 0 0 0
365 57 0 0 0
366 57 0 0 0
367 57 0 0 0
368 57 0 0 0
369 57 0 0 0
370 57 0 0 0
371 57 0 0 0
372 57 0 0 0
373 57 0 0 0
374 57 0 0 0
375 57 0 0 0
376 57 0 0 0
377 57 0 0 0
378 57 0 0 0
379 57 0 0 0
380 57 0 0 0
381 57 0 0 0
382 57 0 0 0
383 57 0 0 0
384 57 0 0 0
385 57 0 0 0
386 57 0 0 0
387 57 0 0 0
388 57 0 0 0
389 57 0 0 0
390 57 0 0 0
391 57 0 0 0
392 57 0 0 0
393 57 0 0 0
394 57 0 0 0
395 57 0 0 0
396 57 0 0 0
397 57 0 0 0
398 57 0 0 0
399 57 0 0 0
400 57 0 0 0
401 57 0 0 0
402 57 0 0 0
403 57 0 0 0
404 57 0 0 0
405 57 2 2 2
406 57 2 2 2
407 57 5 5 5
408 57 5 5 5
409 57 4 4 4
410 57 4 4 4
411 57 4 4 4
412 57 4 4 4
413 57 3 3 3
414 57 3 3 3
415 57 0 0 0
416 57 0 0 0
417 57 1 1 1
418 57 1 1 1
419 57 1 1 1
420 57 1 1 1
421 57 0 0 0
422 57 0 0 0
423 57 1 1 1
424 57 1 1 1
425 57 3 3 3
426 57 3 3 3
427 57 4 4 4
428 57 4 4 4
429 57 3 3 3
430 57 3 3 3
431 57 2 2 2
432 57 2 2 2
433 57 2 2 2
434 57 2 2 2
435 57 2 2 2
436 57 2 2 2
437 57 2 2 2
438 57 2 2 2
439 57 2 2 2
440 57 2 2 2
441 57 4 4 4
442 57 4 4 4
443 57 3 3 3
444 57 3 3 3
445 57 3 3 3
446 57 3 3 3
447 57 3 3 3
448 57 3 3 3
449 57 2 2 2
450 57 2 2 2
451 57 2 2 2
452 57 2 2 2
453 57 2 2 2
454 57 2 2 2
455 57 2 2 2
456 57 2 2 2
457 57 2 2 2
458 57 2 2 2
459 57 2 2 2
460 57 2 2 2
461 57 2 2 2
462 57 2 2 2
463 57 2 2 2
464 57 2 2 2
465 57 2 2 2
466 57 2 2 2
467 57 3 3 3
468 57 3 3 3
469 57 3 3 3
470 57 3 3 3
471 57 3 3 3
472 57 3 3 3
473 57 3 3 3
474 57 3 3 3
475 57 3 3 3
476 57 3 3 3
477 57 3 3 3
478 57 3 3 3
479 57 3 3 3
480 57 3 3 3
481 57 3 3 3
482 57 3 3 3
483 57 4 4 4
484 57 4 4 4
485 57 4 4 4
486 57 4 4 4
487 57 4 4 4
488 57 4 4 4
489 57 4 4 4
490 57 4 4 4
491 57 3 3 3
492 57 3 3 3
493 57 2 2 2
494 57 2 2 2
495 57 3 3 3
496 57 3 3 3
497 57 3 3 3
498 57 3 3 3
499 57 3 3 3
500 57 3 3 3
501 57 3 3 3
502 57 3 3 3
503 57 3 3 3
504 57 3 3 3
505 57 4 4 4
506 57 4 4 4
507 57 4 4 4
508 57 4 4 4
509 57 4 4 4
510 57 4 4 4
511 57 4 4 4
512 57 4 4 4
513 57 4 4 4
514 57 4 4 4
515 57 4 4 4
516 57 4 4 4
517 57 4 4 4
518 57 4 4 4
519 57 4 4 4
520 57 4 4 4
521 57 4 4 4
522 57 4 4 4
523 57 3 3 3
524 57 3 3 3
525 57 1 1 1
526 57 1 1 1
527 57 3 3 3
528 57 3 3 3
529 57 3 3 3
530 57 3 3 3
531 57 3 3 3
532 57 3 3 3
533 57 4 4 4
534 57 4 4 4
535 57 4 4 4
536 57 4 4 4
537 57 4 4 4
538 57 4 4 4
539 57 4 4 4
540 57 4 4 4
541 57 1 1 1
542 57 1 1 1
543 57 0 0 0
544 57 0 0 0
545 57 0 0 0
546 57 0 0 0
547 57 0 0 0
548 57 0 0 0
549 57 0 0 0
550 57 0 0 0
551 57 0 0 0
552 57 0 0 0
553 57 2 2 2
554 57 2 2 2
555 57 2 2 2
556 57 2 2 2
557 57 0 0 0
558 57 0 0 0
559 57 0 0 0
560 57 0 0 0
561 57 0 0 0
562 57 0 0 0
563 57 0 0 0
564 57 0 0 0
565 57 1 1 1
566 57 1 1 1
567 57 2 2 2
568 57 2 2 2
569 57 0 0 0
570 57 0 0 0
571 57 0 0 0
572 57 0 0 0
573 57 0 0 0
574 57 0 0 0
575 57 0 0 0
576 57 0 0 0
577 57 0 0 0
578 57 0 0 0
579 57 0 0 0
580 57 0 0 0
581 57 0 0 0
582 57 0 0 0
583 57 0 0 0
584 57 0 0 0
585 57 0 0 0
586 57 0 0 0
587 57 0 0 0
588 57 0 0 0
589 57 0 0 0
590 57 0 0 0
591 57 0 0 0
592 57 0 0 0
593 57 0 0 0
594 57 0 0 0
595 57 0 0 0
596 57 0 0 0
597 57 0 0 0
598 57 0 0 0
599 57 0 0 0
600 57 0 0 0
601 57 0 0 0
602 57 0 0 0
603 57 0 0 0
604 57 0 0 0
605 57 0 0 0
606 57 0 0 0
607 57 0 0 0
608 57 0 0 0
609 57 0 0 0
610 57 0 0 0
611 57 0 0 0
612 57 0 0 0
613 57 0 0 0
614 57 0 0 0
615 57 0 0 0
616 57 0 0 0
617 57 0 0 0
618 57 0 0 0
619 57 0 0 0
620 57 0 0 0
621 57 0 0 0
622 57 0 0 0
623 57 0 0 0
624 57 0 0 0
625 57 0 0 0
626 57 0 0 0
627 57 0 0 0
628 57 0 0 0
629 57 0 0 0
630 57 0 0 0
631 57 0 0 0
632 57 0 0 0
633 57 0 0 0
634 57 0 0 0
635 57 0 0 0
636 57 0 0 0
637 57 0 0 0
638 57 0 0 0
639 57 0 0 0
0 58 0 0 0
1 58 0 0 0
2 58 0 0 0
3 58 0 0 0
4 58 0 0 0
5 58 0 0 0
6 58 0 0 0
7 58 0 0 0
8 58 0 0 0
9 58 0 0 0
10 58 0 0 0
11 58 0 0 0
12 58 0 0 0
13 58 0 0 0
14 58 0 0 0
15 58 0 0 0
16 58 0 0 0
17 58 0 0 0
18 58 0 0 0
19 58 0 0 0
20 58 0 0 0
21 58 0 0 0
22 58 0 0 0
23 58 0 0 0
24 58 0 0 0
25 58 0 0 0
26 58 0 0 0
27 58 0 0 0
28 58 0 0 0
29 58 0 0 0
30 58 0 0 0
31 58 0 0 0
32 58 0 0 0
33 58 0 0 0
34 58 0 0 0
35 58 0 0 0
36 58 0 0 0
37 58 0 0 0
38 58 0 0 0
39 58 0 0 0
40 58 0 0 0
41 58 0 0 0
42 58 0 0 0
43 58 0 0 0
44 58 0 0 0
45 58 0 0 0
46 58 0 0 0
47 58 0 0 0
48 58 0 0 0
49 58 0 0 0
50 58 0 0 0
51 58 0 0 0
52 58 0 0 0
53 58 0 0 0
54 58 0 0 0
55 58 0 0 0
56 58 0 0 0
57 58 0 0 0
58 58 0 0 0
59 58 0 0 0
60 58 0 0 0
61 58 0 0 0
62 58 0 0 0
63 58 0 0 0
64 58 0 0 0
65 58 0 0 0
66 58 0 0 0
67 58 0 0 0
68 58 0 0 0
69 58 0 0 0
70 58 0 0 0
71 58 0 0 0
72 58 0 0 0
73 58 0 0 0
74 58 0 0 0
75 58 0 0 0
76 58 0 0 0
77 58 0 0 0
78 58 0 0 0
79 58 0 0 0
80 58 0 0 0
81 58 0 0 0
82 58 0 0 0
83 58 0 0 0
84 58 0 0 0
85 58 0 0 0
86 58 0 0 0
87 58 0 0 0
88 58 0 0 0
89 58 0 0 0
90 58 0 0 0
91 58 0 0 0
92 58 0 0 0
93 58 0 0 0
94 58 0 0 0
95 58 0 0 0
96 58 0 0 0
97 58 0 0 0
98 58 0 0 0
99 58 0 0 0
100 58 0 0 0
101 58 0 0 0
102 58 0 0 0
103 58 0 0 0
104 58 0 0 0
105 58 0 0 0
106 58 0 0 0
107 58 0 0 0
108 58 0 0 0
109 58 0 0 0
110 58 0 0 0
111 58 0 0 0
112 58 0 0 0
113 58 0 0 0
114 58 0 0 0
115 58 0 0 0
116 58 0 0 0
117 58 0 0 0
118 58 0 0 0
119 58 0 0 0
120 58 0 0 0
121 58 0 0 0
122 58 0 0 0
123 58 0 0 0
124 58 0 0 0
125 58 0 0 0
126 58 0 0 0
127 58 0 0 0
128 58 0 0 0
129 58 0 0 0
130 58 0 0 0
131 58 0 0 0
132 58 0 0 0
133 58 0 0 0
134 58 0 0 0
135 58 0 0 0
136 58 0 0 0
137 58 0 0 0
138 58 0 0 0
139 58 0 0 0
140 58 0 0 0
141 58 0 0 0
142 58 0 0 0
143 58 0 0 0
144 58 0 0 0
145 58 0 0 0
146 58 0 0 0
147 58 0 0 0
148 58 0 0 0
149 58 0 0 0
150 58 0 0 0
151 58 0 0 0
152 58 0 0 0
153 58 0 0 0
154 58 0 0 0
155 58 0 0 0
156 58 0 0 0
157 58 0 0 0
158 58 0 0 0
159 58 0 0 0
160 58 0 0 0
161 58 0 0 0
162 58 0 0 0
163 58 0 0 0
164 58 0 0 0
165 58 0 0 0
166 58 0 0 0
167 58 0 0 0
168 58 0 0 0
169 58 0 0 0
170 58 0 0 0
171 58 0 0 0
172 58 0 0 0
173 58 0 0 0
174 58 0 0 0
175 58 0 0 0
176 58 0 0 0
177 58 0 0 0
178 58 0 0 0
179 58 0 0 0
180 58 0 0 0
181 58 0 0 0
182 58 0 0 0
183 58 0 0 0
184 58 0 0 0
185 58 0 0 0
186 58 0 0 0
187 58 0 0 0
188 58 0 0 0
189 58 0 0 0
190 58 0 0 0
191 58 0 0 0
192 58 0 0 0
193 58 0 0 0
194 58 0 0 0
195 58 0 0 0
196 58 0 0 0
197 58 0 0 0
198 58 0 0 0
199 58 0 0 0
200 58 0 0 0
201 58 0 0 0
202 58 0 0 0
203 58 0 0 0
204 58 0 0 0
205 58 0 0 0
206 58 0 0 0
207 58 0 0 0
208 58 0 0 0
209 58 0 0 0
210 58 0 0 0
211 58 0 0 0
212 58 0 0 0
213 58 0 0 0
214 58 0 0 0
215 58 0 0 0
216 58 0 0 0
217 58 0 0 0
218 58 0 0 0
219 58 0 0 0
220 58 0 0 0
221 58 0 0 0
222 58 0 0 0
223 58 0 0 0
224 58 0 0 0
225 58 0 0 0
226 58 0 0 0
227 58 0 0 0
228 58 0 0 0
229 58 1 1 1
230 58 1 1 1
231 58 2 2 2
232 58 2 2 2
233 58 1 1 1
234 58 1 1 1
235 58 1 1 1
236 58 1 1 1
237 58 1 1 1
238 58 1 1 1
239 58 0 0 0
240 58 0 0 0
241 58 0 0 0
242 58 0 0 0
243 58 0 0 0
244 58 0 0 0
245 58 0 0 0
246 58 0 0 0
247 58 1 1 1
248 58 1 1 1
249 58 2 2 2
250 58 2 2 2
251 58 0 0 0
252 58 0 0 0
253 58 0 0 0
254 58 0 0 0
255 58 0 0 0
256 58 0 0 0
257 58 0 0 0
258 58 0 0 0
259 58 0 0 0
260 58 0 0 0
261 58 0 0 0
262 58 0 0 0
263 58 0 0 0
264 58 0 0 0
265 58 0 0 0
266 58 0 0 0
267 58 0 0 0
268 58 0 0 0
269 58 0 0 0
270 58 0 0 0
271 58 0 0 0
272 58 0 0 0
273 58 0 0 0
274 58 0 0 0
275 58 0 0 0
276 58 0 0 0
277 58 0 0 0
278 58 0 0 0
279 58 0 0 0
280 58 0 0 0
281 58 0 0 0
282 58 0 0 0
283 58 0 0 0
284 58 0 0 0
285 58 0 0 0
286 58 0 0 0
287 58 0 0 0
288 58 0 0 0
289 58 0 0 0
290 58 0 0 0
291 58 4 4 4
292 58 4 4 4
293 58 6 6 6
294 58 6 6 6
295 58 4 4 4
296 58 4 4 4
297 58 5 5 5
298 58 5 5 5
299 58 a a a
300 58 a a a
301 58 a a a
302 58 a a a
303 58 a a a
304 58 a a a
305 58 a a a
306 58 a a a
307 58 a a a
308 58 a a a
309 58 a a a
310 58 a a a
311 58 a a a
312 58 a a a
313 58 a a a
314 58 a a a
315 58 a a a
316 58 a a a
317 58 8 8 8
318 58 8 8 8
319 58 9 9 9
320 58 9 9 9
321 58 9 9 9
322 58 9 9 9
323 58 7 7 7
324 58 7 7 7
325 58 6 6 6
326 58 6 6 6
327 58 6 6 6
328 58 6 6 6
329 58 5 5 5
330 58 5 5 5
331 58 5 5 5
332 58 5 5 5
333 58 5 5 5
334 58 5 5 5
335 58 5 5 5
336 58 5 5 5
337 58 3 3 3
338 58 3 3 3
339 58 4 4 4
340 58 4 4 4
341 58 1 1 1
342 58 1 1 1
343 58 0 0 0
344 58 0 0 0
345 58 0 0 0
346 58 0 0 0
347 58 0 0 0
348 58 0 0 0
349 58 0 0 0
350 58 0 0 0
351 58 0 0 0
352 58 0 0 0
353 58 5 5 5
354 58 5 5 5
355 58 5 5 5
356 58 5 5 5
357 58 0 0 0
358 58 0 0 0
359 58 0 0 0
360 58 0 0 0
361 58 0 0 0
362 58 0 0 0
363 58 0 0 0
364 58 0 0 0
365 58 0 0 0
366 58 0 0 0
367 58 0 0 0
368 58 0 0 0
369 58 0 0 0
370 58 0 0 0
371 58 0 0 0
372 58 0 0 0
373 58 0 0 0
374 58 0 0 0
375 58 0 0 0
376 58 0 0 0
377 58 0 0 0
378 58 0 0 0
379 58 0 0 0
380 58 0 0 0
381 58 0 0 0
382 58 0 0 0
383 58 0 0 0
384 58 0 0 0
385 58 0 0 0
386 58 0 0 0
387 58 0 0 0
388 58 0 0 0
389 58 0 0 0
390 58 0 0 0
391 58 0 0 0
392 58 0 0 0
393 58 0 0 0
394 58 0 0 0
395 58 0 0 0
396 58 0 0 0
397 58 0 0 0
398 58 0 0 0
399 58 0 0 0
400 58 0 0 0
401 58 0 0 0
402 58 0 0 0
403 58 0 0 0
404 58 0 0 0
405 58 1 1 1
406 58 1 1 1
407 58 5 5 5
408 58 5 5 5
409 58 4 4 4
410 58 4 4 4
411 58 4 4 4
412 58 4 4 4
413 58 3 3 3
414 58 3 3 3
415 58 0 0 0
416 58 0 0 0
417 58 0 0 0
418 58 0 0 0
419 58 0 0 0
420 58 0 0 0
421 58 1 1 1
422 58 1 1 1
423 58 2 2 2
424 58 2 2 2
425 58 3 3 3
426 58 3 3 3
427 58 3 3 3
428 58 3 3 3
429 58 2 2 2
430 58 2 2 2
431 58 2 2 2
432 58 2 2 2
433 58 2 2 2
434 58 2 2 2
435 58 2 2 2
436 58 2 2 2
437 58 1 1 1
438 58 1 1 1
439 58 3 3 3
440 58 3 3 3
441 58 4 4 4
442 58 4 4 4
443 58 3 3 3
444 58 3 3 3
445 58 2 2 2
446 58 2 2 2
447 58 2 2 2
448 58 2 2 2
449 58 2 2 2
450 58 2 2 2
451 58 1 1 1
452 58 1 1 1
453 58 1 1 1
454 58 1 1 1
455 58 1 1 1
456 58 1 1 1
457 58 2 2 2
458 58 2 2 2
459 58 2 2 2
460 58 2 2 2
461 58 2 2 2
462 58 2 2 2
463 58 2 2 2
464 58 2 2 2
465 58 1 1 1
466 58 1 1 1
467 58 2 2 2
468 58 2 2 2
469 58 2 2 2
470 58 2 2 2
471 58 2 2 2
472 58 2 2 2
473 58 2 2 2
474 58 2 2 2
475 58 2 2 2
476 58 2 2 2
477 58 2 2 2
478 58 2 2 2
479 58 3 3 3
480 58 3 3 3
481 58 3 3 3
482 58 3 3 3
483 58 3 3 3
484 58 3 3 3
485 58 3 3 3
486 58 3 3 3
487 58 4 4 4
488 58 4 4 4
489 58 4 4 4
490 58 4 4 4
491 58 4 4 4
492 58 4 4 4
493 58 4 4 4
494 58 4 4 4
495 58 2 2 2
496 58 2 2 2
497 58 2 2 2
498 58 2 2 2
499 58 3 3 3
500 58 3 3 3
501 58 3 3 3
502 58 3 3 3
503 58 3 3 3
504 58 3 3 3
505 58 3 3 3
506 58 3 3 3
507 58 4 4 4
508 58 4 4 4
509 58 4 4 4
510 58 4 4 4
511 58 4 4 4
512 58 4 4 4
513 58 4 4 4
514 58 4 4 4
515 58 4 4 4
516 58 4 4 4
517 58 4 4 4
518 58 4 4 4
519 58 4 4 4
520 58 4 4 4
521 58 4 4 4
522 58 4 4 4
523 58 3 3 3
524 58 3 3 3
525 58 1 1 1
526 58 1 1 1
527 58 2 2 2
528 58 2 2 2
529 58 3 3 3
530 58 3 3 3
531 58 3 3 3
532 58 3 3 3
533 58 3 3 3
534 58 3 3 3
535 58 3 3 3
536 58 3 3 3
537 58 3 3 3
538 58 3 3 3
539 58 4 4 4
540 58 4 4 4
541 58 5 5 5
542 58 5 5 5
543 58 1 1 1
544 58 1 1 1
545 58 0 0 0
546 58 0 0 0
547 58 0 0 0
548 58 0 0 0
549 58 0 0 0
550 58 0 0 0
551 58 2 2 2
552 58 2 2 2
553 58 1 1 1
554 58 1 1 1
555 58 1 1 1
556 58 1 1 1
557 58 1 1 1
558 58 1 1 1
559 58 0 0 0
560 58 0 0 0
561 58 0 0 0
562 58 0 0 0
563 58 0 0 0
564 58 0 0 0
565 58 0 0 0
566 58 0 0 0
567 58 1 1 1
568 58 1 1 1
569 58 2 2 2
570 58 2 2 2
571 58 1 1 1
572 58 1 1 1
573 58 0 0 0
574 58 0 0 0
575 58 0 0 0
576 58 0 0 0
577 58 0 0 0
578 58 0 0 0
579 58 0 0 0
580 58 0 0 0
581 58 0 0 0
582 58 0 0 0
583 58 0 0 0
584 58 0 0 0
585 58 0 0 0
586 58 0 0 0
587 58 0 0 0
588 58 0 0 0
589 58 0 0 0
590 58 0 0 0
591 58 0 0 0
592 58 0 0 0
593 58 0 0 0
594 58 0 0 0
595 58 0 0 0
596 58 0 0 0
597 58 0 0 0
598 58 0 0 0
599 58 0 0 0
600 58 0 0 0
601 58 0 0 0
602 58 0 0 0
603 58 0 0 0
604 58 0 0 0
605 58 0 0 0
606 58 0 0 0
607 58 0 0 0
608 58 0 0 0
609 58 0 0 0
610 58 0 0 0
611 58 0 0 0
612 58 0 0 0
613 58 0 0 0
614 58 0 0 0
615 58 0 0 0
616 58 0 0 0
617 58 0 0 0
618 58 0 0 0
619 58 0 0 0
620 58 0 0 0
621 58 0 0 0
622 58 0 0 0
623 58 0 0 0
624 58 0 0 0
625 58 0 0 0
626 58 0 0 0
627 58 0 0 0
628 58 0 0 0
629 58 0 0 0
630 58 0 0 0
631 58 0 0 0
632 58 0 0 0
633 58 0 0 0
634 58 0 0 0
635 58 0 0 0
636 58 0 0 0
637 58 0 0 0
638 58 0 0 0
639 58 0 0 0
0 59 0 0 0
1 59 0 0 0
2 59 0 0 0
3 59 0 0 0
4 59 0 0 0
5 59 0 0 0
6 59 0 0 0
7 59 0 0 0
8 59 0 0 0
9 59 0 0 0
10 59 0 0 0
11 59 0 0 0
12 59 0 0 0
13 59 0 0 0
14 59 0 0 0
15 59 0 0 0
16 59 0 0 0
17 59 0 0 0
18 59 0 0 0
19 59 0 0 0
20 59 0 0 0
21 59 0 0 0
22 59 0 0 0
23 59 0 0 0
24 59 0 0 0
25 59 0 0 0
26 59 0 0 0
27 59 0 0 0
28 59 0 0 0
29 59 0 0 0
30 59 0 0 0
31 59 0 0 0
32 59 0 0 0
33 59 0 0 0
34 59 0 0 0
35 59 0 0 0
36 59 0 0 0
37 59 0 0 0
38 59 0 0 0
39 59 0 0 0
40 59 0 0 0
41 59 0 0 0
42 59 0 0 0
43 59 0 0 0
44 59 0 0 0
45 59 0 0 0
46 59 0 0 0
47 59 0 0 0
48 59 0 0 0
49 59 0 0 0
50 59 0 0 0
51 59 0 0 0
52 59 0 0 0
53 59 0 0 0
54 59 0 0 0
55 59 0 0 0
56 59 0 0 0
57 59 0 0 0
58 59 0 0 0
59 59 0 0 0
60 59 0 0 0
61 59 0 0 0
62 59 0 0 0
63 59 0 0 0
64 59 0 0 0
65 59 0 0 0
66 59 0 0 0
67 59 0 0 0
68 59 0 0 0
69 59 0 0 0
70 59 0 0 0
71 59 0 0 0
72 59 0 0 0
73 59 0 0 0
74 59 0 0 0
75 59 0 0 0
76 59 0 0 0
77 59 0 0 0
78 59 0 0 0
79 59 0 0 0
80 59 0 0 0
81 59 0 0 0
82 59 0 0 0
83 59 0 0 0
84 59 0 0 0
85 59 0 0 0
86 59 0 0 0
87 59 0 0 0
88 59 0 0 0
89 59 0 0 0
90 59 0 0 0
91 59 0 0 0
92 59 0 0 0
93 59 0 0 0
94 59 0 0 0
95 59 0 0 0
96 59 0 0 0
97 59 0 0 0
98 59 0 0 0
99 59 0 0 0
100 59 0 0 0
101 59 0 0 0
102 59 0 0 0
103 59 0 0 0
104 59 0 0 0
105 59 0 0 0
106 59 0 0 0
107 59 0 0 0
108 59 0 0 0
109 59 0 0 0
110 59 0 0 0
111 59 0 0 0
112 59 0 0 0
113 59 0 0 0
114 59 0 0 0
115 59 0 0 0
116 59 0 0 0
117 59 0 0 0
118 59 0 0 0
119 59 0 0 0
120 59 0 0 0
121 59 0 0 0
122 59 0 0 0
123 59 0 0 0
124 59 0 0 0
125 59 0 0 0
126 59 0 0 0
127 59 0 0 0
128 59 0 0 0
129 59 0 0 0
130 59 0 0 0
131 59 0 0 0
132 59 0 0 0
133 59 0 0 0
134 59 0 0 0
135 59 0 0 0
136 59 0 0 0
137 59 0 0 0
138 59 0 0 0
139 59 0 0 0
140 59 0 0 0
141 59 0 0 0
142 59 0 0 0
143 59 0 0 0
144 59 0 0 0
145 59 0 0 0
146 59 0 0 0
147 59 0 0 0
148 59 0 0 0
149 59 0 0 0
150 59 0 0 0
151 59 0 0 0
152 59 0 0 0
153 59 0 0 0
154 59 0 0 0
155 59 0 0 0
156 59 0 0 0
157 59 0 0 0
158 59 0 0 0
159 59 0 0 0
160 59 0 0 0
161 59 0 0 0
162 59 0 0 0
163 59 0 0 0
164 59 0 0 0
165 59 0 0 0
166 59 0 0 0
167 59 0 0 0
168 59 0 0 0
169 59 0 0 0
170 59 0 0 0
171 59 0 0 0
172 59 0 0 0
173 59 0 0 0
174 59 0 0 0
175 59 0 0 0
176 59 0 0 0
177 59 0 0 0
178 59 0 0 0
179 59 0 0 0
180 59 0 0 0
181 59 0 0 0
182 59 0 0 0
183 59 0 0 0
184 59 0 0 0
185 59 0 0 0
186 59 0 0 0
187 59 0 0 0
188 59 0 0 0
189 59 0 0 0
190 59 0 0 0
191 59 0 0 0
192 59 0 0 0
193 59 0 0 0
194 59 0 0 0
195 59 0 0 0
196 59 0 0 0
197 59 0 0 0
198 59 0 0 0
199 59 0 0 0
200 59 0 0 0
201 59 0 0 0
202 59 0 0 0
203 59 0 0 0
204 59 0 0 0
205 59 0 0 0
206 59 0 0 0
207 59 0 0 0
208 59 0 0 0
209 59 0 0 0
210 59 0 0 0
211 59 0 0 0
212 59 0 0 0
213 59 0 0 0
214 59 0 0 0
215 59 0 0 0
216 59 0 0 0
217 59 0 0 0
218 59 0 0 0
219 59 0 0 0
220 59 0 0 0
221 59 0 0 0
222 59 0 0 0
223 59 0 0 0
224 59 0 0 0
225 59 0 0 0
226 59 0 0 0
227 59 0 0 0
228 59 0 0 0
229 59 1 1 1
230 59 1 1 1
231 59 2 2 2
232 59 2 2 2
233 59 1 1 1
234 59 1 1 1
235 59 1 1 1
236 59 1 1 1
237 59 1 1 1
238 59 1 1 1
239 59 0 0 0
240 59 0 0 0
241 59 0 0 0
242 59 0 0 0
243 59 0 0 0
244 59 0 0 0
245 59 0 0 0
246 59 0 0 0
247 59 1 1 1
248 59 1 1 1
249 59 2 2 2
250 59 2 2 2
251 59 0 0 0
252 59 0 0 0
253 59 0 0 0
254 59 0 0 0
255 59 0 0 0
256 59 0 0 0
257 59 0 0 0
258 59 0 0 0
259 59 0 0 0
260 59 0 0 0
261 59 0 0 0
262 59 0 0 0
263 59 0 0 0
264 59 0 0 0
265 59 0 0 0
266 59 0 0 0
267 59 0 0 0
268 59 0 0 0
269 59 0 0 0
270 59 0 0 0
271 59 0 0 0
272 59 0 0 0
273 59 0 0 0
274 59 0 0 0
275 59 0 0 0
276 59 0 0 0
277 59 0 0 0
278 59 0 0 0
279 59 0 0 0
280 59 0 0 0
281 59 0 0 0
282 59 0 0 0
283 59 0 0 0
284 59 0 0 0
285 59 0 0 0
286 59 0 0 0
287 59 0 0 0
288 59 0 0 0
289 59 0 0 0
290 59 0 0 0
291 59 4 4 4
292 59 4 4 4
293 59 6 6 6
294 59 6 6 6
295 59 4 4 4
296 59 4 4 4
297 59 5 5 5
298 59 5 5 5
299 59 a a a
300 59 a a a
301 59 a a a
302 59 a a a
303 59 a a a
304 59 a a a
305 59 a a a
306 59 a a a
307 59 a a a
308 59 a a a
309 59 a a a
310 59 a a a
311 59 a a a
312 59 a a a
313 59 a a a
314 59 a a a
315 59 a a a
316 59 a a a
317 59 8 8 8
318 59 8 8 8
319 59 9 9 9
320 59 9 9 9
321 59 9 9 9
322 59 9 9 9
323 59 7 7 7
324 59 7 7 7
325 59 6 6 6
326 59 6 6 6
327 59 6 6 6
328 59 6 6 6
329 59 5 5 5
330 59 5 5 5
331 59 5 5 5
332 59 5 5 5
333 59 5 5 5
334 59 5 5 5
335 59 5 5 5
336 59 5 5 5
337 59 3 3 3
338 59 3 3 3
339 59 4 4 4
340 59 4 4 4
341 59 1 1 1
342 59 1 1 1
343 59 0 0 0
344 59 0 0 0
345 59 0 0 0
346 59 0 0 0
347 59 0 0 0
348 59 0 0 0
349 59 0 0 0
350 59 0 0 0
351 59 0 0 0
352 59 0 0 0
353 59 5 5 5
354 59 5 5 5
355 59 5 5 5
356 59 5 5 5
357 59 0 0 0
358 59 0 0 0
359 59 0 0 0
360 59 0 0 0
361 59 0 0 0
362 59 0 0 0
363 59 0 0 0
364 59 0 0 0
365 59 0 0 0
366 59 0 0 0
367 59 0 0 0
368 59 0 0 0
369 59 0 0 0
370 59 0 0 0
371 59 0 0 0
372 59 0 0 0
373 59 0 0 0
374 59 0 0 0
375 59 0 0 0
376 59 0 0 0
377 59 0 0 0
378 59 0 0 0
379 59 0 0 0
380 59 0 0 0
381 59 0 0 0
382 59 0 0 0
383 59 0 0 0
384 59 0 0 0
385 59 0 0 0
386 59 0 0 0
387 59 0 0 0
388 59 0 0 0
389 59 0 0 0
390 59 0 0 0
391 59 0 0 0
392 59 0 0 0
393 59 0 0 0
394 59 0 0 0
395 59 0 0 0
396 59 0 0 0
397 59 0 0 0
398 59 0 0 0
399 59 0 0 0
400 59 0 0 0
401 59 0 0 0
402 59 0 0 0
403 59 0 0 0
404 59 0 0 0
405 59 1 1 1
406 59 1 1 1
407 59 5 5 5
408 59 5 5 5
409 59 4 4 4
410 59 4 4 4
411 59 4 4 4
412 59 4 4 4
413 59 3 3 3
414 59 3 3 3
415 59 0 0 0
416 59 0 0 0
417 59 0 0 0
418 59 0 0 0
419 59 0 0 0
420 59 0 0 0
421 59 1 1 1
422 59 1 1 1
423 59 2 2 2
424 59 2 2 2
425 59 3 3 3
426 59 3 3 3
427 59 3 3 3
428 59 3 3 3
429 59 2 2 2
430 59 2 2 2
431 59 2 2 2
432 59 2 2 2
433 59 2 2 2
434 59 2 2 2
435 59 2 2 2
436 59 2 2 2
437 59 1 1 1
438 59 1 1 1
439 59 3 3 3
440 59 3 3 3
441 59 4 4 4
442 59 4 4 4
443 59 3 3 3
444 59 3 3 3
445 59 2 2 2
446 59 2 2 2
447 59 2 2 2
448 59 2 2 2
449 59 2 2 2
450 59 2 2 2
451 59 1 1 1
452 59 1 1 1
453 59 1 1 1
454 59 1 1 1
455 59 1 1 1
456 59 1 1 1
457 59 2 2 2
458 59 2 2 2
459 59 2 2 2
460 59 2 2 2
461 59 2 2 2
462 59 2 2 2
463 59 2 2 2
464 59 2 2 2
465 59 1 1 1
466 59 1 1 1
467 59 2 2 2
468 59 2 2 2
469 59 2 2 2
470 59 2 2 2
471 59 2 2 2
472 59 2 2 2
473 59 2 2 2
474 59 2 2 2
475 59 2 2 2
476 59 2 2 2
477 59 2 2 2
478 59 2 2 2
479 59 3 3 3
480 59 3 3 3
481 59 3 3 3
482 59 3 3 3
483 59 3 3 3
484 59 3 3 3
485 59 3 3 3
486 59 3 3 3
487 59 4 4 4
488 59 4 4 4
489 59 4 4 4
490 59 4 4 4
491 59 4 4 4
492 59 4 4 4
493 59 4 4 4
494 59 4 4 4
495 59 2 2 2
496 59 2 2 2
497 59 2 2 2
498 59 2 2 2
499 59 3 3 3
500 59 3 3 3
501 59 3 3 3
502 59 3 3 3
503 59 3 3 3
504 59 3 3 3
505 59 3 3 3
506 59 3 3 3
507 59 4 4 4
508 59 4 4 4
509 59 4 4 4
510 59 4 4 4
511 59 4 4 4
512 59 4 4 4
513 59 4 4 4
514 59 4 4 4
515 59 4 4 4
516 59 4 4 4
517 59 4 4 4
518 59 4 4 4
519 59 4 4 4
520 59 4 4 4
521 59 4 4 4
522 59 4 4 4
523 59 3 3 3
524 59 3 3 3
525 59 1 1 1
526 59 1 1 1
527 59 2 2 2
528 59 2 2 2
529 59 3 3 3
530 59 3 3 3
531 59 3 3 3
532 59 3 3 3
533 59 3 3 3
534 59 3 3 3
535 59 3 3 3
536 59 3 3 3
537 59 3 3 3
538 59 3 3 3
539 59 4 4 4
540 59 4 4 4
541 59 5 5 5
542 59 5 5 5
543 59 1 1 1
544 59 1 1 1
545 59 0 0 0
546 59 0 0 0
547 59 0 0 0
548 59 0 0 0
549 59 0 0 0
550 59 0 0 0
551 59 2 2 2
552 59 2 2 2
553 59 1 1 1
554 59 1 1 1
555 59 1 1 1
556 59 1 1 1
557 59 1 1 1
558 59 1 1 1
559 59 0 0 0
560 59 0 0 0
561 59 0 0 0
562 59 0 0 0
563 59 0 0 0
564 59 0 0 0
565 59 0 0 0
566 59 0 0 0
567 59 1 1 1
568 59 1 1 1
569 59 2 2 2
570 59 2 2 2
571 59 1 1 1
572 59 1 1 1
573 59 0 0 0
574 59 0 0 0
575 59 0 0 0
576 59 0 0 0
577 59 0 0 0
578 59 0 0 0
579 59 0 0 0
580 59 0 0 0
581 59 0 0 0
582 59 0 0 0
583 59 0 0 0
584 59 0 0 0
585 59 0 0 0
586 59 0 0 0
587 59 0 0 0
588 59 0 0 0
589 59 0 0 0
590 59 0 0 0
591 59 0 0 0
592 59 0 0 0
593 59 0 0 0
594 59 0 0 0
595 59 0 0 0
596 59 0 0 0
597 59 0 0 0
598 59 0 0 0
599 59 0 0 0
600 59 0 0 0
601 59 0 0 0
602 59 0 0 0
603 59 0 0 0
604 59 0 0 0
605 59 0 0 0
606 59 0 0 0
607 59 0 0 0
608 59 0 0 0
609 59 0 0 0
610 59 0 0 0
611 59 0 0 0
612 59 0 0 0
613 59 0 0 0
614 59 0 0 0
615 59 0 0 0
616 59 0 0 0
617 59 0 0 0
618 59 0 0 0
619 59 0 0 0
620 59 0 0 0
621 59 0 0 0
622 59 0 0 0
623 59 0 0 0
624 59 0 0 0
625 59 0 0 0
626 59 0 0 0
627 59 0 0 0
628 59 0 0 0
629 59 0 0 0
630 59 0 0 0
631 59 0 0 0
632 59 0 0 0
633 59 0 0 0
634 59 0 0 0
635 59 0 0 0
636 59 0 0 0
637 59 0 0 0
638 59 0 0 0
639 59 0 0 0
0 60 0 0 0
1 60 0 0 0
2 60 0 0 0
3 60 0 0 0
4 60 0 0 0
5 60 0 0 0
6 60 0 0 0
7 60 0 0 0
8 60 0 0 0
9 60 0 0 0
10 60 0 0 0
11 60 0 0 0
12 60 0 0 0
13 60 0 0 0
14 60 0 0 0
15 60 0 0 0
16 60 0 0 0
17 60 0 0 0
18 60 0 0 0
19 60 0 0 0
20 60 0 0 0
21 60 0 0 0
22 60 0 0 0
23 60 0 0 0
24 60 0 0 0
25 60 0 0 0
26 60 0 0 0
27 60 0 0 0
28 60 0 0 0
29 60 0 0 0
30 60 0 0 0
31 60 0 0 0
32 60 0 0 0
33 60 0 0 0
34 60 0 0 0
35 60 0 0 0
36 60 0 0 0
37 60 0 0 0
38 60 0 0 0
39 60 0 0 0
40 60 0 0 0
41 60 0 0 0
42 60 0 0 0
43 60 0 0 0
44 60 0 0 0
45 60 0 0 0
46 60 0 0 0
47 60 0 0 0
48 60 0 0 0
49 60 0 0 0
50 60 0 0 0
51 60 0 0 0
52 60 0 0 0
53 60 0 0 0
54 60 0 0 0
55 60 0 0 0
56 60 0 0 0
57 60 0 0 0
58 60 0 0 0
59 60 0 0 0
60 60 0 0 0
61 60 0 0 0
62 60 0 0 0
63 60 0 0 0
64 60 0 0 0
65 60 0 0 0
66 60 0 0 0
67 60 0 0 0
68 60 0 0 0
69 60 0 0 0
70 60 0 0 0
71 60 0 0 0
72 60 0 0 0
73 60 0 0 0
74 60 0 0 0
75 60 0 0 0
76 60 0 0 0
77 60 0 0 0
78 60 0 0 0
79 60 0 0 0
80 60 0 0 0
81 60 0 0 0
82 60 0 0 0
83 60 0 0 0
84 60 0 0 0
85 60 0 0 0
86 60 0 0 0
87 60 0 0 0
88 60 0 0 0
89 60 0 0 0
90 60 0 0 0
91 60 0 0 0
92 60 0 0 0
93 60 0 0 0
94 60 0 0 0
95 60 0 0 0
96 60 0 0 0
97 60 0 0 0
98 60 0 0 0
99 60 0 0 0
100 60 0 0 0
101 60 0 0 0
102 60 0 0 0
103 60 0 0 0
104 60 0 0 0
105 60 0 0 0
106 60 0 0 0
107 60 0 0 0
108 60 0 0 0
109 60 0 0 0
110 60 0 0 0
111 60 0 0 0
112 60 0 0 0
113 60 0 0 0
114 60 0 0 0
115 60 0 0 0
116 60 0 0 0
117 60 0 0 0
118 60 0 0 0
119 60 0 0 0
120 60 0 0 0
121 60 0 0 0
122 60 0 0 0
123 60 0 0 0
124 60 0 0 0
125 60 0 0 0
126 60 0 0 0
127 60 0 0 0
128 60 0 0 0
129 60 0 0 0
130 60 0 0 0
131 60 0 0 0
132 60 0 0 0
133 60 0 0 0
134 60 0 0 0
135 60 0 0 0
136 60 0 0 0
137 60 0 0 0
138 60 0 0 0
139 60 0 0 0
140 60 0 0 0
141 60 0 0 0
142 60 0 0 0
143 60 0 0 0
144 60 0 0 0
145 60 0 0 0
146 60 0 0 0
147 60 0 0 0
148 60 0 0 0
149 60 0 0 0
150 60 0 0 0
151 60 0 0 0
152 60 0 0 0
153 60 0 0 0
154 60 0 0 0
155 60 0 0 0
156 60 0 0 0
157 60 0 0 0
158 60 0 0 0
159 60 0 0 0
160 60 0 0 0
161 60 0 0 0
162 60 0 0 0
163 60 0 0 0
164 60 0 0 0
165 60 0 0 0
166 60 0 0 0
167 60 0 0 0
168 60 0 0 0
169 60 0 0 0
170 60 0 0 0
171 60 0 0 0
172 60 0 0 0
173 60 0 0 0
174 60 0 0 0
175 60 0 0 0
176 60 0 0 0
177 60 0 0 0
178 60 0 0 0
179 60 0 0 0
180 60 0 0 0
181 60 0 0 0
182 60 0 0 0
183 60 0 0 0
184 60 0 0 0
185 60 0 0 0
186 60 0 0 0
187 60 0 0 0
188 60 0 0 0
189 60 0 0 0
190 60 0 0 0
191 60 0 0 0
192 60 0 0 0
193 60 0 0 0
194 60 0 0 0
195 60 0 0 0
196 60 0 0 0
197 60 0 0 0
198 60 0 0 0
199 60 0 0 0
200 60 0 0 0
201 60 0 0 0
202 60 0 0 0
203 60 0 0 0
204 60 0 0 0
205 60 0 0 0
206 60 0 0 0
207 60 0 0 0
208 60 0 0 0
209 60 0 0 0
210 60 0 0 0
211 60 0 0 0
212 60 0 0 0
213 60 0 0 0
214 60 0 0 0
215 60 0 0 0
216 60 0 0 0
217 60 0 0 0
218 60 0 0 0
219 60 0 0 0
220 60 0 0 0
221 60 0 0 0
222 60 0 0 0
223 60 0 0 0
224 60 0 0 0
225 60 0 0 0
226 60 0 0 0
227 60 1 1 1
228 60 1 1 1
229 60 1 1 1
230 60 1 1 1
231 60 0 0 0
232 60 0 0 0
233 60 0 0 0
234 60 0 0 0
235 60 1 1 1
236 60 1 1 1
237 60 2 2 2
238 60 2 2 2
239 60 1 1 1
240 60 1 1 1
241 60 0 0 0
242 60 0 0 0
243 60 0 0 0
244 60 0 0 0
245 60 0 0 0
246 60 0 0 0
247 60 0 0 0
248 60 0 0 0
249 60 1 1 1
250 60 1 1 1
251 60 0 0 0
252 60 0 0 0
253 60 0 0 0
254 60 0 0 0
255 60 0 0 0
256 60 0 0 0
257 60 0 0 0
258 60 0 0 0
259 60 0 0 0
260 60 0 0 0
261 60 0 0 0
262 60 0 0 0
263 60 0 0 0
264 60 0 0 0
265 60 0 0 0
266 60 0 0 0
267 60 0 0 0
268 60 0 0 0
269 60 0 0 0
270 60 0 0 0
271 60 0 0 0
272 60 0 0 0
273 60 0 0 0
274 60 0 0 0
275 60 0 0 0
276 60 0 0 0
277 60 0 0 0
278 60 0 0 0
279 60 0 0 0
280 60 0 0 0
281 60 0 0 0
282 60 0 0 0
283 60 0 0 0
284 60 0 0 0
285 60 0 0 0
286 60 0 0 0
287 60 0 0 0
288 60 0 0 0
289 60 0 0 0
290 60 0 0 0
291 60 2 2 2
292 60 2 2 2
293 60 7 7 7
294 60 7 7 7
295 60 4 4 4
296 60 4 4 4
297 60 5 5 5
298 60 5 5 5
299 60 a a a
300 60 a a a
301 60 a a a
302 60 a a a
303 60 a a a
304 60 a a a
305 60 a a a
306 60 a a a
307 60 a a a
308 60 a a a
309 60 a a a
310 60 a a a
311 60 a a a
312 60 a a a
313 60 a a a
314 60 a a a
315 60 a a a
316 60 a a a
317 60 9 9 9
318 60 9 9 9
319 60 9 9 9
320 60 9 9 9
321 60 9 9 9
322 60 9 9 9
323 60 8 8 8
324 60 8 8 8
325 60 6 6 6
326 60 6 6 6
327 60 6 6 6
328 60 6 6 6
329 60 5 5 5
330 60 5 5 5
331 60 5 5 5
332 60 5 5 5
333 60 5 5 5
334 60 5 5 5
335 60 5 5 5
336 60 5 5 5
337 60 5 5 5
338 60 5 5 5
339 60 4 4 4
340 60 4 4 4
341 60 3 3 3
342 60 3 3 3
343 60 0 0 0
344 60 0 0 0
345 60 0 0 0
346 60 0 0 0
347 60 0 0 0
348 60 0 0 0
349 60 0 0 0
350 60 0 0 0
351 60 0 0 0
352 60 0 0 0
353 60 4 4 4
354 60 4 4 4
355 60 4 4 4
356 60 4 4 4
357 60 4 4 4
358 60 4 4 4
359 60 1 1 1
360 60 1 1 1
361 60 0 0 0
362 60 0 0 0
363 60 0 0 0
364 60 0 0 0
365 60 0 0 0
366 60 0 0 0
367 60 0 0 0
368 60 0 0 0
369 60 0 0 0
370 60 0 0 0
371 60 0 0 0
372 60 0 0 0
373 60 0 0 0
374 60 0 0 0
375 60 0 0 0
376 60 0 0 0
377 60 0 0 0
378 60 0 0 0
379 60 0 0 0
380 60 0 0 0
381 60 0 0 0
382 60 0 0 0
383 60 0 0 0
384 60 0 0 0
385 60 0 0 0
386 60 0 0 0
387 60 0 0 0
388 60 0 0 0
389 60 0 0 0
390 60 0 0 0
391 60 0 0 0
392 60 0 0 0
393 60 0 0 0
394 60 0 0 0
395 60 0 0 0
396 60 0 0 0
397 60 0 0 0
398 60 0 0 0
399 60 0 0 0
400 60 0 0 0
401 60 0 0 0
402 60 0 0 0
403 60 0 0 0
404 60 0 0 0
405 60 2 2 2
406 60 2 2 2
407 60 6 6 6
408 60 6 6 6
409 60 4 4 4
410 60 4 4 4
411 60 4 4 4
412 60 4 4 4
413 60 4 4 4
414 60 4 4 4
415 60 1 1 1
416 60 1 1 1
417 60 1 1 1
418 60 1 1 1
419 60 2 2 2
420 60 2 2 2
421 60 2 2 2
422 60 2 2 2
423 60 1 1 1
424 60 1 1 1
425 60 3 3 3
426 60 3 3 3
427 60 3 3 3
428 60 3 3 3
429 60 2 2 2
430 60 2 2 2
431 60 2 2 2
432 60 2 2 2
433 60 2 2 2
434 60 2 2 2
435 60 1 1 1
436 60 1 1 1
437 60 1 1 1
438 60 1 1 1
439 60 3 3 3
440 60 3 3 3
441 60 3 3 3
442 60 3 3 3
443 60 2 2 2
444 60 2 2 2
445 60 2 2 2
446 60 2 2 2
447 60 1 1 1
448 60 1 1 1
449 60 1 1 1
450 60 1 1 1
451 60 1 1 1
452 60 1 1 1
453 60 3 3 3
454 60 3 3 3
455 60 3 3 3
456 60 3 3 3
457 60 4 4 4
458 60 4 4 4
459 60 4 4 4
460 60 4 4 4
461 60 4 4 4
462 60 4 4 4
463 60 4 4 4
464 60 4 4 4
465 60 3 3 3
466 60 3 3 3
467 60 2 2 2
468 60 2 2 2
469 60 1 1 1
470 60 1 1 1
471 60 2 2 2
472 60 2 2 2
473 60 3 3 3
474 60 3 3 3
475 60 3 3 3
476 60 3 3 3
477 60 3 3 3
478 60 3 3 3
479 60 2 2 2
480 60 2 2 2
481 60 2 2 2
482 60 2 2 2
483 60 3 3 3
484 60 3 3 3
485 60 3 3 3
486 60 3 3 3
487 60 3 3 3
488 60 3 3 3
489 60 4 4 4
490 60 4 4 4
491 60 4 4 4
492 60 4 4 4
493 60 4 4 4
494 60 4 4 4
495 60 3 3 3
496 60 3 3 3
497 60 2 2 2
498 60 2 2 2
499 60 2 2 2
500 60 2 2 2
501 60 3 3 3
502 60 3 3 3
503 60 3 3 3
504 60 3 3 3
505 60 3 3 3
506 60 3 3 3
507 60 3 3 3
508 60 3 3 3
509 60 3 3 3
510 60 3 3 3
511 60 4 4 4
512 60 4 4 4
513 60 4 4 4
514 60 4 4 4
515 60 4 4 4
516 60 4 4 4
517 60 4 4 4
518 60 4 4 4
519 60 4 4 4
520 60 4 4 4
521 60 4 4 4
522 60 4 4 4
523 60 4 4 4
524 60 4 4 4
525 60 2 2 2
526 60 2 2 2
527 60 2 2 2
528 60 2 2 2
529 60 3 3 3
530 60 3 3 3
531 60 3 3 3
532 60 3 3 3
533 60 3 3 3
534 60 3 3 3
535 60 3 3 3
536 60 3 3 3
537 60 4 4 4
538 60 4 4 4
539 60 4 4 4
540 60 4 4 4
541 60 4 4 4
542 60 4 4 4
543 60 3 3 3
544 60 3 3 3
545 60 0 0 0
546 60 0 0 0
547 60 1 1 1
548 60 1 1 1
549 60 1 1 1
550 60 1 1 1
551 60 1 1 1
552 60 1 1 1
553 60 0 0 0
554 60 0 0 0
555 60 0 0 0
556 60 0 0 0
557 60 2 2 2
558 60 2 2 2
559 60 2 2 2
560 60 2 2 2
561 60 0 0 0
562 60 0 0 0
563 60 0 0 0
564 60 0 0 0
565 60 0 0 0
566 60 0 0 0
567 60 0 0 0
568 60 0 0 0
569 60 0 0 0
570 60 0 0 0
571 60 0 0 0
572 60 0 0 0
573 60 0 0 0
574 60 0 0 0
575 60 0 0 0
576 60 0 0 0
577 60 0 0 0
578 60 0 0 0
579 60 0 0 0
580 60 0 0 0
581 60 0 0 0
582 60 0 0 0
583 60 0 0 0
584 60 0 0 0
585 60 0 0 0
586 60 0 0 0
587 60 0 0 0
588 60 0 0 0
589 60 0 0 0
590 60 0 0 0
591 60 0 0 0
592 60 0 0 0
593 60 0 0 0
594 60 0 0 0
595 60 0 0 0
596 60 0 0 0
597 60 0 0 0
598 60 0 0 0
599 60 0 0 0
600 60 0 0 0
601 60 0 0 0
602 60 0 0 0
603 60 0 0 0
604 60 0 0 0
605 60 0 0 0
606 60 0 0 0
607 60 0 0 0
608 60 0 0 0
609 60 0 0 0
610 60 0 0 0
611 60 0 0 0
612 60 0 0 0
613 60 0 0 0
614 60 0 0 0
615 60 0 0 0
616 60 0 0 0
617 60 0 0 0
618 60 0 0 0
619 60 0 0 0
620 60 0 0 0
621 60 0 0 0
622 60 0 0 0
623 60 0 0 0
624 60 0 0 0
625 60 0 0 0
626 60 0 0 0
627 60 0 0 0
628 60 0 0 0
629 60 0 0 0
630 60 0 0 0
631 60 0 0 0
632 60 0 0 0
633 60 0 0 0
634 60 0 0 0
635 60 0 0 0
636 60 0 0 0
637 60 0 0 0
638 60 0 0 0
639 60 0 0 0
0 61 0 0 0
1 61 0 0 0
2 61 0 0 0
3 61 0 0 0
4 61 0 0 0
5 61 0 0 0
6 61 0 0 0
7 61 0 0 0
8 61 0 0 0
9 61 0 0 0
10 61 0 0 0
11 61 0 0 0
12 61 0 0 0
13 61 0 0 0
14 61 0 0 0
15 61 0 0 0
16 61 0 0 0
17 61 0 0 0
18 61 0 0 0
19 61 0 0 0
20 61 0 0 0
21 61 0 0 0
22 61 0 0 0
23 61 0 0 0
24 61 0 0 0
25 61 0 0 0
26 61 0 0 0
27 61 0 0 0
28 61 0 0 0
29 61 0 0 0
30 61 0 0 0
31 61 0 0 0
32 61 0 0 0
33 61 0 0 0
34 61 0 0 0
35 61 0 0 0
36 61 0 0 0
37 61 0 0 0
38 61 0 0 0
39 61 0 0 0
40 61 0 0 0
41 61 0 0 0
42 61 0 0 0
43 61 0 0 0
44 61 0 0 0
45 61 0 0 0
46 61 0 0 0
47 61 0 0 0
48 61 0 0 0
49 61 0 0 0
50 61 0 0 0
51 61 0 0 0
52 61 0 0 0
53 61 0 0 0
54 61 0 0 0
55 61 0 0 0
56 61 0 0 0
57 61 0 0 0
58 61 0 0 0
59 61 0 0 0
60 61 0 0 0
61 61 0 0 0
62 61 0 0 0
63 61 0 0 0
64 61 0 0 0
65 61 0 0 0
66 61 0 0 0
67 61 0 0 0
68 61 0 0 0
69 61 0 0 0
70 61 0 0 0
71 61 0 0 0
72 61 0 0 0
73 61 0 0 0
74 61 0 0 0
75 61 0 0 0
76 61 0 0 0
77 61 0 0 0
78 61 0 0 0
79 61 0 0 0
80 61 0 0 0
81 61 0 0 0
82 61 0 0 0
83 61 0 0 0
84 61 0 0 0
85 61 0 0 0
86 61 0 0 0
87 61 0 0 0
88 61 0 0 0
89 61 0 0 0
90 61 0 0 0
91 61 0 0 0
92 61 0 0 0
93 61 0 0 0
94 61 0 0 0
95 61 0 0 0
96 61 0 0 0
97 61 0 0 0
98 61 0 0 0
99 61 0 0 0
100 61 0 0 0
101 61 0 0 0
102 61 0 0 0
103 61 0 0 0
104 61 0 0 0
105 61 0 0 0
106 61 0 0 0
107 61 0 0 0
108 61 0 0 0
109 61 0 0 0
110 61 0 0 0
111 61 0 0 0
112 61 0 0 0
113 61 0 0 0
114 61 0 0 0
115 61 0 0 0
116 61 0 0 0
117 61 0 0 0
118 61 0 0 0
119 61 0 0 0
120 61 0 0 0
121 61 0 0 0
122 61 0 0 0
123 61 0 0 0
124 61 0 0 0
125 61 0 0 0
126 61 0 0 0
127 61 0 0 0
128 61 0 0 0
129 61 0 0 0
130 61 0 0 0
131 61 0 0 0
132 61 0 0 0
133 61 0 0 0
134 61 0 0 0
135 61 0 0 0
136 61 0 0 0
137 61 0 0 0
138 61 0 0 0
139 61 0 0 0
140 61 0 0 0
141 61 0 0 0
142 61 0 0 0
143 61 0 0 0
144 61 0 0 0
145 61 0 0 0
146 61 0 0 0
147 61 0 0 0
148 61 0 0 0
149 61 0 0 0
150 61 0 0 0
151 61 0 0 0
152 61 0 0 0
153 61 0 0 0
154 61 0 0 0
155 61 0 0 0
156 61 0 0 0
157 61 0 0 0
158 61 0 0 0
159 61 0 0 0
160 61 0 0 0
161 61 0 0 0
162 61 0 0 0
163 61 0 0 0
164 61 0 0 0
165 61 0 0 0
166 61 0 0 0
167 61 0 0 0
168 61 0 0 0
169 61 0 0 0
170 61 0 0 0
171 61 0 0 0
172 61 0 0 0
173 61 0 0 0
174 61 0 0 0
175 61 0 0 0
176 61 0 0 0
177 61 0 0 0
178 61 0 0 0
179 61 0 0 0
180 61 0 0 0
181 61 0 0 0
182 61 0 0 0
183 61 0 0 0
184 61 0 0 0
185 61 0 0 0
186 61 0 0 0
187 61 0 0 0
188 61 0 0 0
189 61 0 0 0
190 61 0 0 0
191 61 0 0 0
192 61 0 0 0
193 61 0 0 0
194 61 0 0 0
195 61 0 0 0
196 61 0 0 0
197 61 0 0 0
198 61 0 0 0
199 61 0 0 0
200 61 0 0 0
201 61 0 0 0
202 61 0 0 0
203 61 0 0 0
204 61 0 0 0
205 61 0 0 0
206 61 0 0 0
207 61 0 0 0
208 61 0 0 0
209 61 0 0 0
210 61 0 0 0
211 61 0 0 0
212 61 0 0 0
213 61 0 0 0
214 61 0 0 0
215 61 0 0 0
216 61 0 0 0
217 61 0 0 0
218 61 0 0 0
219 61 0 0 0
220 61 0 0 0
221 61 0 0 0
222 61 0 0 0
223 61 0 0 0
224 61 0 0 0
225 61 0 0 0
226 61 0 0 0
227 61 1 1 1
228 61 1 1 1
229 61 1 1 1
230 61 1 1 1
231 61 0 0 0
232 61 0 0 0
233 61 0 0 0
234 61 0 0 0
235 61 1 1 1
236 61 1 1 1
237 61 2 2 2
238 61 2 2 2
239 61 1 1 1
240 61 1 1 1
241 61 0 0 0
242 61 0 0 0
243 61 0 0 0
244 61 0 0 0
245 61 0 0 0
246 61 0 0 0
247 61 0 0 0
248 61 0 0 0
249 61 1 1 1
250 61 1 1 1
251 61 0 0 0
252 61 0 0 0
253 61 0 0 0
254 61 0 0 0
255 61 0 0 0
256 61 0 0 0
257 61 0 0 0
258 61 0 0 0
259 61 0 0 0
260 61 0 0 0
261 61 0 0 0
262 61 0 0 0
263 61 0 0 0
264 61 0 0 0
265 61 0 0 0
266 61 0 0 0
267 61 0 0 0
268 61 0 0 0
269 61 0 0 0
270 61 0 0 0
271 61 0 0 0
272 61 0 0 0
273 61 0 0 0
274 61 0 0 0
275 61 0 0 0
276 61 0 0 0
277 61 0 0 0
278 61 0 0 0
279 61 0 0 0
280 61 0 0 0
281 61 0 0 0
282 61 0 0 0
283 61 0 0 0
284 61 0 0 0
285 61 0 0 0
286 61 0 0 0
287 61 0 0 0
288 61 0 0 0
289 61 0 0 0
290 61 0 0 0
291 61 2 2 2
292 61 2 2 2
293 61 7 7 7
294 61 7 7 7
295 61 4 4 4
296 61 4 4 4
297 61 5 5 5
298 61 5 5 5
299 61 a a a
300 61 a a a
301 61 a a a
302 61 a a a
303 61 a a a
304 61 a a a
305 61 a a a
306 61 a a a
307 61 a a a
308 61 a a a
309 61 a a a
310 61 a a a
311 61 a a a
312 61 a a a
313 61 a a a
314 61 a a a
315 61 a a a
316 61 a a a
317 61 9 9 9
318 61 9 9 9
319 61 9 9 9
320 61 9 9 9
321 61 9 9 9
322 61 9 9 9
323 61 8 8 8
324 61 8 8 8
325 61 6 6 6
326 61 6 6 6
327 61 6 6 6
328 61 6 6 6
329 61 5 5 5
330 61 5 5 5
331 61 5 5 5
332 61 5 5 5
333 61 5 5 5
334 61 5 5 5
335 61 5 5 5
336 61 5 5 5
337 61 5 5 5
338 61 5 5 5
339 61 4 4 4
340 61 4 4 4
341 61 3 3 3
342 61 3 3 3
343 61 0 0 0
344 61 0 0 0
345 61 0 0 0
346 61 0 0 0
347 61 0 0 0
348 61 0 0 0
349 61 0 0 0
350 61 0 0 0
351 61 0 0 0
352 61 0 0 0
353 61 4 4 4
354 61 4 4 4
355 61 4 4 4
356 61 4 4 4
357 61 4 4 4
358 61 4 4 4
359 61 1 1 1
360 61 1 1 1
361 61 0 0 0
362 61 0 0 0
363 61 0 0 0
364 61 0 0 0
365 61 0 0 0
366 61 0 0 0
367 61 0 0 0
368 61 0 0 0
369 61 0 0 0
370 61 0 0 0
371 61 0 0 0
372 61 0 0 0
373 61 0 0 0
374 61 0 0 0
375 61 0 0 0
376 61 0 0 0
377 61 0 0 0
378 61 0 0 0
379 61 0 0 0
380 61 0 0 0
381 61 0 0 0
382 61 0 0 0
383 61 0 0 0
384 61 0 0 0
385 61 0 0 0
386 61 0 0 0
387 61 0 0 0
388 61 0 0 0
389 61 0 0 0
390 61 0 0 0
391 61 0 0 0
392 61 0 0 0
393 61 0 0 0
394 61 0 0 0
395 61 0 0 0
396 61 0 0 0
397 61 0 0 0
398 61 0 0 0
399 61 0 0 0
400 61 0 0 0
401 61 0 0 0
402 61 0 0 0
403 61 0 0 0
404 61 0 0 0
405 61 2 2 2
406 61 2 2 2
407 61 6 6 6
408 61 6 6 6
409 61 4 4 4
410 61 4 4 4
411 61 4 4 4
412 61 4 4 4
413 61 4 4 4
414 61 4 4 4
415 61 1 1 1
416 61 1 1 1
417 61 1 1 1
418 61 1 1 1
419 61 2 2 2
420 61 2 2 2
421 61 2 2 2
422 61 2 2 2
423 61 1 1 1
424 61 1 1 1
425 61 3 3 3
426 61 3 3 3
427 61 3 3 3
428 61 3 3 3
429 61 2 2 2
430 61 2 2 2
431 61 2 2 2
432 61 2 2 2
433 61 2 2 2
434 61 2 2 2
435 61 1 1 1
436 61 1 1 1
437 61 1 1 1
438 61 1 1 1
439 61 3 3 3
440 61 3 3 3
441 61 3 3 3
442 61 3 3 3
443 61 2 2 2
444 61 2 2 2
445 61 2 2 2
446 61 2 2 2
447 61 1 1 1
448 61 1 1 1
449 61 1 1 1
450 61 1 1 1
451 61 1 1 1
452 61 1 1 1
453 61 3 3 3
454 61 3 3 3
455 61 3 3 3
456 61 3 3 3
457 61 4 4 4
458 61 4 4 4
459 61 4 4 4
460 61 4 4 4
461 61 4 4 4
462 61 4 4 4
463 61 4 4 4
464 61 4 4 4
465 61 3 3 3
466 61 3 3 3
467 61 2 2 2
468 61 2 2 2
469 61 1 1 1
470 61 1 1 1
471 61 2 2 2
472 61 2 2 2
473 61 3 3 3
474 61 3 3 3
475 61 3 3 3
476 61 3 3 3
477 61 3 3 3
478 61 3 3 3
479 61 2 2 2
480 61 2 2 2
481 61 2 2 2
482 61 2 2 2
483 61 3 3 3
484 61 3 3 3
485 61 3 3 3
486 61 3 3 3
487 61 3 3 3
488 61 3 3 3
489 61 4 4 4
490 61 4 4 4
491 61 4 4 4
492 61 4 4 4
493 61 4 4 4
494 61 4 4 4
495 61 3 3 3
496 61 3 3 3
497 61 2 2 2
498 61 2 2 2
499 61 2 2 2
500 61 2 2 2
501 61 3 3 3
502 61 3 3 3
503 61 3 3 3
504 61 3 3 3
505 61 3 3 3
506 61 3 3 3
507 61 3 3 3
508 61 3 3 3
509 61 3 3 3
510 61 3 3 3
511 61 4 4 4
512 61 4 4 4
513 61 4 4 4
514 61 4 4 4
515 61 4 4 4
516 61 4 4 4
517 61 4 4 4
518 61 4 4 4
519 61 4 4 4
520 61 4 4 4
521 61 4 4 4
522 61 4 4 4
523 61 4 4 4
524 61 4 4 4
525 61 2 2 2
526 61 2 2 2
527 61 2 2 2
528 61 2 2 2
529 61 3 3 3
530 61 3 3 3
531 61 3 3 3
532 61 3 3 3
533 61 3 3 3
534 61 3 3 3
535 61 3 3 3
536 61 3 3 3
537 61 4 4 4
538 61 4 4 4
539 61 4 4 4
540 61 4 4 4
541 61 4 4 4
542 61 4 4 4
543 61 3 3 3
544 61 3 3 3
545 61 0 0 0
546 61 0 0 0
547 61 1 1 1
548 61 1 1 1
549 61 1 1 1
550 61 1 1 1
551 61 1 1 1
552 61 1 1 1
553 61 0 0 0
554 61 0 0 0
555 61 0 0 0
556 61 0 0 0
557 61 2 2 2
558 61 2 2 2
559 61 2 2 2
560 61 2 2 2
561 61 0 0 0
562 61 0 0 0
563 61 0 0 0
564 61 0 0 0
565 61 0 0 0
566 61 0 0 0
567 61 0 0 0
568 61 0 0 0
569 61 0 0 0
570 61 0 0 0
571 61 0 0 0
572 61 0 0 0
573 61 0 0 0
574 61 0 0 0
575 61 0 0 0
576 61 0 0 0
577 61 0 0 0
578 61 0 0 0
579 61 0 0 0
580 61 0 0 0
581 61 0 0 0
582 61 0 0 0
583 61 0 0 0
584 61 0 0 0
585 61 0 0 0
586 61 0 0 0
587 61 0 0 0
588 61 0 0 0
589 61 0 0 0
590 61 0 0 0
591 61 0 0 0
592 61 0 0 0
593 61 0 0 0
594 61 0 0 0
595 61 0 0 0
596 61 0 0 0
597 61 0 0 0
598 61 0 0 0
599 61 0 0 0
600 61 0 0 0
601 61 0 0 0
602 61 0 0 0
603 61 0 0 0
604 61 0 0 0
605 61 0 0 0
606 61 0 0 0
607 61 0 0 0
608 61 0 0 0
609 61 0 0 0
610 61 0 0 0
611 61 0 0 0
612 61 0 0 0
613 61 0 0 0
614 61 0 0 0
615 61 0 0 0
616 61 0 0 0
617 61 0 0 0
618 61 0 0 0
619 61 0 0 0
620 61 0 0 0
621 61 0 0 0
622 61 0 0 0
623 61 0 0 0
624 61 0 0 0
625 61 0 0 0
626 61 0 0 0
627 61 0 0 0
628 61 0 0 0
629 61 0 0 0
630 61 0 0 0
631 61 0 0 0
632 61 0 0 0
633 61 0 0 0
634 61 0 0 0
635 61 0 0 0
636 61 0 0 0
637 61 0 0 0
638 61 0 0 0
639 61 0 0 0
0 62 0 0 0
1 62 0 0 0
2 62 0 0 0
3 62 0 0 0
4 62 0 0 0
5 62 0 0 0
6 62 0 0 0
7 62 0 0 0
8 62 0 0 0
9 62 0 0 0
10 62 0 0 0
11 62 0 0 0
12 62 0 0 0
13 62 0 0 0
14 62 0 0 0
15 62 0 0 0
16 62 0 0 0
17 62 0 0 0
18 62 0 0 0
19 62 0 0 0
20 62 0 0 0
21 62 0 0 0
22 62 0 0 0
23 62 0 0 0
24 62 0 0 0
25 62 0 0 0
26 62 0 0 0
27 62 0 0 0
28 62 0 0 0
29 62 0 0 0
30 62 0 0 0
31 62 0 0 0
32 62 0 0 0
33 62 0 0 0
34 62 0 0 0
35 62 0 0 0
36 62 0 0 0
37 62 0 0 0
38 62 0 0 0
39 62 0 0 0
40 62 0 0 0
41 62 0 0 0
42 62 0 0 0
43 62 0 0 0
44 62 0 0 0
45 62 0 0 0
46 62 0 0 0
47 62 0 0 0
48 62 0 0 0
49 62 0 0 0
50 62 0 0 0
51 62 0 0 0
52 62 0 0 0
53 62 0 0 0
54 62 0 0 0
55 62 0 0 0
56 62 0 0 0
57 62 0 0 0
58 62 0 0 0
59 62 0 0 0
60 62 0 0 0
61 62 0 0 0
62 62 0 0 0
63 62 0 0 0
64 62 0 0 0
65 62 0 0 0
66 62 0 0 0
67 62 0 0 0
68 62 0 0 0
69 62 0 0 0
70 62 0 0 0
71 62 0 0 0
72 62 0 0 0
73 62 0 0 0
74 62 0 0 0
75 62 0 0 0
76 62 0 0 0
77 62 0 0 0
78 62 0 0 0
79 62 0 0 0
80 62 0 0 0
81 62 0 0 0
82 62 0 0 0
83 62 0 0 0
84 62 0 0 0
85 62 0 0 0
86 62 0 0 0
87 62 0 0 0
88 62 0 0 0
89 62 0 0 0
90 62 0 0 0
91 62 0 0 0
92 62 0 0 0
93 62 0 0 0
94 62 0 0 0
95 62 0 0 0
96 62 0 0 0
97 62 0 0 0
98 62 0 0 0
99 62 0 0 0
100 62 0 0 0
101 62 0 0 0
102 62 0 0 0
103 62 0 0 0
104 62 0 0 0
105 62 0 0 0
106 62 0 0 0
107 62 0 0 0
108 62 0 0 0
109 62 0 0 0
110 62 0 0 0
111 62 0 0 0
112 62 0 0 0
113 62 0 0 0
114 62 0 0 0
115 62 0 0 0
116 62 0 0 0
117 62 0 0 0
118 62 0 0 0
119 62 0 0 0
120 62 0 0 0
121 62 0 0 0
122 62 0 0 0
123 62 0 0 0
124 62 0 0 0
125 62 0 0 0
126 62 0 0 0
127 62 0 0 0
128 62 0 0 0
129 62 0 0 0
130 62 0 0 0
131 62 0 0 0
132 62 0 0 0
133 62 0 0 0
134 62 0 0 0
135 62 0 0 0
136 62 0 0 0
137 62 0 0 0
138 62 0 0 0
139 62 0 0 0
140 62 0 0 0
141 62 0 0 0
142 62 0 0 0
143 62 0 0 0
144 62 0 0 0
145 62 0 0 0
146 62 0 0 0
147 62 0 0 0
148 62 0 0 0
149 62 0 0 0
150 62 0 0 0
151 62 0 0 0
152 62 0 0 0
153 62 0 0 0
154 62 0 0 0
155 62 0 0 0
156 62 0 0 0
157 62 0 0 0
158 62 0 0 0
159 62 0 0 0
160 62 0 0 0
161 62 0 0 0
162 62 0 0 0
163 62 0 0 0
164 62 0 0 0
165 62 0 0 0
166 62 0 0 0
167 62 0 0 0
168 62 0 0 0
169 62 0 0 0
170 62 0 0 0
171 62 0 0 0
172 62 0 0 0
173 62 0 0 0
174 62 0 0 0
175 62 0 0 0
176 62 0 0 0
177 62 0 0 0
178 62 0 0 0
179 62 0 0 0
180 62 0 0 0
181 62 0 0 0
182 62 0 0 0
183 62 0 0 0
184 62 0 0 0
185 62 0 0 0
186 62 0 0 0
187 62 0 0 0
188 62 0 0 0
189 62 0 0 0
190 62 0 0 0
191 62 0 0 0
192 62 0 0 0
193 62 0 0 0
194 62 0 0 0
195 62 0 0 0
196 62 0 0 0
197 62 0 0 0
198 62 0 0 0
199 62 0 0 0
200 62 0 0 0
201 62 0 0 0
202 62 0 0 0
203 62 0 0 0
204 62 0 0 0
205 62 0 0 0
206 62 0 0 0
207 62 0 0 0
208 62 0 0 0
209 62 0 0 0
210 62 0 0 0
211 62 0 0 0
212 62 0 0 0
213 62 0 0 0
214 62 0 0 0
215 62 0 0 0
216 62 0 0 0
217 62 0 0 0
218 62 0 0 0
219 62 0 0 0
220 62 0 0 0
221 62 0 0 0
222 62 0 0 0
223 62 0 0 0
224 62 0 0 0
225 62 2 2 2
226 62 2 2 2
227 62 2 2 2
228 62 2 2 2
229 62 1 1 1
230 62 1 1 1
231 62 0 0 0
232 62 0 0 0
233 62 0 0 0
234 62 0 0 0
235 62 0 0 0
236 62 0 0 0
237 62 0 0 0
238 62 0 0 0
239 62 2 2 2
240 62 2 2 2
241 62 2 2 2
242 62 2 2 2
243 62 0 0 0
244 62 0 0 0
245 62 0 0 0
246 62 0 0 0
247 62 0 0 0
248 62 0 0 0
249 62 0 0 0
250 62 0 0 0
251 62 0 0 0
252 62 0 0 0
253 62 0 0 0
254 62 0 0 0
255 62 0 0 0
256 62 0 0 0
257 62 0 0 0
258 62 0 0 0
259 62 0 0 0
260 62 0 0 0
261 62 0 0 0
262 62 0 0 0
263 62 0 0 0
264 62 0 0 0
265 62 0 0 0
266 62 0 0 0
267 62 0 0 0
268 62 0 0 0
269 62 0 0 0
270 62 0 0 0
271 62 0 0 0
272 62 0 0 0
273 62 0 0 0
274 62 0 0 0
275 62 0 0 0
276 62 0 0 0
277 62 0 0 0
278 62 0 0 0
279 62 0 0 0
280 62 0 0 0
281 62 0 0 0
282 62 0 0 0
283 62 0 0 0
284 62 0 0 0
285 62 0 0 0
286 62 0 0 0
287 62 0 0 0
288 62 0 0 0
289 62 0 0 0
290 62 0 0 0
291 62 0 0 0
292 62 0 0 0
293 62 6 6 6
294 62 6 6 6
295 62 4 4 4
296 62 4 4 4
297 62 4 4 4
298 62 4 4 4
299 62 a a a
300 62 a a a
301 62 a a a
302 62 a a a
303 62 a a a
304 62 a a a
305 62 a a a
306 62 a a a
307 62 a a a
308 62 a a a
309 62 a a a
310 62 a a a
311 62 a a a
312 62 a a a
313 62 a a a
314 62 a a a
315 62 a a a
316 62 a a a
317 62 9 9 9
318 62 9 9 9
319 62 8 8 8
320 62 8 8 8
321 62 9 9 9
322 62 9 9 9
323 62 8 8 8
324 62 8 8 8
325 62 7 7 7
326 62 7 7 7
327 62 6 6 6
328 62 6 6 6
329 62 6 6 6
330 62 6 6 6
331 62 5 5 5
332 62 5 5 5
333 62 5 5 5
334 62 5 5 5
335 62 5 5 5
336 62 5 5 5
337 62 5 5 5
338 62 5 5 5
339 62 3 3 3
340 62 3 3 3
341 62 4 4 4
342 62 4 4 4
343 62 0 0 0
344 62 0 0 0
345 62 0 0 0
346 62 0 0 0
347 62 0 0 0
348 62 0 0 0
349 62 0 0 0
350 62 0 0 0
351 62 1 1 1
352 62 1 1 1
353 62 5 5 5
354 62 5 5 5
355 62 0 0 0
356 62 0 0 0
357 62 2 2 2
358 62 2 2 2
359 62 5 5 5
360 62 5 5 5
361 62 4 4 4
362 62 4 4 4
363 62 2 2 2
364 62 2 2 2
365 62 0 0 0
366 62 0 0 0
367 62 0 0 0
368 62 0 0 0
369 62 0 0 0
370 62 0 0 0
371 62 0 0 0
372 62 0 0 0
373 62 0 0 0
374 62 0 0 0
375 62 0 0 0
376 62 0 0 0
377 62 0 0 0
378 62 0 0 0
379 62 0 0 0
380 62 0 0 0
381 62 0 0 0
382 62 0 0 0
383 62 0 0 0
384 62 0 0 0
385 62 0 0 0
386 62 0 0 0
387 62 0 0 0
388 62 0 0 0
389 62 0 0 0
390 62 0 0 0
391 62 0 0 0
392 62 0 0 0
393 62 0 0 0
394 62 0 0 0
395 62 0 0 0
396 62 0 0 0
397 62 0 0 0
